,instant,dteday,season,yr,mnth,holiday,weekday,workingday,weathersit,temp,atemp,hum,windspeed,casual,registered,cnt
0,1.0,01-01-2018,spring,0.0,1.0,0.0,6.0,0.0,2.0,14.110847,18.18125,80.5833,10.749882,331.0,654.0,985.0
1,2.0,02-01-2018,spring,0.0,1.0,0.0,0.0,0.0,2.0,14.902598,17.68695,69.6087,16.652113,131.0,670.0,801.0
2,3.0,03-01-2018,spring,0.0,1.0,0.0,1.0,1.0,1.0,8.050924,9.47025,43.7273,16.636703,120.0,1229.0,1349.0
3,4.0,04-01-2018,spring,0.0,1.0,0.0,2.0,1.0,1.0,8.2,10.6061,59.0435,10.739832,108.0,1454.0,1562.0
4,5.0,05-01-2018,spring,0.0,1.0,0.0,3.0,1.0,1.0,9.305237,11.4635,43.6957,12.5223,82.0,1518.0,1600.0
5,6.0,06-01-2018,spring,0.0,1.0,0.0,4.0,1.0,1.0,8.378268,11.66045,51.8261,6.0008684,88.0,1518.0,1606.0
6,7.0,07-01-2018,spring,0.0,1.0,0.0,5.0,1.0,2.0,8.057402,10.44195,49.8696,11.304642,148.0,1362.0,1510.0
7,8.0,08-01-2018,spring,0.0,1.0,0.0,6.0,0.0,2.0,6.765,8.1127,53.5833,17.875868,68.0,891.0,959.0
8,9.0,09-01-2018,spring,0.0,1.0,0.0,0.0,0.0,1.0,5.671653,5.80875,43.4167,24.25065,54.0,768.0,822.0
9,10.0,10-01-2018,spring,0.0,1.0,0.0,1.0,1.0,1.0,6.184153,7.5444,48.2917,14.958889,41.0,1280.0,1321.0
10,11.0,11-01-2018,spring,0.0,1.0,0.0,2.0,1.0,2.0,6.932731,9.5732,68.6364,8.182844,43.0,1220.0,1263.0
11,12.0,12-01-2018,spring,0.0,1.0,0.0,3.0,1.0,1.0,7.081807,8.02365,59.9545,20.410009,25.0,1137.0,1162.0
12,13.0,13-01-2018,spring,0.0,1.0,0.0,4.0,1.0,1.0,6.765,7.54415,47.0417,20.167,38.0,1368.0,1406.0
13,14.0,14-01-2018,spring,0.0,1.0,0.0,5.0,1.0,1.0,6.59567,9.42065,53.7826,8.478716,54.0,1367.0,1421.0
14,15.0,15-01-2018,spring,0.0,1.0,0.0,6.0,0.0,2.0,9.566653,12.4056,49.875,10.583521,222.0,1026.0,1248.0
15,16.0,16-01-2018,spring,0.0,1.0,0.0,0.0,0.0,1.0,9.498347,11.71085,48.375,12.625011,251.0,953.0,1204.0
16,17.0,17-01-2018,spring,0.0,1.0,0.0,1.0,0.0,2.0,7.209153,8.83855,53.75,12.999139,117.0,883.0,1000.0
17,18.0,18-01-2018,spring,0.0,1.0,0.0,2.0,1.0,2.0,8.883347,11.61665,86.1667,9.833925,9.0,674.0,683.0
18,19.0,19-01-2018,spring,0.0,1.0,0.0,3.0,1.0,2.0,11.979134,14.9211,74.1739,13.957239,78.0,1572.0,1650.0
19,20.0,20-01-2018,spring,0.0,1.0,0.0,4.0,1.0,2.0,10.728347,12.7525,53.8333,13.125568,83.0,1844.0,1927.0
20,21.0,21-01-2018,spring,0.0,1.0,0.0,5.0,1.0,1.0,7.2775,7.89165,45.7083,23.667214,75.0,1468.0,1543.0
21,22.0,22-01-2018,spring,0.0,1.0,0.0,6.0,0.0,1.0,2.4243464,3.95348,40.0,11.52199,93.0,888.0,981.0
22,23.0,23-01-2018,spring,0.0,1.0,0.0,0.0,0.0,1.0,3.9573897,4.941955,43.6522,16.5222,150.0,836.0,986.0
23,24.0,24-01-2018,spring,0.0,1.0,0.0,1.0,1.0,1.0,3.9930433,5.8965,49.1739,10.60811,86.0,1330.0,1416.0
24,25.0,25-01-2018,spring,0.0,1.0,0.0,2.0,1.0,2.0,9.162598,11.7263,61.6957,8.696332,186.0,1799.0,1985.0
25,26.0,26-01-2018,spring,0.0,1.0,0.0,3.0,1.0,3.0,8.9175,10.18,86.25,19.68795,34.0,472.0,506.0
26,27.0,27-01-2018,spring,0.0,1.0,0.0,4.0,1.0,1.0,7.995,10.985,68.75,7.627079,15.0,416.0,431.0
27,28.0,28-01-2018,spring,0.0,1.0,0.0,5.0,1.0,2.0,8.342598,11.16585,79.3043,8.2611,38.0,1129.0,1167.0
28,29.0,29-01-2018,spring,0.0,1.0,0.0,6.0,0.0,1.0,8.057402,10.6063,65.1739,9.739455,123.0,975.0,1098.0
29,30.0,30-01-2018,spring,0.0,1.0,0.0,0.0,0.0,1.0,8.877402,12.5161,72.2174,4.9568342,140.0,956.0,1096.0
30,31.0,31-01-2018,spring,0.0,1.0,0.0,1.0,1.0,2.0,7.414153,9.3125,60.375,12.541864,42.0,1459.0,1501.0
31,32.0,01-02-2018,spring,0.0,2.0,0.0,2.0,1.0,2.0,7.879134,11.7265,82.9565,3.565271,47.0,1313.0,1360.0
32,33.0,02-02-2018,spring,0.0,2.0,0.0,3.0,1.0,2.0,10.66,12.72085,77.5417,17.708636,72.0,1454.0,1526.0
33,34.0,03-02-2018,spring,0.0,2.0,0.0,4.0,1.0,1.0,7.665237,8.8939,43.7826,18.609384,61.0,1489.0,1550.0
34,35.0,04-02-2018,spring,0.0,2.0,0.0,5.0,1.0,2.0,8.663464,11.42935,58.5217,8.565213,88.0,1620.0,1708.0
35,36.0,05-02-2018,spring,0.0,2.0,0.0,6.0,0.0,2.0,9.566653,12.1529,92.9167,10.792293,100.0,905.0,1005.0
36,37.0,06-02-2018,spring,0.0,2.0,0.0,0.0,0.0,1.0,11.719153,14.58355,56.8333,9.5006,354.0,1269.0,1623.0
37,38.0,07-02-2018,spring,0.0,2.0,0.0,1.0,1.0,1.0,11.138347,15.1829,73.8333,3.0423561,120.0,1592.0,1712.0
38,39.0,08-02-2018,spring,0.0,2.0,0.0,2.0,1.0,1.0,9.054153,9.9123,53.7917,24.25065,64.0,1466.0,1530.0
39,40.0,09-02-2018,spring,0.0,2.0,0.0,3.0,1.0,2.0,5.526103,7.21415,49.4783,12.652213,53.0,1552.0,1605.0
40,41.0,10-02-2018,spring,0.0,2.0,0.0,4.0,1.0,1.0,5.918268,7.4774,43.7391,14.869645,47.0,1491.0,1538.0
41,42.0,11-02-2018,spring,0.0,2.0,0.0,5.0,1.0,1.0,7.752731,10.67545,50.6364,7.27285,149.0,1597.0,1746.0
42,43.0,12-02-2018,spring,0.0,2.0,0.0,6.0,0.0,1.0,9.1225,11.6477,54.4167,13.625589,288.0,1184.0,1472.0
43,44.0,13-02-2018,spring,0.0,2.0,0.0,0.0,0.0,1.0,12.977402,16.20565,45.7391,17.479161,397.0,1192.0,1589.0
44,45.0,14-02-2018,spring,0.0,2.0,0.0,1.0,1.0,1.0,17.015,19.9175,37.5833,12.125057,208.0,1705.0,1913.0
45,46.0,15-02-2018,spring,0.0,2.0,0.0,2.0,1.0,1.0,10.909567,12.7137,31.4348,19.522058,140.0,1675.0,1815.0
46,47.0,16-02-2018,spring,0.0,2.0,0.0,3.0,1.0,1.0,13.048701,15.81,42.3478,16.869997,218.0,1897.0,2115.0
47,48.0,17-02-2018,spring,0.0,2.0,0.0,4.0,1.0,1.0,17.869153,21.4329,50.5,15.416968,259.0,2216.0,2475.0
48,49.0,18-02-2018,spring,0.0,2.0,0.0,5.0,1.0,1.0,21.388347,25.59915,51.6667,17.749975,579.0,2348.0,2927.0
49,50.0,19-02-2018,spring,0.0,2.0,0.0,6.0,0.0,1.0,16.365847,19.5702,62.625,12.125057,532.0,1103.0,1635.0
50,51.0,20-02-2018,spring,0.0,2.0,0.0,0.0,0.0,1.0,11.693897,13.8665,40.7826,14.956745,639.0,1173.0,1812.0
51,52.0,21-02-2018,spring,0.0,2.0,0.0,1.0,0.0,2.0,12.436653,14.20375,60.5,20.625682,195.0,912.0,1107.0
52,53.0,22-02-2018,spring,0.0,2.0,0.0,2.0,1.0,1.0,7.471102,9.30165,57.7778,13.110761,74.0,1376.0,1450.0
53,54.0,23-02-2018,spring,0.0,2.0,0.0,3.0,1.0,1.0,9.091299,12.28585,42.3043,6.305571,139.0,1778.0,1917.0
54,55.0,24-02-2018,spring,0.0,2.0,0.0,4.0,1.0,2.0,12.121732,14.45955,69.7391,16.783232,100.0,1707.0,1807.0
55,56.0,25-02-2018,spring,0.0,2.0,0.0,5.0,1.0,2.0,14.938268,17.52305,71.2174,23.218113,120.0,1341.0,1461.0
56,57.0,26-02-2018,spring,0.0,2.0,0.0,6.0,0.0,1.0,11.5825,14.1096,53.7917,12.500257,424.0,1545.0,1969.0
57,58.0,27-02-2018,spring,0.0,2.0,0.0,0.0,0.0,1.0,14.082598,17.55545,68.0,8.391616,694.0,1708.0,2402.0
58,59.0,28-02-2018,spring,0.0,2.0,0.0,1.0,1.0,2.0,16.698193,20.0059,87.6364,19.408962,81.0,1365.0,1446.0
59,60.0,01-03-2018,spring,0.0,3.0,0.0,2.0,1.0,1.0,10.933347,13.19395,53.5,14.500475,137.0,1714.0,1851.0
60,61.0,02-03-2018,spring,0.0,3.0,0.0,3.0,1.0,1.0,13.735,16.00355,44.9583,20.624811,231.0,1903.0,2134.0
61,62.0,03-03-2018,spring,0.0,3.0,0.0,4.0,1.0,1.0,8.131653,10.00665,31.8333,15.125518,123.0,1562.0,1685.0
62,63.0,04-03-2018,spring,0.0,3.0,0.0,5.0,1.0,2.0,10.728347,12.78395,61.0417,13.624182,214.0,1730.0,1944.0
63,64.0,05-03-2018,spring,0.0,3.0,0.0,6.0,0.0,2.0,15.750847,18.93895,78.9167,16.875357,640.0,1437.0,2077.0
64,65.0,06-03-2018,spring,0.0,3.0,0.0,0.0,0.0,2.0,15.437402,18.3126,94.8261,23.000229,114.0,491.0,605.0
65,66.0,07-03-2018,spring,0.0,3.0,0.0,1.0,1.0,1.0,10.731299,11.92305,55.1304,22.870584,244.0,1628.0,1872.0
66,67.0,08-03-2018,spring,0.0,3.0,0.0,2.0,1.0,1.0,11.9925,15.12,42.0833,8.08355,316.0,1817.0,2133.0
67,68.0,09-03-2018,spring,0.0,3.0,0.0,3.0,1.0,2.0,12.129153,14.3304,77.5417,14.75005,191.0,1700.0,1891.0
68,69.0,10-03-2018,spring,0.0,3.0,0.0,4.0,1.0,3.0,15.952731,19.2834,62.625,17.545759,46.0,577.0,623.0
69,70.0,11-03-2018,spring,0.0,3.0,0.0,5.0,1.0,2.0,12.977402,15.25,64.9565,15.60899,247.0,1730.0,1977.0
70,71.0,12-03-2018,spring,0.0,3.0,0.0,6.0,0.0,1.0,13.495847,16.2875,59.4583,14.791925,724.0,1408.0,2132.0
71,72.0,13-03-2018,spring,0.0,3.0,0.0,0.0,0.0,1.0,15.758268,19.00455,52.7391,18.130468,982.0,1435.0,2417.0
72,73.0,14-03-2018,spring,0.0,3.0,0.0,1.0,1.0,1.0,13.333897,16.6,49.6957,9.174042,359.0,1687.0,2046.0
73,74.0,15-03-2018,spring,0.0,3.0,0.0,2.0,1.0,2.0,13.013031,15.9089,65.5652,12.348703,289.0,1767.0,2056.0
74,75.0,16-03-2018,spring,0.0,3.0,0.0,3.0,1.0,2.0,14.973897,18.3465,77.6522,13.608839,321.0,1871.0,2192.0
75,76.0,17-03-2018,spring,0.0,3.0,0.0,4.0,1.0,1.0,17.015,20.51665,60.2917,14.041793,424.0,2320.0,2744.0
76,77.0,18-03-2018,spring,0.0,3.0,0.0,5.0,1.0,1.0,22.14,26.35045,52.5217,15.478139,884.0,2355.0,3239.0
77,78.0,19-03-2018,spring,0.0,3.0,0.0,6.0,0.0,1.0,19.3725,23.32625,37.9167,24.667189,1424.0,1693.0,3117.0
78,79.0,20-03-2018,spring,0.0,3.0,0.0,0.0,0.0,1.0,13.6325,16.2875,47.375,13.917307,1047.0,1424.0,2471.0
79,80.0,21-03-2018,summer,0.0,3.0,0.0,1.0,1.0,2.0,17.647835,20.48675,73.7391,19.348461,401.0,1676.0,2077.0
80,81.0,22-03-2018,summer,0.0,3.0,0.0,2.0,1.0,1.0,18.108347,22.0321,62.4583,15.12525,460.0,2243.0,2703.0
81,82.0,23-03-2018,summer,0.0,3.0,0.0,3.0,1.0,2.0,14.225237,16.89695,83.9565,15.695487,203.0,1918.0,2121.0
82,83.0,24-03-2018,summer,0.0,3.0,0.0,4.0,1.0,2.0,11.685,13.54165,80.5833,16.333729,166.0,1699.0,1865.0
83,84.0,25-03-2018,summer,0.0,3.0,0.0,5.0,1.0,1.0,10.830847,12.8156,49.5,15.458575,300.0,1910.0,2210.0
84,85.0,26-03-2018,summer,0.0,3.0,0.0,6.0,0.0,1.0,10.899153,12.87855,39.4167,14.041257,981.0,1515.0,2496.0
85,86.0,27-03-2018,summer,0.0,3.0,0.0,0.0,0.0,2.0,10.374763,12.51695,49.3913,12.3481,472.0,1221.0,1693.0
86,87.0,28-03-2018,summer,0.0,3.0,0.0,1.0,1.0,1.0,10.838268,12.8787,30.2174,14.217668,222.0,1806.0,2028.0
87,88.0,29-03-2018,summer,0.0,3.0,0.0,2.0,1.0,1.0,12.4025,14.6454,31.4167,15.208732,317.0,2108.0,2425.0
88,89.0,30-03-2018,summer,0.0,3.0,0.0,3.0,1.0,2.0,12.3,14.8675,64.6667,11.583496,168.0,1368.0,1536.0
89,90.0,31-03-2018,summer,0.0,3.0,0.0,4.0,1.0,3.0,11.001653,12.87875,91.8333,14.582282,179.0,1506.0,1685.0
90,91.0,01-04-2018,summer,0.0,4.0,0.0,5.0,1.0,2.0,12.3,14.1727,68.625,17.333436,307.0,1920.0,2227.0
91,92.0,02-04-2018,summer,0.0,4.0,0.0,6.0,0.0,2.0,12.915,15.78185,65.375,13.208782,898.0,1354.0,2252.0
92,93.0,03-04-2018,summer,0.0,4.0,0.0,0.0,0.0,1.0,15.511653,18.93835,48.0,12.208271,1651.0,1598.0,3249.0
93,94.0,04-04-2018,summer,0.0,4.0,0.0,1.0,1.0,1.0,23.506653,27.14645,42.625,12.125057,734.0,2381.0,3115.0
94,95.0,05-04-2018,summer,0.0,4.0,0.0,2.0,1.0,2.0,16.980847,19.9175,64.2083,12.125057,167.0,1628.0,1795.0
95,96.0,06-04-2018,summer,0.0,4.0,0.0,3.0,1.0,1.0,16.024153,19.3804,47.0833,17.625221,413.0,2395.0,2808.0
96,97.0,07-04-2018,summer,0.0,4.0,0.0,4.0,1.0,1.0,17.9375,21.6848,60.2917,10.874904,571.0,2570.0,3141.0
97,98.0,08-04-2018,summer,0.0,4.0,0.0,5.0,1.0,2.0,13.769153,16.22395,83.625,15.208464,172.0,1299.0,1471.0
98,99.0,09-04-2018,summer,0.0,4.0,0.0,6.0,0.0,2.0,14.0425,17.07645,87.75,8.916561,879.0,1576.0,2455.0
99,100.0,10-04-2018,summer,0.0,4.0,0.0,0.0,0.0,2.0,17.493347,21.33685,85.75,9.833389,1188.0,1707.0,2895.0
100,101.0,11-04-2018,summer,0.0,4.0,0.0,1.0,1.0,2.0,24.421732,28.26085,71.6956,21.739758,855.0,2493.0,3348.0
101,102.0,12-04-2018,summer,0.0,4.0,0.0,2.0,1.0,2.0,20.6025,24.6527,73.9167,18.416893,257.0,1777.0,2034.0
102,103.0,13-04-2018,summer,0.0,4.0,0.0,3.0,1.0,2.0,16.9125,20.86415,81.9167,16.791339,209.0,1953.0,2162.0
103,104.0,14-04-2018,summer,0.0,4.0,0.0,4.0,1.0,1.0,19.1675,23.1371,54.0417,7.4169,529.0,2738.0,3267.0
104,105.0,15-04-2018,summer,0.0,4.0,0.0,5.0,0.0,1.0,18.313347,22.09565,67.125,15.167125,642.0,2484.0,3126.0
105,106.0,16-04-2018,summer,0.0,4.0,0.0,6.0,0.0,3.0,17.664153,21.2746,88.8333,22.834136,121.0,674.0,795.0
106,107.0,17-04-2018,summer,0.0,4.0,0.0,0.0,0.0,1.0,18.723347,22.2848,47.9583,20.334232,1558.0,2186.0,3744.0
107,108.0,18-04-2018,summer,0.0,4.0,0.0,1.0,1.0,1.0,21.0125,25.1573,54.25,10.958989,669.0,2760.0,3429.0
108,109.0,19-04-2018,summer,0.0,4.0,0.0,2.0,1.0,2.0,20.739153,24.4629,66.5833,10.584057,409.0,2795.0,3204.0
109,110.0,20-04-2018,summer,0.0,4.0,0.0,3.0,1.0,1.0,24.395,28.2196,61.4167,16.208975,613.0,3331.0,3944.0
110,111.0,21-04-2018,summer,0.0,4.0,0.0,4.0,1.0,1.0,18.825847,22.6946,40.7083,21.792286,745.0,3444.0,4189.0
111,112.0,22-04-2018,summer,0.0,4.0,0.0,5.0,1.0,2.0,13.803347,16.0977,72.9583,14.707907,177.0,1506.0,1683.0
112,113.0,23-04-2018,summer,0.0,4.0,0.0,6.0,0.0,2.0,18.86,22.50605,88.7917,15.458575,1462.0,2574.0,4036.0
113,114.0,24-04-2018,summer,0.0,4.0,0.0,0.0,0.0,2.0,23.848347,27.58815,81.0833,12.875725,1710.0,2481.0,4191.0
114,115.0,25-04-2018,summer,0.0,4.0,0.0,1.0,1.0,1.0,24.873347,28.725,77.6667,12.417311,773.0,3300.0,4073.0
115,116.0,26-04-2018,summer,0.0,4.0,0.0,2.0,1.0,1.0,25.898347,29.70415,72.9167,21.8755,678.0,3722.0,4400.0
116,117.0,27-04-2018,summer,0.0,4.0,0.0,3.0,1.0,2.0,25.42,28.7571,83.5417,20.9174,547.0,3325.0,3872.0
117,118.0,28-04-2018,summer,0.0,4.0,0.0,4.0,1.0,2.0,25.3175,28.94645,70.0833,21.500836,569.0,3489.0,4058.0
118,119.0,29-04-2018,summer,0.0,4.0,0.0,5.0,1.0,1.0,20.91,24.87315,45.7083,16.084221,878.0,3717.0,4595.0
119,120.0,30-04-2018,summer,0.0,4.0,0.0,6.0,0.0,1.0,19.3725,23.20105,50.3333,15.750025,1965.0,3347.0,5312.0
120,121.0,01-05-2018,summer,0.0,5.0,0.0,0.0,0.0,2.0,18.518347,22.4102,76.2083,7.125718,1138.0,2213.0,3351.0
121,122.0,02-05-2018,summer,0.0,5.0,0.0,1.0,1.0,2.0,22.515847,26.64165,73.0,12.291418,847.0,3554.0,4401.0
122,123.0,03-05-2018,summer,0.0,5.0,0.0,2.0,1.0,2.0,25.283347,29.10395,69.7083,22.958689,603.0,3848.0,4451.0
123,124.0,04-05-2018,summer,0.0,5.0,0.0,3.0,1.0,2.0,16.980847,20.2325,73.7083,22.042732,255.0,2378.0,2633.0
124,125.0,05-05-2018,summer,0.0,5.0,0.0,4.0,1.0,1.0,18.825847,22.09585,44.4167,19.791264,614.0,3819.0,4433.0
125,126.0,06-05-2018,summer,0.0,5.0,0.0,5.0,1.0,1.0,19.645847,23.70585,59.0,15.292482,894.0,3714.0,4608.0
126,127.0,07-05-2018,summer,0.0,5.0,0.0,6.0,0.0,1.0,21.32,25.63105,54.125,10.75015,1612.0,3102.0,4714.0
127,128.0,08-05-2018,summer,0.0,5.0,0.0,0.0,0.0,1.0,21.661653,25.94665,63.1667,5.0007125,1401.0,2932.0,4333.0
128,129.0,09-05-2018,summer,0.0,5.0,0.0,1.0,1.0,1.0,21.8325,26.2623,58.875,11.792,664.0,3698.0,4362.0
129,130.0,10-05-2018,summer,0.0,5.0,0.0,2.0,1.0,1.0,21.8325,26.13605,48.9167,7.749957,694.0,4109.0,4803.0
130,131.0,11-05-2018,summer,0.0,5.0,0.0,3.0,1.0,1.0,22.2425,26.42,63.2917,8.083014,550.0,3632.0,4182.0
131,132.0,12-05-2018,summer,0.0,5.0,0.0,4.0,1.0,1.0,21.935,26.16815,74.75,12.707689,695.0,4169.0,4864.0
132,133.0,13-05-2018,summer,0.0,5.0,0.0,5.0,1.0,2.0,21.0125,24.715,86.3333,12.041575,692.0,3413.0,4105.0
133,134.0,14-05-2018,summer,0.0,5.0,0.0,6.0,0.0,2.0,21.354153,25.03145,92.25,9.04165,902.0,2507.0,3409.0
134,135.0,15-05-2018,summer,0.0,5.0,0.0,0.0,0.0,2.0,23.0625,26.8,86.7083,10.249593,1582.0,2971.0,4553.0
135,136.0,16-05-2018,summer,0.0,5.0,0.0,1.0,1.0,1.0,23.6775,27.5256,78.7917,8.500357,773.0,3185.0,3958.0
136,137.0,17-05-2018,summer,0.0,5.0,0.0,2.0,1.0,2.0,23.028347,26.92645,83.7917,18.582718,678.0,3445.0,4123.0
137,138.0,18-05-2018,summer,0.0,5.0,0.0,3.0,1.0,2.0,22.55,26.3579,87.0,13.499964,536.0,3319.0,3855.0
138,139.0,19-05-2018,summer,0.0,5.0,0.0,4.0,1.0,2.0,21.764153,25.5371,82.9583,7.250271,735.0,3840.0,4575.0
139,140.0,20-05-2018,summer,0.0,5.0,0.0,5.0,1.0,1.0,22.003347,26.4521,71.9583,8.375871,909.0,4008.0,4917.0
140,141.0,21-05-2018,summer,0.0,5.0,0.0,6.0,0.0,1.0,24.7025,28.59875,62.6667,8.08355,2258.0,3547.0,5805.0
141,142.0,22-05-2018,summer,0.0,5.0,0.0,0.0,0.0,1.0,24.770847,28.725,74.9583,9.916536,1576.0,3084.0,4660.0
142,143.0,23-05-2018,summer,0.0,5.0,0.0,1.0,1.0,2.0,25.898347,29.5148,81.0,15.667414,836.0,3438.0,4274.0
143,144.0,24-05-2018,summer,0.0,5.0,0.0,2.0,1.0,2.0,27.06,30.24065,74.0833,13.875164,659.0,3833.0,4492.0
144,145.0,25-05-2018,summer,0.0,5.0,0.0,3.0,1.0,1.0,27.094153,30.7771,69.625,10.333611,740.0,4238.0,4978.0
145,146.0,26-05-2018,summer,0.0,5.0,0.0,4.0,1.0,1.0,29.041653,32.7344,67.75,13.376014,758.0,3919.0,4677.0
146,147.0,27-05-2018,summer,0.0,5.0,0.0,5.0,1.0,1.0,27.948347,31.8504,65.375,16.125493,871.0,3808.0,4679.0
147,148.0,28-05-2018,summer,0.0,5.0,0.0,6.0,0.0,1.0,26.889153,30.61895,72.9583,15.416164,2001.0,2757.0,4758.0
149,150.0,30-05-2018,summer,0.0,5.0,0.0,1.0,0.0,1.0,30.066653,33.5546,68.5,8.792075,1549.0,2549.0,4098.0
150,151.0,31-05-2018,summer,0.0,5.0,0.0,2.0,1.0,1.0,31.775,36.26915,63.6667,7.459043,673.0,3309.0,3982.0
151,152.0,01-06-2018,summer,0.0,6.0,0.0,3.0,1.0,2.0,31.330847,36.04835,67.7083,13.875164,513.0,3461.0,3974.0
152,153.0,02-06-2018,summer,0.0,6.0,0.0,4.0,1.0,1.0,29.315,32.1971,30.5,19.583229,736.0,4232.0,4968.0
153,154.0,03-06-2018,summer,0.0,6.0,0.0,5.0,1.0,1.0,25.42,29.35665,35.4167,16.959107,898.0,4414.0,5312.0
154,155.0,04-06-2018,summer,0.0,6.0,0.0,6.0,0.0,1.0,26.035,29.7348,45.625,8.250514,1869.0,3473.0,5342.0
155,156.0,05-06-2018,summer,0.0,6.0,0.0,0.0,0.0,2.0,26.581653,30.8402,65.25,9.292364,1685.0,3221.0,4906.0
156,157.0,06-06-2018,summer,0.0,6.0,0.0,1.0,1.0,1.0,27.811653,31.0929,60.0,8.167032,673.0,3875.0,4548.0
157,158.0,07-06-2018,summer,0.0,6.0,0.0,2.0,1.0,1.0,29.0075,32.7975,59.7917,12.583136,763.0,4070.0,4833.0
158,159.0,08-06-2018,summer,0.0,6.0,0.0,3.0,1.0,1.0,31.809153,36.36395,62.2083,9.166739,676.0,3725.0,4401.0
159,160.0,09-06-2018,summer,0.0,6.0,0.0,4.0,1.0,2.0,33.141653,37.87895,56.8333,10.042161,563.0,3352.0,3915.0
160,161.0,10-06-2018,summer,0.0,6.0,0.0,5.0,1.0,1.0,30.955,35.1646,60.5,9.417118,815.0,3771.0,4586.0
161,162.0,11-06-2018,summer,0.0,6.0,0.0,6.0,0.0,1.0,29.725,33.9019,65.4583,10.37495,1729.0,3237.0,4966.0
162,163.0,12-06-2018,summer,0.0,6.0,0.0,0.0,0.0,1.0,28.3925,32.16625,74.7917,10.958989,1467.0,2993.0,4460.0
163,164.0,13-06-2018,summer,0.0,6.0,0.0,1.0,1.0,1.0,26.035,30.0827,49.4583,20.45845,863.0,4157.0,5020.0
164,165.0,14-06-2018,summer,0.0,6.0,0.0,2.0,1.0,1.0,24.770847,29.5773,50.7083,18.041961,727.0,4164.0,4891.0
165,166.0,15-06-2018,summer,0.0,6.0,0.0,3.0,1.0,1.0,25.693347,29.3877,47.1667,11.250104,769.0,4411.0,5180.0
166,167.0,16-06-2018,summer,0.0,6.0,0.0,4.0,1.0,2.0,25.761653,29.7673,68.8333,13.833557,545.0,3222.0,3767.0
167,168.0,17-06-2018,summer,0.0,6.0,0.0,5.0,1.0,1.0,26.615847,30.01915,73.5833,9.582943,863.0,3981.0,4844.0
168,169.0,18-06-2018,summer,0.0,6.0,0.0,6.0,0.0,1.0,28.563347,32.1977,67.0417,8.000336,1807.0,3312.0,5119.0
169,170.0,19-06-2018,summer,0.0,6.0,0.0,0.0,0.0,2.0,28.665847,32.2923,66.6667,6.834,1639.0,3105.0,4744.0
170,171.0,20-06-2018,summer,0.0,6.0,0.0,1.0,1.0,2.0,26.035,29.7673,74.625,10.416825,699.0,3311.0,4010.0
171,172.0,21-06-2018,autumn,0.0,6.0,0.0,2.0,1.0,2.0,27.914153,31.8823,77.0417,11.458675,774.0,4061.0,4835.0
172,173.0,22-06-2018,autumn,0.0,6.0,0.0,3.0,1.0,1.0,30.066653,34.69145,70.75,11.541554,661.0,3846.0,4507.0
173,174.0,23-06-2018,autumn,0.0,6.0,0.0,4.0,1.0,2.0,29.861653,34.69165,70.3333,15.999868,746.0,4044.0,4790.0
174,175.0,24-06-2018,autumn,0.0,6.0,0.0,5.0,1.0,1.0,29.690847,32.82915,57.3333,14.875675,969.0,4022.0,4991.0
175,176.0,25-06-2018,autumn,0.0,6.0,0.0,6.0,0.0,1.0,28.495,32.16565,48.3333,14.041257,1782.0,3420.0,5202.0
176,177.0,26-06-2018,autumn,0.0,6.0,0.0,0.0,0.0,1.0,27.88,31.88145,51.3333,6.3337311,1920.0,3385.0,5305.0
177,178.0,27-06-2018,autumn,0.0,6.0,0.0,1.0,1.0,2.0,27.9825,31.8502,65.8333,7.208396,854.0,3854.0,4708.0
178,179.0,28-06-2018,autumn,0.0,6.0,0.0,2.0,1.0,1.0,30.510847,34.6279,63.4167,9.666961,732.0,3916.0,4648.0
179,180.0,29-06-2018,autumn,0.0,6.0,0.0,3.0,1.0,1.0,29.861653,32.7344,49.7917,17.542007,848.0,4377.0,5225.0
180,181.0,30-06-2018,autumn,0.0,6.0,0.0,4.0,1.0,1.0,28.563347,31.8504,43.4167,12.415904,1027.0,4488.0,5515.0
181,182.0,01-07-2018,autumn,0.0,7.0,0.0,5.0,1.0,1.0,29.6225,32.6081,39.625,6.874736,1246.0,4116.0,5362.0
182,183.0,02-07-2018,autumn,0.0,7.0,0.0,6.0,0.0,1.0,30.271653,33.3654,44.4583,7.709154,2204.0,2915.0,5119.0
185,186.0,05-07-2018,autumn,0.0,7.0,0.0,2.0,1.0,1.0,30.613347,34.8169,59.0417,8.459286,1031.0,3634.0,4665.0
186,187.0,06-07-2018,autumn,0.0,7.0,0.0,3.0,1.0,1.0,29.52,34.28165,74.3333,10.042161,784.0,3845.0,4629.0
187,188.0,07-07-2018,autumn,0.0,7.0,0.0,4.0,1.0,1.0,30.75,34.34355,65.125,10.6664,754.0,3838.0,4592.0
188,189.0,08-07-2018,autumn,0.0,7.0,0.0,5.0,1.0,2.0,29.075847,33.52415,75.7917,15.083643,692.0,3348.0,4040.0
189,190.0,09-07-2018,autumn,0.0,7.0,0.0,6.0,0.0,1.0,30.066653,33.2079,60.9167,11.250104,1988.0,3348.0,5336.0
190,191.0,10-07-2018,autumn,0.0,7.0,0.0,0.0,0.0,1.0,30.6475,34.50125,57.8333,12.292557,1743.0,3138.0,4881.0
191,192.0,11-07-2018,autumn,0.0,7.0,0.0,1.0,1.0,1.0,31.2625,36.4902,63.5833,18.916579,723.0,3363.0,4086.0
192,193.0,12-07-2018,autumn,0.0,7.0,0.0,2.0,1.0,1.0,32.560847,36.96375,55.9167,13.417018,662.0,3596.0,4258.0
193,194.0,13-07-2018,autumn,0.0,7.0,0.0,3.0,1.0,1.0,30.613347,34.4702,63.1667,9.790911,748.0,3594.0,4342.0
194,195.0,14-07-2018,autumn,0.0,7.0,0.0,4.0,1.0,1.0,27.914153,31.7552,47.625,16.124689,888.0,4196.0,5084.0
195,196.0,15-07-2018,autumn,0.0,7.0,0.0,5.0,1.0,1.0,27.196653,31.21855,59.125,12.249811,1318.0,4220.0,5538.0
197,198.0,17-07-2018,autumn,0.0,7.0,0.0,0.0,0.0,1.0,29.485847,33.49165,60.4167,16.417211,2006.0,3296.0,5302.0
198,199.0,18-07-2018,autumn,0.0,7.0,0.0,1.0,1.0,1.0,30.613347,35.19625,65.125,14.458868,841.0,3617.0,4458.0
199,200.0,19-07-2018,autumn,0.0,7.0,0.0,2.0,1.0,1.0,31.843347,37.37395,65.0417,8.7502,752.0,3789.0,4541.0
200,201.0,20-07-2018,autumn,0.0,7.0,0.0,3.0,1.0,1.0,31.501653,37.3425,70.7083,7.625739,644.0,3688.0,4332.0
201,202.0,21-07-2018,autumn,0.0,7.0,0.0,4.0,1.0,2.0,33.415,41.31855,69.125,14.875407,632.0,3152.0,3784.0
202,203.0,22-07-2018,autumn,0.0,7.0,0.0,5.0,1.0,1.0,34.781653,42.0448,58.0417,8.9177,562.0,2825.0,3387.0
203,204.0,23-07-2018,autumn,0.0,7.0,0.0,6.0,0.0,1.0,34.815847,40.21435,50.0,8.791807,987.0,2298.0,3285.0
204,205.0,24-07-2018,autumn,0.0,7.0,0.0,0.0,0.0,1.0,34.03,39.74145,55.0833,11.334457,1050.0,2556.0,3606.0
205,206.0,25-07-2018,autumn,0.0,7.0,0.0,1.0,1.0,1.0,30.476653,36.0479,75.7083,6.0841561,568.0,3272.0,3840.0
206,207.0,26-07-2018,autumn,0.0,7.0,0.0,2.0,1.0,1.0,31.638347,34.84895,54.0833,13.417286,750.0,3840.0,4590.0
207,208.0,27-07-2018,autumn,0.0,7.0,0.0,3.0,1.0,1.0,31.775,34.53335,40.2917,12.292021,755.0,3901.0,4656.0
208,209.0,28-07-2018,autumn,0.0,7.0,0.0,4.0,1.0,1.0,31.945847,36.995,58.3333,11.958093,606.0,3784.0,4390.0
209,210.0,29-07-2018,autumn,0.0,7.0,0.0,5.0,1.0,1.0,34.371653,39.29835,54.25,11.667246,670.0,3176.0,3846.0
210,211.0,30-07-2018,autumn,0.0,7.0,0.0,6.0,0.0,1.0,32.970847,36.42685,46.5833,11.291979,1559.0,2916.0,4475.0
211,212.0,31-07-2018,autumn,0.0,7.0,0.0,0.0,0.0,1.0,33.039153,36.4898,48.0833,11.042471,1524.0,2778.0,4302.0
212,213.0,01-08-2018,autumn,0.0,8.0,0.0,1.0,1.0,1.0,31.638347,35.1646,55.0833,10.500039,729.0,3537.0,4266.0
213,214.0,02-08-2018,autumn,0.0,8.0,0.0,2.0,1.0,1.0,32.116653,35.35355,49.125,13.79195,801.0,4044.0,4845.0
214,215.0,03-08-2018,autumn,0.0,8.0,0.0,3.0,1.0,2.0,29.998347,33.99685,65.75,9.084061,467.0,3107.0,3574.0
215,216.0,04-08-2018,autumn,0.0,8.0,0.0,4.0,1.0,2.0,29.11,33.2394,75.75,13.20905,799.0,3777.0,4576.0
216,217.0,05-08-2018,autumn,0.0,8.0,0.0,5.0,1.0,1.0,29.144153,32.82835,63.0833,12.374632,1023.0,3843.0,4866.0
217,218.0,06-08-2018,autumn,0.0,8.0,0.0,6.0,0.0,2.0,29.383347,33.8077,75.5,15.29275,1521.0,2773.0,4294.0
218,219.0,07-08-2018,autumn,0.0,8.0,0.0,0.0,0.0,1.0,30.4425,35.7646,75.2917,13.499629,1298.0,2487.0,3785.0
219,220.0,08-08-2018,autumn,0.0,8.0,0.0,1.0,1.0,1.0,31.365,35.16415,59.2083,12.875725,846.0,3480.0,4326.0
220,221.0,09-08-2018,autumn,0.0,8.0,0.0,2.0,1.0,1.0,31.775,36.20605,57.0417,10.125107,907.0,3695.0,4602.0
221,222.0,10-08-2018,autumn,0.0,8.0,0.0,3.0,1.0,1.0,31.433347,34.24915,42.4167,13.417286,884.0,3896.0,4780.0
222,223.0,11-08-2018,autumn,0.0,8.0,0.0,4.0,1.0,1.0,29.4175,32.57605,42.375,11.041332,812.0,3980.0,4792.0
223,224.0,12-08-2018,autumn,0.0,8.0,0.0,5.0,1.0,1.0,29.041653,32.7021,41.5,8.416607,1051.0,3854.0,4905.0
224,225.0,13-08-2018,autumn,0.0,8.0,0.0,6.0,0.0,2.0,28.119153,32.2929,72.9583,14.167418,1504.0,2646.0,4150.0
225,226.0,14-08-2018,autumn,0.0,8.0,0.0,0.0,0.0,2.0,27.743347,31.2194,81.75,14.916411,1338.0,2482.0,3820.0
226,227.0,15-08-2018,autumn,0.0,8.0,0.0,1.0,1.0,1.0,27.299153,30.80835,71.2083,13.999918,775.0,3563.0,4338.0
227,228.0,16-08-2018,autumn,0.0,8.0,0.0,2.0,1.0,1.0,28.734153,32.29185,57.8333,15.834043,721.0,4004.0,4725.0
228,229.0,17-08-2018,autumn,0.0,8.0,0.0,3.0,1.0,1.0,29.656653,33.33355,57.5417,9.625689,668.0,4026.0,4694.0
229,230.0,18-08-2018,autumn,0.0,8.0,0.0,4.0,1.0,1.0,29.178347,33.1129,65.4583,15.624936,639.0,3166.0,3805.0
230,231.0,19-08-2018,autumn,0.0,8.0,0.0,5.0,1.0,2.0,28.085,31.66105,72.2917,9.333636,797.0,3356.0,4153.0
231,232.0,20-08-2018,autumn,0.0,8.0,0.0,6.0,0.0,1.0,28.5975,32.4498,67.4167,6.999289,1914.0,3277.0,5191.0
232,233.0,21-08-2018,autumn,0.0,8.0,0.0,0.0,0.0,1.0,29.144153,33.77625,77.0,16.666518,1249.0,2624.0,3873.0
233,234.0,22-08-2018,autumn,0.0,8.0,0.0,1.0,1.0,1.0,28.358347,31.9127,47.0,18.54225,833.0,3925.0,4758.0
234,235.0,23-08-2018,autumn,0.0,8.0,0.0,2.0,1.0,1.0,26.274153,30.30335,45.5417,9.833121,1281.0,4614.0,5895.0
235,236.0,24-08-2018,autumn,0.0,8.0,0.0,3.0,1.0,1.0,27.606653,31.5346,60.5,16.958236,949.0,4181.0,5130.0
236,237.0,25-08-2018,autumn,0.0,8.0,0.0,4.0,1.0,2.0,28.050847,32.2927,77.1667,14.125811,435.0,3107.0,3542.0
237,238.0,26-08-2018,autumn,0.0,8.0,0.0,5.0,1.0,1.0,28.7,32.98665,76.125,5.6254875,768.0,3893.0,4661.0
238,239.0,27-08-2018,autumn,0.0,8.0,0.0,6.0,0.0,2.0,27.88,31.7778,85.0,25.166339,226.0,889.0,1115.0
239,240.0,28-08-2018,autumn,0.0,8.0,0.0,0.0,0.0,1.0,28.989419,32.39795,56.1765,20.412153,1415.0,2919.0,4334.0
240,241.0,29-08-2018,autumn,0.0,8.0,0.0,1.0,1.0,1.0,26.103347,30.3979,55.4583,10.708275,729.0,3905.0,4634.0
241,242.0,30-08-2018,autumn,0.0,8.0,0.0,2.0,1.0,1.0,26.205847,29.7352,54.8333,8.375536,775.0,4429.0,5204.0
242,243.0,31-08-2018,autumn,0.0,8.0,0.0,3.0,1.0,1.0,26.923347,30.55605,59.7917,5.5833311,688.0,4370.0,5058.0
243,244.0,01-09-2018,autumn,0.0,9.0,0.0,4.0,1.0,1.0,26.855,30.74605,63.9167,9.500332,783.0,4332.0,5115.0
244,245.0,02-09-2018,autumn,0.0,9.0,0.0,5.0,1.0,2.0,26.376653,30.2404,72.7083,9.375243,875.0,3852.0,4727.0
245,246.0,03-09-2018,autumn,0.0,9.0,0.0,6.0,0.0,1.0,27.435847,31.66065,71.6667,12.416775,1935.0,2549.0,4484.0
247,248.0,05-09-2018,autumn,0.0,9.0,0.0,1.0,0.0,2.0,27.606653,31.2823,79.0417,14.250632,1236.0,2115.0,3351.0
248,249.0,06-09-2018,autumn,0.0,9.0,0.0,2.0,1.0,3.0,22.14,25.76,88.6957,23.044181,204.0,2506.0,2710.0
249,250.0,07-09-2018,autumn,0.0,9.0,0.0,3.0,1.0,3.0,24.565847,27.21145,91.7083,6.5003936,118.0,1878.0,1996.0
250,251.0,08-09-2018,autumn,0.0,9.0,0.0,4.0,1.0,3.0,25.990433,27.76805,93.9565,12.914116,153.0,1689.0,1842.0
251,252.0,09-09-2018,autumn,0.0,9.0,0.0,5.0,1.0,2.0,26.65,28.9473,89.7917,8.333393,417.0,3127.0,3544.0
252,253.0,10-09-2018,autumn,0.0,9.0,0.0,6.0,0.0,1.0,27.06,30.3981,75.375,10.291736,1750.0,3595.0,5345.0
253,254.0,11-09-2018,autumn,0.0,9.0,0.0,0.0,0.0,1.0,26.786653,30.46145,71.375,7.708618,1633.0,3413.0,5046.0
254,255.0,12-09-2018,autumn,0.0,9.0,0.0,1.0,1.0,1.0,26.418268,30.1065,69.2174,5.957171,690.0,4023.0,4713.0
255,256.0,13-09-2018,autumn,0.0,9.0,0.0,2.0,1.0,1.0,26.684153,30.1777,71.25,9.500868,701.0,4062.0,4763.0
256,257.0,14-09-2018,autumn,0.0,9.0,0.0,3.0,1.0,1.0,27.606653,31.345,69.7083,11.2091,647.0,4138.0,4785.0
257,258.0,15-09-2018,autumn,0.0,9.0,0.0,4.0,1.0,2.0,23.6775,27.68355,70.9167,18.166782,428.0,3231.0,3659.0
258,259.0,16-09-2018,autumn,0.0,9.0,0.0,5.0,1.0,2.0,19.235847,23.07375,59.0417,11.000261,742.0,4018.0,4760.0
259,260.0,17-09-2018,autumn,0.0,9.0,0.0,6.0,0.0,2.0,20.158347,23.9256,71.8333,12.708225,1434.0,3077.0,4511.0
260,261.0,18-09-2018,autumn,0.0,9.0,0.0,0.0,0.0,1.0,20.8075,24.52685,69.5,11.958361,1353.0,2921.0,4274.0
261,262.0,19-09-2018,autumn,0.0,9.0,0.0,1.0,1.0,2.0,22.515847,26.48375,69.0,10.166714,691.0,3848.0,4539.0
262,263.0,20-09-2018,autumn,0.0,9.0,0.0,2.0,1.0,2.0,23.028347,26.61085,88.125,9.041918,438.0,3203.0,3641.0
263,264.0,21-09-2018,autumn,0.0,9.0,0.0,3.0,1.0,2.0,24.395,27.52665,90.0,6.4590814,539.0,3813.0,4352.0
264,265.0,22-09-2018,autumn,0.0,9.0,0.0,4.0,1.0,2.0,25.761653,27.74815,90.2083,8.584375,555.0,4240.0,4795.0
265,266.0,23-09-2018,winter,0.0,9.0,0.0,5.0,1.0,2.0,24.975847,26.10625,97.25,5.2505689,258.0,2137.0,2395.0
266,267.0,24-09-2018,winter,0.0,9.0,0.0,6.0,0.0,2.0,24.873347,28.2206,86.25,5.2516811,1776.0,3647.0,5423.0
267,268.0,25-09-2018,winter,0.0,9.0,0.0,0.0,0.0,2.0,26.000847,28.63185,84.5,3.3754064,1544.0,3466.0,5010.0
268,269.0,26-09-2018,winter,0.0,9.0,0.0,1.0,1.0,2.0,26.615847,29.4521,84.8333,7.4169,684.0,3946.0,4630.0
269,270.0,27-09-2018,winter,0.0,9.0,0.0,2.0,1.0,2.0,26.103347,28.72625,88.5417,7.917457,477.0,3643.0,4120.0
270,271.0,28-09-2018,winter,0.0,9.0,0.0,3.0,1.0,2.0,26.035,28.7579,84.875,9.958143,480.0,3427.0,3907.0
271,272.0,29-09-2018,winter,0.0,9.0,0.0,4.0,1.0,1.0,25.283347,28.7256,69.9167,11.583161,653.0,4186.0,4839.0
272,273.0,30-09-2018,winter,0.0,9.0,0.0,5.0,1.0,1.0,23.130847,27.24145,64.75,13.833825,830.0,4372.0,5202.0
273,274.0,01-10-2018,winter,0.0,10.0,0.0,6.0,0.0,2.0,16.81,20.64315,75.375,19.583832,480.0,1949.0,2429.0
274,275.0,02-10-2018,winter,0.0,10.0,0.0,0.0,0.0,2.0,14.623347,17.26585,79.1667,14.874871,616.0,2302.0,2918.0
275,276.0,03-10-2018,winter,0.0,10.0,0.0,1.0,1.0,2.0,15.750847,19.6023,76.0833,5.5841686,330.0,3240.0,3570.0
276,277.0,04-10-2018,winter,0.0,10.0,0.0,2.0,1.0,1.0,19.850847,23.6429,71.0,13.792218,486.0,3970.0,4456.0
277,278.0,05-10-2018,winter,0.0,10.0,0.0,3.0,1.0,1.0,22.071653,26.3569,64.7917,11.87575,559.0,4267.0,4826.0
278,279.0,06-10-2018,winter,0.0,10.0,0.0,4.0,1.0,1.0,20.260847,24.02125,62.0833,9.041918,639.0,4126.0,4765.0
279,280.0,07-10-2018,winter,0.0,10.0,0.0,5.0,1.0,1.0,20.944153,25.2202,68.4167,1.5002439,949.0,4036.0,4985.0
280,281.0,08-10-2018,winter,0.0,10.0,0.0,6.0,0.0,1.0,21.388347,25.6621,70.125,3.0420814,2235.0,3174.0,5409.0
282,283.0,10-10-2018,winter,0.0,10.0,0.0,1.0,0.0,1.0,23.404153,27.14625,73.375,2.8343814,1514.0,3603.0,5117.0
283,284.0,11-10-2018,winter,0.0,10.0,0.0,2.0,1.0,2.0,23.233347,27.3048,80.875,9.583814,667.0,3896.0,4563.0
284,285.0,12-10-2018,winter,0.0,10.0,0.0,3.0,1.0,3.0,22.276653,25.88585,90.625,16.62605,217.0,2199.0,2416.0
285,286.0,13-10-2018,winter,0.0,10.0,0.0,4.0,1.0,2.0,24.155847,27.5902,89.6667,9.499729,290.0,2623.0,2913.0
286,287.0,14-10-2018,winter,0.0,10.0,0.0,5.0,1.0,2.0,22.584153,26.48375,71.625,15.000161,529.0,3115.0,3644.0
287,288.0,15-10-2018,winter,0.0,10.0,0.0,6.0,0.0,1.0,20.773347,24.93625,48.3333,17.291561,1899.0,3318.0,5217.0
288,289.0,16-10-2018,winter,0.0,10.0,0.0,0.0,0.0,1.0,20.978347,25.1577,48.6667,18.875039,1748.0,3293.0,5041.0
289,290.0,17-10-2018,winter,0.0,10.0,0.0,1.0,1.0,1.0,21.900847,25.53625,57.9583,11.750393,713.0,3857.0,4570.0
290,291.0,18-10-2018,winter,0.0,10.0,0.0,2.0,1.0,2.0,21.8325,26.13605,70.1667,7.375829,637.0,4111.0,4748.0
291,292.0,19-10-2018,winter,0.0,10.0,0.0,3.0,1.0,3.0,22.211299,25.6924,89.5217,16.303713,254.0,2170.0,2424.0
292,293.0,20-10-2018,winter,0.0,10.0,0.0,4.0,1.0,1.0,19.509153,23.32625,63.625,12.125057,471.0,3724.0,4195.0
293,294.0,21-10-2018,winter,0.0,10.0,0.0,5.0,1.0,1.0,17.5275,21.1798,57.4167,14.833532,676.0,3628.0,4304.0
294,295.0,22-10-2018,winter,0.0,10.0,0.0,6.0,0.0,1.0,17.3225,21.2746,62.9167,6.2086689,1499.0,2809.0,4308.0
295,296.0,23-10-2018,winter,0.0,10.0,0.0,0.0,0.0,1.0,17.288347,21.11665,74.125,6.6673375,1619.0,2762.0,4381.0
296,297.0,24-10-2018,winter,0.0,10.0,0.0,1.0,1.0,1.0,18.996653,22.85335,77.2083,7.959064,699.0,3488.0,4187.0
297,298.0,25-10-2018,winter,0.0,10.0,0.0,2.0,1.0,1.0,19.338347,23.16875,62.2917,11.166086,695.0,3992.0,4687.0
298,299.0,26-10-2018,winter,0.0,10.0,0.0,3.0,1.0,2.0,19.850847,23.6423,72.0417,9.959014,404.0,3490.0,3894.0
299,300.0,27-10-2018,winter,0.0,10.0,0.0,4.0,1.0,2.0,19.27,22.8523,81.2917,13.250121,240.0,2419.0,2659.0
300,301.0,28-10-2018,winter,0.0,10.0,0.0,5.0,1.0,2.0,13.564153,15.9406,58.5833,15.375093,456.0,3291.0,3747.0
301,302.0,29-10-2018,winter,0.0,10.0,0.0,6.0,0.0,3.0,10.420847,11.39565,88.25,23.541857,57.0,570.0,627.0
302,303.0,30-10-2018,winter,0.0,10.0,0.0,0.0,0.0,1.0,13.085847,16.06645,62.375,11.833339,885.0,2446.0,3331.0
303,304.0,31-10-2018,winter,0.0,10.0,0.0,1.0,1.0,1.0,13.94,17.80315,70.3333,7.12545,362.0,3307.0,3669.0
304,305.0,01-11-2018,winter,0.0,11.0,0.0,2.0,1.0,1.0,16.434153,19.8544,68.375,9.083257,410.0,3658.0,4068.0
305,306.0,02-11-2018,winter,0.0,11.0,0.0,3.0,1.0,1.0,15.4775,19.50665,71.875,5.5001439,370.0,3816.0,4186.0
306,307.0,03-11-2018,winter,0.0,11.0,0.0,4.0,1.0,1.0,16.741653,20.29605,70.2083,9.166739,318.0,3656.0,3974.0
307,308.0,04-11-2018,winter,0.0,11.0,0.0,5.0,1.0,2.0,16.536653,20.1696,62.25,18.209193,470.0,3576.0,4046.0
308,309.0,05-11-2018,winter,0.0,11.0,0.0,6.0,0.0,1.0,13.393347,16.1927,51.9167,12.667154,1156.0,2770.0,3926.0
309,310.0,06-11-2018,winter,0.0,11.0,0.0,0.0,0.0,1.0,14.281653,18.1179,73.4583,6.1676314,952.0,2697.0,3649.0
310,311.0,07-11-2018,winter,0.0,11.0,0.0,1.0,1.0,1.0,16.195,20.04355,75.875,3.834075,373.0,3662.0,4035.0
311,312.0,08-11-2018,winter,0.0,11.0,0.0,2.0,1.0,1.0,16.741653,20.6123,72.1667,4.6255125,376.0,3829.0,4205.0
312,313.0,09-11-2018,winter,0.0,11.0,0.0,3.0,1.0,1.0,16.4,20.45395,75.8333,4.1671186,305.0,3804.0,4109.0
313,314.0,10-11-2018,winter,0.0,11.0,0.0,4.0,1.0,2.0,15.58,18.68605,81.3333,12.667489,190.0,2743.0,2933.0
314,315.0,11-11-2018,winter,0.0,11.0,0.0,5.0,0.0,1.0,13.290847,15.34085,44.625,21.083225,440.0,2928.0,3368.0
315,316.0,12-11-2018,winter,0.0,11.0,0.0,6.0,0.0,1.0,14.623347,17.8971,55.2917,14.208154,1275.0,2792.0,4067.0
316,317.0,13-11-2018,winter,0.0,11.0,0.0,0.0,0.0,1.0,18.074153,21.5275,45.8333,18.875307,1004.0,2713.0,3717.0
317,318.0,14-11-2018,winter,0.0,11.0,0.0,1.0,1.0,1.0,21.73,26.2306,58.7083,20.541932,595.0,3891.0,4486.0
318,319.0,15-11-2018,winter,0.0,11.0,0.0,2.0,1.0,2.0,21.73,25.37895,68.875,13.375411,449.0,3746.0,4195.0
319,320.0,16-11-2018,winter,0.0,11.0,0.0,3.0,1.0,3.0,18.723347,22.5994,93.0,9.167543,145.0,1672.0,1817.0
320,321.0,17-11-2018,winter,0.0,11.0,0.0,4.0,1.0,2.0,14.008347,16.16105,57.5833,20.459254,139.0,2914.0,3053.0
321,322.0,18-11-2018,winter,0.0,11.0,0.0,5.0,1.0,1.0,11.240847,13.63605,41.0,11.291711,245.0,3147.0,3392.0
322,323.0,19-11-2018,winter,0.0,11.0,0.0,6.0,0.0,1.0,13.495847,16.22415,50.2083,15.041232,943.0,2720.0,3663.0
323,324.0,20-11-2018,winter,0.0,11.0,0.0,0.0,0.0,2.0,18.996653,22.8529,68.4583,12.45865,787.0,2733.0,3520.0
324,325.0,21-11-2018,winter,0.0,11.0,0.0,1.0,1.0,3.0,18.3475,22.2531,91.0,9.249618,220.0,2545.0,2765.0
325,326.0,22-11-2018,winter,0.0,11.0,0.0,2.0,1.0,3.0,17.083347,21.0848,96.25,7.959064,69.0,1538.0,1607.0
326,327.0,23-11-2018,winter,0.0,11.0,0.0,3.0,1.0,2.0,18.074153,21.52685,75.7917,22.500275,112.0,2454.0,2566.0
327,328.0,24-11-2018,winter,0.0,11.0,0.0,4.0,0.0,1.0,15.306653,18.62355,54.9167,11.209368,560.0,935.0,1495.0
328,329.0,25-11-2018,winter,0.0,11.0,0.0,5.0,1.0,1.0,15.375,19.03355,64.375,6.6260186,1095.0,1697.0,2792.0
329,330.0,26-11-2018,winter,0.0,11.0,0.0,6.0,0.0,1.0,15.409153,19.25435,68.1667,4.5841936,1249.0,1819.0,3068.0
330,331.0,27-11-2018,winter,0.0,11.0,0.0,0.0,0.0,1.0,18.825847,22.79,69.8333,13.999918,810.0,2261.0,3071.0
331,332.0,28-11-2018,winter,0.0,11.0,0.0,1.0,1.0,1.0,20.642598,24.5061,74.3043,9.522174,253.0,3614.0,3867.0
332,333.0,29-11-2018,winter,0.0,11.0,0.0,2.0,1.0,2.0,18.791653,22.56875,83.0833,17.292164,96.0,2818.0,2914.0
333,334.0,30-11-2018,winter,0.0,11.0,0.0,3.0,1.0,1.0,13.325,15.56105,61.3333,18.167586,188.0,3425.0,3613.0
334,335.0,01-12-2018,winter,0.0,12.0,0.0,4.0,1.0,1.0,12.8125,15.2777,52.4583,14.750586,182.0,3545.0,3727.0
335,336.0,02-12-2018,winter,0.0,12.0,0.0,5.0,1.0,1.0,12.880847,16.57165,62.5833,6.750518,268.0,3672.0,3940.0
336,337.0,03-12-2018,winter,0.0,12.0,0.0,6.0,0.0,1.0,12.265847,15.5302,61.2917,6.4174811,706.0,2908.0,3614.0
337,338.0,04-12-2018,winter,0.0,12.0,0.0,0.0,0.0,1.0,13.564153,17.455,77.5833,5.6252061,634.0,2851.0,3485.0
338,339.0,05-12-2018,winter,0.0,12.0,0.0,1.0,1.0,2.0,15.819153,19.69625,82.7083,4.1679561,233.0,3578.0,3811.0
339,340.0,06-12-2018,winter,0.0,12.0,0.0,2.0,1.0,3.0,18.9625,22.82,94.9583,15.583061,126.0,2468.0,2594.0
340,341.0,07-12-2018,winter,0.0,12.0,0.0,3.0,1.0,3.0,16.81,20.0123,97.0417,17.833725,50.0,655.0,705.0
341,342.0,08-12-2018,winter,0.0,12.0,0.0,4.0,1.0,1.0,10.899153,12.8469,58.0,16.083886,150.0,3172.0,3322.0
342,343.0,09-12-2018,winter,0.0,12.0,0.0,5.0,1.0,1.0,11.924153,15.8771,69.5833,5.5420189,261.0,3359.0,3620.0
343,344.0,10-12-2018,winter,0.0,12.0,0.0,6.0,0.0,1.0,11.275,13.3206,50.75,15.625807,502.0,2688.0,3190.0
344,345.0,11-12-2018,winter,0.0,12.0,0.0,0.0,0.0,1.0,9.054153,12.6577,49.0,4.4582939,377.0,2366.0,2743.0
345,346.0,12-12-2018,winter,0.0,12.0,0.0,1.0,1.0,1.0,9.771653,13.5098,67.0833,4.25115,143.0,3167.0,3310.0
346,347.0,13-12-2018,winter,0.0,12.0,0.0,2.0,1.0,1.0,11.5825,15.0569,59.0,9.41685,155.0,3368.0,3523.0
347,348.0,14-12-2018,winter,0.0,12.0,0.0,3.0,1.0,2.0,13.0175,16.9181,66.375,4.0842061,178.0,3562.0,3740.0
348,349.0,15-12-2018,winter,0.0,12.0,0.0,4.0,1.0,2.0,17.3225,20.61185,63.4167,17.958814,181.0,3528.0,3709.0
349,350.0,16-12-2018,winter,0.0,12.0,0.0,5.0,1.0,2.0,15.375,17.99125,50.0417,17.458525,178.0,3399.0,3577.0
350,351.0,17-12-2018,winter,0.0,12.0,0.0,6.0,0.0,2.0,10.591653,12.46855,56.0833,16.292189,275.0,2464.0,2739.0
351,352.0,18-12-2018,winter,0.0,12.0,0.0,0.0,0.0,1.0,9.771653,12.27895,58.625,11.375193,220.0,2211.0,2431.0
352,353.0,19-12-2018,winter,0.0,12.0,0.0,1.0,1.0,1.0,11.343347,14.04665,63.75,11.584032,260.0,3143.0,3403.0
353,354.0,20-12-2018,winter,0.0,12.0,0.0,2.0,1.0,2.0,15.819153,19.8227,59.5417,4.1252436,216.0,3534.0,3750.0
354,355.0,21-12-2018,spring,0.0,12.0,0.0,3.0,1.0,2.0,17.561653,21.40085,85.8333,14.8338,107.0,2553.0,2660.0
355,356.0,22-12-2018,spring,0.0,12.0,0.0,4.0,1.0,2.0,17.356653,21.30605,75.75,3.167425,227.0,2841.0,3068.0
356,357.0,23-12-2018,spring,0.0,12.0,0.0,5.0,1.0,1.0,15.306653,18.87565,68.625,18.374482,163.0,2046.0,2209.0
357,358.0,24-12-2018,spring,0.0,12.0,0.0,6.0,0.0,1.0,12.4025,14.9621,54.25,12.750368,155.0,856.0,1011.0
358,359.0,25-12-2018,spring,0.0,12.0,0.0,0.0,0.0,1.0,11.266103,13.99805,68.1304,10.391097,303.0,451.0,754.0
359,360.0,26-12-2018,spring,0.0,12.0,0.0,1.0,0.0,1.0,13.191299,15.77675,50.6957,16.044155,430.0,887.0,1317.0
360,361.0,27-12-2018,spring,0.0,12.0,0.0,2.0,1.0,2.0,13.325,16.38165,76.25,12.62615,103.0,1059.0,1162.0
361,362.0,28-12-2018,spring,0.0,12.0,0.0,3.0,1.0,1.0,12.26433,13.9987,50.3913,19.695387,255.0,2047.0,2302.0
362,363.0,29-12-2018,spring,0.0,12.0,0.0,4.0,1.0,1.0,10.181653,13.1946,57.4167,8.000604,254.0,2169.0,2423.0
363,364.0,30-12-2018,spring,0.0,12.0,0.0,5.0,1.0,1.0,12.778347,15.9406,63.6667,9.000579,491.0,2508.0,2999.0
364,365.0,31-12-2018,spring,0.0,12.0,0.0,6.0,0.0,1.0,16.81,20.70605,61.5833,14.750318,665.0,1820.0,2485.0
365,366.0,01-01-2019,spring,1.0,1.0,0.0,0.0,0.0,1.0,15.17,18.78105,69.25,12.875189,686.0,1608.0,2294.0
366,367.0,02-01-2019,spring,1.0,1.0,0.0,1.0,0.0,1.0,11.194763,12.6152,38.1304,22.087555,244.0,1707.0,1951.0
367,368.0,03-01-2019,spring,1.0,1.0,0.0,2.0,1.0,1.0,6.15,6.31375,44.125,24.499957,89.0,2147.0,2236.0
368,369.0,04-01-2019,spring,1.0,1.0,0.0,3.0,1.0,2.0,4.4075,5.96685,41.4583,12.3749,95.0,2273.0,2368.0
369,370.0,05-01-2019,spring,1.0,1.0,0.0,4.0,1.0,1.0,10.899153,13.9206,52.4167,8.709129,140.0,3132.0,3272.0
370,371.0,06-01-2019,spring,1.0,1.0,0.0,5.0,1.0,1.0,13.700847,17.01335,54.2083,11.249836,307.0,3791.0,4098.0
371,372.0,07-01-2019,spring,1.0,1.0,0.0,6.0,0.0,1.0,16.126653,19.53895,53.1667,11.708786,1070.0,3451.0,4521.0
372,373.0,08-01-2019,spring,1.0,1.0,0.0,0.0,0.0,1.0,13.8375,17.0129,46.5,12.833314,599.0,2826.0,3425.0
373,374.0,09-01-2019,spring,1.0,1.0,0.0,1.0,1.0,2.0,9.190847,12.37395,70.1667,6.6263,106.0,2270.0,2376.0
374,375.0,10-01-2019,spring,1.0,1.0,0.0,2.0,1.0,1.0,12.656536,15.9413,64.6522,12.565984,173.0,3425.0,3598.0
375,376.0,11-01-2019,spring,1.0,1.0,0.0,3.0,1.0,2.0,11.240847,14.14105,84.75,8.791807,92.0,2085.0,2177.0
376,377.0,12-01-2019,spring,1.0,1.0,0.0,4.0,1.0,2.0,15.6825,19.0969,80.2917,12.124789,269.0,3828.0,4097.0
377,378.0,13-01-2019,spring,1.0,1.0,0.0,5.0,1.0,1.0,11.240847,12.4681,50.75,25.333236,174.0,3040.0,3214.0
378,379.0,14-01-2019,spring,1.0,1.0,0.0,6.0,0.0,1.0,7.38,9.15435,45.75,12.541261,333.0,2160.0,2493.0
379,380.0,15-01-2019,spring,1.0,1.0,0.0,0.0,0.0,1.0,6.833347,8.08125,41.9167,16.834286,284.0,2027.0,2311.0
380,381.0,16-01-2019,spring,1.0,1.0,0.0,1.0,0.0,1.0,7.79,9.53315,52.25,15.500986,217.0,2081.0,2298.0
381,382.0,17-01-2019,spring,1.0,1.0,0.0,2.0,1.0,2.0,15.294763,18.2139,71.6087,23.39171,127.0,2808.0,2935.0
382,383.0,18-01-2019,spring,1.0,1.0,0.0,3.0,1.0,1.0,12.436653,13.7627,44.3333,12.125057,109.0,3267.0,3376.0
383,384.0,19-01-2019,spring,1.0,1.0,0.0,4.0,1.0,1.0,7.79,9.5019,49.75,14.750586,130.0,3162.0,3292.0
384,385.0,20-01-2019,spring,1.0,1.0,0.0,5.0,1.0,2.0,8.9175,11.0479,45.0,13.58425,115.0,3048.0,3163.0
385,386.0,21-01-2019,spring,1.0,1.0,0.0,6.0,0.0,2.0,7.106653,8.74375,83.125,14.917014,67.0,1234.0,1301.0
386,387.0,22-01-2019,spring,1.0,1.0,0.0,0.0,0.0,2.0,6.6625,8.1125,79.625,13.375746,196.0,1781.0,1977.0
387,388.0,23-01-2019,spring,1.0,1.0,0.0,1.0,1.0,2.0,8.951653,12.1529,91.125,7.417436,145.0,2287.0,2432.0
388,389.0,24-01-2019,spring,1.0,1.0,0.0,2.0,1.0,1.0,14.0425,17.4554,83.5833,8.292389,439.0,3900.0,4339.0
389,390.0,25-01-2019,spring,1.0,1.0,0.0,3.0,1.0,1.0,12.060847,14.74105,64.375,10.791757,467.0,3803.0,4270.0
390,391.0,26-01-2019,spring,1.0,1.0,0.0,4.0,1.0,2.0,14.008347,17.8025,76.9583,4.9175186,244.0,3831.0,4075.0
391,392.0,27-01-2019,spring,1.0,1.0,0.0,5.0,1.0,2.0,17.425,20.76915,74.125,22.958689,269.0,3187.0,3456.0
392,393.0,28-01-2019,spring,1.0,1.0,0.0,6.0,0.0,1.0,12.949153,16.31895,54.3333,14.125543,775.0,3248.0,4023.0
393,394.0,29-01-2019,spring,1.0,1.0,0.0,0.0,0.0,1.0,11.5825,13.63605,31.125,16.08335,558.0,2685.0,3243.0
394,395.0,30-01-2019,spring,1.0,1.0,0.0,1.0,1.0,1.0,11.035847,13.13125,40.0833,14.458064,126.0,3498.0,3624.0
395,396.0,31-01-2019,spring,1.0,1.0,0.0,2.0,1.0,1.0,15.99,19.06585,41.6667,17.541739,324.0,4185.0,4509.0
396,397.0,01-02-2019,spring,1.0,2.0,0.0,3.0,1.0,1.0,19.235847,23.3269,50.7917,12.667489,304.0,4275.0,4579.0
397,398.0,02-02-2019,spring,1.0,2.0,0.0,4.0,1.0,2.0,16.365847,19.94855,67.2917,12.541529,190.0,3571.0,3761.0
398,399.0,03-02-2019,spring,1.0,2.0,0.0,5.0,1.0,1.0,12.846653,15.4673,52.6667,11.959232,310.0,3841.0,4151.0
399,400.0,04-02-2019,spring,1.0,2.0,0.0,6.0,0.0,2.0,10.830847,13.63625,77.9583,8.167032,384.0,2448.0,2832.0
400,401.0,05-02-2019,spring,1.0,2.0,0.0,0.0,0.0,2.0,10.899153,13.22605,68.7917,11.791732,318.0,2629.0,2947.0
401,402.0,06-02-2019,spring,1.0,2.0,0.0,1.0,1.0,1.0,11.586969,14.8213,62.2174,10.3046,206.0,3578.0,3784.0
402,403.0,07-02-2019,spring,1.0,2.0,0.0,2.0,1.0,1.0,14.520847,18.0552,49.625,9.874393,199.0,4176.0,4375.0
403,404.0,08-02-2019,spring,1.0,2.0,0.0,3.0,1.0,2.0,10.523347,13.32105,72.2917,8.959307,109.0,2693.0,2802.0
404,405.0,09-02-2019,spring,1.0,2.0,0.0,4.0,1.0,1.0,10.865,13.0994,56.2083,13.000479,163.0,3667.0,3830.0
405,406.0,10-02-2019,spring,1.0,2.0,0.0,5.0,1.0,2.0,11.514153,14.6779,54.0,7.834243,227.0,3604.0,3831.0
406,407.0,11-02-2019,spring,1.0,2.0,0.0,6.0,0.0,3.0,9.190847,10.54335,73.125,19.416332,192.0,1977.0,2169.0
407,408.0,12-02-2019,spring,1.0,2.0,0.0,0.0,0.0,1.0,5.2275,5.0829,46.4583,12.125057,73.0,1456.0,1529.0
408,409.0,13-02-2019,spring,1.0,2.0,0.0,1.0,1.0,1.0,9.1225,11.39565,41.125,11.207961,94.0,3328.0,3422.0
409,410.0,14-02-2019,spring,1.0,2.0,0.0,2.0,1.0,2.0,13.085847,16.6973,50.875,9.458993,135.0,3787.0,3922.0
410,411.0,15-02-2019,spring,1.0,2.0,0.0,3.0,1.0,1.0,14.281653,17.58145,53.125,12.1672,141.0,4028.0,4169.0
411,412.0,16-02-2019,spring,1.0,2.0,0.0,4.0,1.0,2.0,12.983347,16.5081,75.2917,6.125475,74.0,2931.0,3005.0
412,413.0,17-02-2019,spring,1.0,2.0,0.0,5.0,1.0,1.0,14.076653,17.58145,63.4583,13.791682,349.0,3805.0,4154.0
413,414.0,18-02-2019,spring,1.0,2.0,0.0,6.0,0.0,1.0,14.213347,17.77125,53.4583,12.792243,1435.0,2883.0,4318.0
414,415.0,19-02-2019,spring,1.0,2.0,0.0,0.0,0.0,2.0,11.48,13.2894,51.5833,16.958504,618.0,2071.0,2689.0
415,416.0,20-02-2019,spring,1.0,2.0,0.0,1.0,0.0,1.0,11.48,13.66955,50.7826,15.348561,502.0,2627.0,3129.0
416,417.0,21-02-2019,spring,1.0,2.0,0.0,2.0,1.0,1.0,11.800866,14.75565,59.4348,13.783039,163.0,3614.0,3777.0
417,418.0,22-02-2019,spring,1.0,2.0,0.0,3.0,1.0,1.0,16.229153,19.63335,56.7917,15.709557,394.0,4379.0,4773.0
418,419.0,23-02-2019,spring,1.0,2.0,0.0,4.0,1.0,1.0,18.620847,22.2223,55.4583,12.791171,516.0,4546.0,5062.0
419,420.0,24-02-2019,spring,1.0,2.0,0.0,5.0,1.0,2.0,16.7075,20.54855,73.75,15.916989,246.0,3241.0,3487.0
420,421.0,25-02-2019,spring,1.0,2.0,0.0,6.0,0.0,1.0,11.924153,12.78375,39.5833,12.125057,317.0,2415.0,2732.0
421,422.0,26-02-2019,spring,1.0,2.0,0.0,0.0,0.0,1.0,11.445847,13.4154,41.0,13.750343,515.0,2874.0,3389.0
422,423.0,27-02-2019,spring,1.0,2.0,0.0,1.0,1.0,1.0,15.033347,17.8977,49.0833,17.958211,253.0,4069.0,4322.0
423,424.0,28-02-2019,spring,1.0,2.0,0.0,2.0,1.0,1.0,14.725847,17.67625,39.5833,12.958939,229.0,4134.0,4363.0
424,425.0,01-03-2019,spring,1.0,3.0,0.0,4.0,1.0,1.0,19.919153,23.76855,61.5417,15.208129,325.0,4665.0,4990.0
425,426.0,02-03-2019,spring,1.0,3.0,0.0,5.0,1.0,2.0,14.486653,17.9921,65.7083,9.708568,246.0,2948.0,3194.0
426,427.0,03-03-2019,spring,1.0,3.0,0.0,6.0,0.0,2.0,16.980847,20.6746,62.125,10.792293,956.0,3110.0,4066.0
427,428.0,04-03-2019,spring,1.0,3.0,0.0,0.0,0.0,1.0,13.359153,15.15105,40.3333,22.416257,710.0,2713.0,3423.0
428,429.0,05-03-2019,spring,1.0,3.0,0.0,1.0,1.0,1.0,9.976653,12.05855,50.625,15.333486,203.0,3130.0,3333.0
429,430.0,06-03-2019,spring,1.0,3.0,0.0,2.0,1.0,1.0,10.591653,12.7521,45.6667,13.458625,221.0,3735.0,3956.0
430,431.0,07-03-2019,spring,1.0,3.0,0.0,3.0,1.0,1.0,16.570847,19.255,51.3333,23.167193,432.0,4484.0,4916.0
431,432.0,08-03-2019,spring,1.0,3.0,0.0,4.0,1.0,1.0,21.6275,26.2302,56.75,12.125057,486.0,4896.0,5382.0
432,433.0,09-03-2019,spring,1.0,3.0,0.0,5.0,1.0,2.0,16.844153,19.85415,40.7083,12.125057,447.0,4122.0,4569.0
433,434.0,10-03-2019,spring,1.0,3.0,0.0,6.0,0.0,1.0,11.7875,13.88835,35.0417,15.12525,968.0,3150.0,4118.0
434,435.0,11-03-2019,spring,1.0,3.0,0.0,0.0,0.0,1.0,14.831299,17.9835,47.6957,14.913329,1658.0,3253.0,4911.0
435,436.0,12-03-2019,spring,1.0,3.0,0.0,1.0,1.0,1.0,19.133347,22.9796,48.9167,13.916771,838.0,4460.0,5298.0
436,437.0,13-03-2019,spring,1.0,3.0,0.0,2.0,1.0,1.0,23.165,27.14645,61.75,15.87565,762.0,5085.0,5847.0
437,438.0,14-03-2019,spring,1.0,3.0,0.0,3.0,1.0,1.0,23.4725,27.43085,50.7083,7.709154,997.0,5315.0,6312.0
438,439.0,15-03-2019,spring,1.0,3.0,0.0,4.0,1.0,1.0,22.8575,26.64125,57.9583,10.042161,1005.0,5187.0,6192.0
439,440.0,16-03-2019,spring,1.0,3.0,0.0,5.0,1.0,2.0,17.869153,21.81145,84.2083,7.583864,548.0,3830.0,4378.0
441,442.0,18-03-2019,spring,1.0,3.0,0.0,0.0,0.0,2.0,19.3725,23.2,81.0,8.501161,2207.0,3685.0,5892.0
442,443.0,19-03-2019,spring,1.0,3.0,0.0,1.0,1.0,1.0,22.345,26.64105,72.875,10.875239,982.0,5171.0,6153.0
443,444.0,20-03-2019,spring,1.0,3.0,0.0,2.0,1.0,1.0,22.994153,26.92665,80.7917,8.125157,1051.0,5042.0,6093.0
444,445.0,21-03-2019,summer,1.0,3.0,0.0,3.0,1.0,2.0,21.798347,25.6629,82.125,6.0004061,1122.0,5108.0,6230.0
445,446.0,22-03-2019,summer,1.0,3.0,0.0,4.0,1.0,1.0,22.720847,26.57835,83.125,7.876654,1334.0,5537.0,6871.0
447,448.0,24-03-2019,summer,1.0,3.0,0.0,6.0,0.0,2.0,20.6025,24.33665,88.5417,12.916461,1033.0,2339.0,3372.0
448,449.0,25-03-2019,summer,1.0,3.0,0.0,0.0,0.0,2.0,17.9375,21.8744,88.0833,14.791925,1532.0,3464.0,4996.0
449,450.0,26-03-2019,summer,1.0,3.0,0.0,1.0,1.0,1.0,18.279153,21.9375,47.7917,12.125057,795.0,4763.0,5558.0
450,451.0,27-03-2019,summer,1.0,3.0,0.0,2.0,1.0,1.0,13.256653,15.7827,29.0,12.541864,531.0,4571.0,5102.0
451,452.0,28-03-2019,summer,1.0,3.0,0.0,3.0,1.0,1.0,19.850847,23.5475,48.125,19.541957,674.0,5024.0,5698.0
452,453.0,29-03-2019,summer,1.0,3.0,0.0,4.0,1.0,1.0,20.260847,24.1152,43.9167,21.41655,834.0,5299.0,6133.0
453,454.0,30-03-2019,summer,1.0,3.0,0.0,5.0,1.0,2.0,15.17,18.78105,58.0833,9.250489,796.0,4663.0,5459.0
456,457.0,02-04-2019,summer,1.0,4.0,0.0,1.0,1.0,1.0,17.790433,21.37565,50.4348,20.913313,1208.0,4728.0,5936.0
457,458.0,03-04-2019,summer,1.0,4.0,0.0,2.0,1.0,1.0,19.133347,23.07415,39.6667,6.708911,1348.0,5424.0,6772.0
458,459.0,04-04-2019,summer,1.0,4.0,0.0,3.0,1.0,1.0,22.208347,26.6725,46.9583,12.125325,1058.0,5378.0,6436.0
459,460.0,05-04-2019,summer,1.0,4.0,0.0,4.0,1.0,1.0,17.835,21.55815,37.4167,14.708443,1192.0,5265.0,6457.0
460,461.0,06-04-2019,summer,1.0,4.0,0.0,5.0,1.0,1.0,16.536653,19.53835,37.7083,20.125996,1807.0,4653.0,6460.0
462,463.0,08-04-2019,summer,1.0,4.0,0.0,0.0,0.0,1.0,20.5,24.62125,27.5833,15.583932,2230.0,2939.0,5169.0
463,464.0,09-04-2019,summer,1.0,4.0,0.0,1.0,1.0,1.0,20.055847,23.8319,31.75,23.999132,905.0,4680.0,5585.0
464,465.0,10-04-2019,summer,1.0,4.0,0.0,2.0,1.0,1.0,18.313347,21.81165,43.5,16.708125,819.0,5099.0,5918.0
465,466.0,11-04-2019,summer,1.0,4.0,0.0,3.0,1.0,1.0,14.296536,16.8637,46.9565,19.783358,482.0,4380.0,4862.0
466,467.0,12-04-2019,summer,1.0,4.0,0.0,4.0,1.0,1.0,16.2975,19.3802,46.625,19.458743,663.0,4746.0,5409.0
467,468.0,13-04-2019,summer,1.0,4.0,0.0,5.0,1.0,1.0,18.1425,21.5904,40.8333,10.416557,1252.0,5146.0,6398.0
470,471.0,16-04-2019,summer,1.0,4.0,0.0,1.0,0.0,1.0,27.230847,30.74625,56.1667,19.083543,1198.0,5172.0,6370.0
471,472.0,17-04-2019,summer,1.0,4.0,0.0,2.0,1.0,1.0,24.941653,29.92435,39.0417,18.333143,989.0,5702.0,6691.0
472,473.0,18-04-2019,summer,1.0,4.0,0.0,3.0,1.0,2.0,18.996653,22.8519,56.9167,11.250104,347.0,4020.0,4367.0
473,474.0,19-04-2019,summer,1.0,4.0,0.0,4.0,1.0,1.0,20.431653,24.6523,61.25,4.4172564,846.0,5719.0,6565.0
474,475.0,20-04-2019,summer,1.0,4.0,0.0,5.0,1.0,1.0,21.593347,25.78875,69.4583,10.041357,1340.0,5950.0,7290.0
476,477.0,22-04-2019,summer,1.0,4.0,0.0,0.0,0.0,3.0,16.263347,19.4752,83.5417,23.084582,120.0,907.0,1027.0
477,478.0,23-04-2019,summer,1.0,4.0,0.0,1.0,1.0,2.0,13.188347,15.05625,76.6667,20.334232,195.0,3019.0,3214.0
478,479.0,24-04-2019,summer,1.0,4.0,0.0,2.0,1.0,1.0,16.946653,20.26415,45.4167,16.708661,518.0,5115.0,5633.0
479,480.0,25-04-2019,summer,1.0,4.0,0.0,3.0,1.0,1.0,19.543347,23.51585,42.7917,7.959064,655.0,5541.0,6196.0
480,481.0,26-04-2019,summer,1.0,4.0,0.0,4.0,1.0,2.0,20.431653,24.17915,75.6667,11.833875,475.0,4551.0,5026.0
481,482.0,27-04-2019,summer,1.0,4.0,0.0,5.0,1.0,1.0,18.7575,22.63185,40.0833,23.291411,1014.0,5219.0,6233.0
482,483.0,28-04-2019,summer,1.0,4.0,0.0,6.0,0.0,2.0,15.443347,18.8752,48.9583,8.708325,1120.0,3100.0,4220.0
483,484.0,29-04-2019,summer,1.0,4.0,0.0,0.0,0.0,1.0,18.791653,22.50605,58.7083,7.832836,2229.0,4075.0,6304.0
484,485.0,30-04-2019,summer,1.0,4.0,0.0,1.0,1.0,2.0,19.030847,22.8848,57.0,11.499746,665.0,4907.0,5572.0
485,486.0,01-05-2019,summer,1.0,5.0,0.0,2.0,1.0,2.0,25.146653,28.85105,65.9583,10.458432,653.0,5087.0,5740.0
486,487.0,02-05-2019,summer,1.0,5.0,0.0,3.0,1.0,1.0,23.130847,26.8948,79.7083,9.249886,667.0,5502.0,6169.0
487,488.0,03-05-2019,summer,1.0,5.0,0.0,4.0,1.0,2.0,22.96,26.8621,76.8333,8.957632,764.0,5657.0,6421.0
488,489.0,04-05-2019,summer,1.0,5.0,0.0,5.0,1.0,1.0,25.7275,29.54585,73.5417,10.916846,1069.0,5227.0,6296.0
490,491.0,06-05-2019,summer,1.0,5.0,0.0,0.0,0.0,2.0,23.0625,27.33685,74.0,10.041893,2135.0,4224.0,6359.0
491,492.0,07-05-2019,summer,1.0,5.0,0.0,1.0,1.0,2.0,22.0375,26.3571,66.4167,15.458307,1008.0,5265.0,6273.0
492,493.0,08-05-2019,summer,1.0,5.0,0.0,2.0,1.0,2.0,23.848347,27.87355,68.5833,19.833943,738.0,4990.0,5728.0
493,494.0,09-05-2019,summer,1.0,5.0,0.0,3.0,1.0,2.0,23.575,27.65125,74.4167,14.499604,620.0,4097.0,4717.0
494,495.0,10-05-2019,summer,1.0,5.0,0.0,4.0,1.0,1.0,20.739153,24.58915,55.2083,21.042221,1026.0,5546.0,6572.0
495,496.0,11-05-2019,summer,1.0,5.0,0.0,5.0,1.0,1.0,21.866653,26.04165,36.0417,15.874779,1319.0,5711.0,7030.0
497,498.0,13-05-2019,summer,1.0,5.0,0.0,0.0,0.0,1.0,25.1125,29.2619,57.625,15.082839,2172.0,3946.0,6118.0
498,499.0,14-05-2019,summer,1.0,5.0,0.0,1.0,1.0,2.0,23.506653,27.495,78.9583,14.250364,342.0,2501.0,2843.0
499,500.0,15-05-2019,summer,1.0,5.0,0.0,2.0,1.0,2.0,25.078347,28.8202,79.4583,9.875264,625.0,4490.0,5115.0
500,501.0,16-05-2019,summer,1.0,5.0,0.0,3.0,1.0,1.0,26.103347,29.79875,69.7917,8.208304,991.0,6433.0,7424.0
501,502.0,17-05-2019,summer,1.0,5.0,0.0,4.0,1.0,1.0,24.326653,28.63065,52.0,15.374825,1242.0,6142.0,7384.0
502,503.0,18-05-2019,summer,1.0,5.0,0.0,5.0,1.0,1.0,23.130847,27.55605,52.3333,9.166739,1521.0,6118.0,7639.0
505,506.0,21-05-2019,summer,1.0,5.0,0.0,1.0,1.0,2.0,24.531653,28.28335,81.125,15.624668,630.0,3729.0,4359.0
506,507.0,22-05-2019,summer,1.0,5.0,0.0,2.0,1.0,2.0,25.215,29.04125,76.5833,7.917189,819.0,5254.0,6073.0
507,508.0,23-05-2019,summer,1.0,5.0,0.0,3.0,1.0,2.0,25.488347,29.2306,77.4583,6.834,766.0,4494.0,5260.0
508,509.0,24-05-2019,summer,1.0,5.0,0.0,4.0,1.0,1.0,26.855,30.335,71.6667,11.584032,1059.0,5711.0,6770.0
509,510.0,25-05-2019,summer,1.0,5.0,0.0,5.0,1.0,1.0,27.88,31.37645,74.7083,9.41685,1417.0,5317.0,6734.0
513,514.0,29-05-2019,summer,1.0,5.0,0.0,2.0,1.0,1.0,29.6225,33.6496,68.4583,19.7918,880.0,4863.0,5743.0
514,515.0,30-05-2019,summer,1.0,5.0,0.0,3.0,1.0,2.0,26.923347,30.55645,67.0,9.000043,745.0,6110.0,6855.0
515,516.0,31-05-2019,summer,1.0,5.0,0.0,4.0,1.0,1.0,27.88,31.56645,49.2917,13.083693,1100.0,6238.0,7338.0
516,517.0,01-06-2019,summer,1.0,6.0,0.0,5.0,1.0,2.0,26.820847,30.3981,75.5417,15.916721,533.0,3594.0,4127.0
519,520.0,04-06-2019,summer,1.0,6.0,0.0,1.0,1.0,1.0,24.4975,28.91415,48.7083,19.083811,1071.0,5927.0,6998.0
520,521.0,05-06-2019,summer,1.0,6.0,0.0,2.0,1.0,2.0,22.174153,26.2946,61.3333,14.041525,968.0,6033.0,7001.0
521,522.0,06-06-2019,summer,1.0,6.0,0.0,3.0,1.0,1.0,22.720847,27.1146,61.125,5.167375,1027.0,6028.0,7055.0
522,523.0,07-06-2019,summer,1.0,6.0,0.0,4.0,1.0,1.0,24.7025,28.4721,56.7083,10.54245,1038.0,6456.0,7494.0
523,524.0,08-06-2019,summer,1.0,6.0,0.0,5.0,1.0,1.0,26.615847,29.8931,46.7917,11.750661,1488.0,6248.0,7736.0
525,526.0,10-06-2019,summer,1.0,6.0,0.0,0.0,0.0,1.0,29.793347,33.17585,53.8333,8.959307,2224.0,4374.0,6598.0
526,527.0,11-06-2019,summer,1.0,6.0,0.0,1.0,1.0,2.0,29.554153,32.98605,58.7917,13.916771,1017.0,5647.0,6664.0
527,528.0,12-06-2019,summer,1.0,6.0,0.0,2.0,1.0,2.0,26.786653,29.89375,83.3333,14.374582,477.0,4495.0,4972.0
528,529.0,13-06-2019,summer,1.0,6.0,0.0,3.0,1.0,1.0,26.889153,30.55585,58.2083,22.999693,1173.0,6248.0,7421.0
529,530.0,14-06-2019,summer,1.0,6.0,0.0,4.0,1.0,1.0,26.581653,31.21915,56.9583,17.000111,1180.0,6183.0,7363.0
530,531.0,15-06-2019,summer,1.0,6.0,0.0,5.0,1.0,1.0,26.205847,29.9877,58.9583,11.833339,1563.0,6102.0,7665.0
533,534.0,18-06-2019,summer,1.0,6.0,0.0,1.0,1.0,2.0,23.301653,27.2421,77.7917,11.707982,653.0,4446.0,5099.0
534,535.0,19-06-2019,summer,1.0,6.0,0.0,2.0,1.0,1.0,28.221653,32.7346,69.0,9.917139,968.0,5857.0,6825.0
535,536.0,20-06-2019,summer,1.0,6.0,0.0,3.0,1.0,1.0,32.0825,36.04875,59.2083,7.625404,872.0,5339.0,6211.0
536,537.0,21-06-2019,autumn,1.0,6.0,0.0,4.0,1.0,1.0,33.039153,37.6271,56.7917,7.958729,778.0,5127.0,5905.0
537,538.0,22-06-2019,autumn,1.0,6.0,0.0,5.0,1.0,1.0,31.8775,36.20605,57.375,12.250414,964.0,4859.0,5823.0
540,541.0,25-06-2019,autumn,1.0,6.0,0.0,1.0,1.0,1.0,29.349153,32.7021,50.4167,20.125661,1139.0,5640.0,6779.0
541,542.0,26-06-2019,autumn,1.0,6.0,0.0,2.0,1.0,1.0,25.864153,29.7352,37.3333,23.292014,1077.0,6365.0,7442.0
542,543.0,27-06-2019,autumn,1.0,6.0,0.0,3.0,1.0,1.0,28.5975,32.0396,36.0,18.208925,1077.0,6258.0,7335.0
543,544.0,28-06-2019,autumn,1.0,6.0,0.0,4.0,1.0,1.0,30.715847,33.7756,42.25,11.50055,921.0,5958.0,6879.0
544,545.0,29-06-2019,autumn,1.0,6.0,0.0,5.0,1.0,1.0,34.200847,39.33065,48.875,11.082939,829.0,4634.0,5463.0
545,546.0,30-06-2019,autumn,1.0,6.0,0.0,6.0,0.0,1.0,31.365,34.3754,60.125,10.791757,1455.0,4232.0,5687.0
546,547.0,01-07-2019,autumn,1.0,7.0,0.0,0.0,0.0,1.0,33.449153,37.53145,51.875,11.291443,1421.0,4110.0,5531.0
547,548.0,02-07-2019,autumn,1.0,7.0,0.0,1.0,1.0,1.0,32.048347,35.1019,44.7083,13.082889,904.0,5323.0,6227.0
548,549.0,03-07-2019,autumn,1.0,7.0,0.0,2.0,1.0,1.0,32.014153,35.1325,49.2083,8.457879,1052.0,5608.0,6660.0
550,551.0,05-07-2019,autumn,1.0,7.0,0.0,4.0,1.0,1.0,33.9275,38.06835,45.7917,12.999943,1405.0,4836.0,6241.0
551,552.0,06-07-2019,autumn,1.0,7.0,0.0,5.0,1.0,1.0,33.961653,37.62665,45.0833,9.791514,1366.0,4841.0,6207.0
552,553.0,07-07-2019,autumn,1.0,7.0,0.0,6.0,0.0,1.0,35.328347,40.24565,49.2083,10.958118,1448.0,3392.0,4840.0
553,554.0,08-07-2019,autumn,1.0,7.0,0.0,0.0,0.0,1.0,33.7225,39.5198,57.375,8.417143,1203.0,3469.0,4672.0
554,555.0,09-07-2019,autumn,1.0,7.0,0.0,1.0,1.0,2.0,29.144153,32.7027,68.3333,12.125325,998.0,5571.0,6569.0
555,556.0,10-07-2019,autumn,1.0,7.0,0.0,2.0,1.0,2.0,29.554153,33.2398,66.75,10.166379,954.0,5336.0,6290.0
556,557.0,11-07-2019,autumn,1.0,7.0,0.0,3.0,1.0,1.0,29.383347,32.51355,63.3333,10.166111,975.0,6289.0,7264.0
557,558.0,12-07-2019,autumn,1.0,7.0,0.0,4.0,1.0,1.0,29.349153,32.73415,52.9583,9.833925,1032.0,6414.0,7446.0
558,559.0,13-07-2019,autumn,1.0,7.0,0.0,5.0,1.0,2.0,29.998347,33.39665,48.5833,5.41695,1511.0,5988.0,7499.0
560,561.0,15-07-2019,autumn,1.0,7.0,0.0,0.0,0.0,1.0,30.579153,35.2598,71.7917,11.166689,1920.0,4111.0,6031.0
561,562.0,16-07-2019,autumn,1.0,7.0,0.0,1.0,1.0,1.0,31.296653,36.20625,64.5,11.000529,1088.0,5742.0,6830.0
562,563.0,17-07-2019,autumn,1.0,7.0,0.0,2.0,1.0,1.0,33.551653,37.78415,50.5833,7.666743,921.0,5865.0,6786.0
563,564.0,18-07-2019,autumn,1.0,7.0,0.0,3.0,1.0,1.0,32.526653,37.27915,57.7083,9.208614,799.0,4914.0,5713.0
564,565.0,19-07-2019,autumn,1.0,7.0,0.0,4.0,1.0,1.0,31.57,35.7321,60.0417,11.083743,888.0,5703.0,6591.0
565,566.0,20-07-2019,autumn,1.0,7.0,0.0,5.0,1.0,2.0,27.299153,30.65125,84.4167,14.000789,747.0,5123.0,5870.0
566,567.0,21-07-2019,autumn,1.0,7.0,0.0,6.0,0.0,3.0,24.429153,27.4956,86.5417,14.2911,1264.0,3195.0,4459.0
568,569.0,23-07-2019,autumn,1.0,7.0,0.0,1.0,1.0,1.0,30.408347,34.50085,69.4167,9.291761,1135.0,5831.0,6966.0
569,570.0,24-07-2019,autumn,1.0,7.0,0.0,2.0,1.0,1.0,30.784153,35.3225,65.5,14.167418,1140.0,6452.0,7592.0
570,571.0,25-07-2019,autumn,1.0,7.0,0.0,3.0,1.0,1.0,29.690847,32.7027,45.0,11.0416,1383.0,6790.0,8173.0
571,572.0,26-07-2019,autumn,1.0,7.0,0.0,4.0,1.0,1.0,31.843347,36.96315,59.6667,19.082471,1036.0,5825.0,6861.0
572,573.0,27-07-2019,autumn,1.0,7.0,0.0,5.0,1.0,1.0,32.048347,36.71085,59.4583,10.250464,1259.0,5645.0,6904.0
573,574.0,28-07-2019,autumn,1.0,7.0,0.0,6.0,0.0,1.0,30.989153,34.8802,61.3333,10.54245,2234.0,4451.0,6685.0
574,575.0,29-07-2019,autumn,1.0,7.0,0.0,0.0,0.0,1.0,29.588347,33.39665,62.375,11.416532,2153.0,4444.0,6597.0
575,576.0,30-07-2019,autumn,1.0,7.0,0.0,1.0,1.0,1.0,29.964153,34.24935,66.875,10.292339,1040.0,6065.0,7105.0
576,577.0,31-07-2019,autumn,1.0,7.0,0.0,2.0,1.0,1.0,29.246653,33.1448,70.4167,11.083475,968.0,6248.0,7216.0
577,578.0,01-08-2019,autumn,1.0,8.0,0.0,3.0,1.0,1.0,29.4175,33.3654,67.75,9.458993,1074.0,6506.0,7580.0
578,579.0,02-08-2019,autumn,1.0,8.0,0.0,4.0,1.0,1.0,30.8525,35.3544,65.9583,8.666718,983.0,6278.0,7261.0
579,580.0,03-08-2019,autumn,1.0,8.0,0.0,5.0,1.0,2.0,31.399153,36.14335,64.25,14.458064,1328.0,5847.0,7175.0
581,582.0,05-08-2019,autumn,1.0,8.0,0.0,0.0,0.0,1.0,31.535847,36.55395,65.25,19.458207,1707.0,3757.0,5464.0
582,583.0,06-08-2019,autumn,1.0,8.0,0.0,1.0,1.0,2.0,30.8525,35.5123,65.4167,8.666718,1233.0,5780.0,7013.0
583,584.0,07-08-2019,autumn,1.0,8.0,0.0,2.0,1.0,2.0,30.169153,34.88105,70.375,7.832836,1278.0,5995.0,7273.0
584,585.0,08-08-2019,autumn,1.0,8.0,0.0,3.0,1.0,2.0,30.75,35.38585,67.2917,7.4169,1263.0,6271.0,7534.0
585,586.0,09-08-2019,autumn,1.0,8.0,0.0,4.0,1.0,1.0,30.989153,34.9754,62.0417,10.4587,1196.0,6090.0,7286.0
586,587.0,10-08-2019,autumn,1.0,8.0,0.0,5.0,1.0,2.0,29.349153,33.3971,71.5833,16.000471,1065.0,4721.0,5786.0
587,588.0,11-08-2019,autumn,1.0,8.0,0.0,6.0,0.0,2.0,28.3925,31.91335,73.2917,13.834093,2247.0,4052.0,6299.0
588,589.0,12-08-2019,autumn,1.0,8.0,0.0,0.0,0.0,1.0,28.734153,32.22895,53.0417,8.208304,2182.0,4362.0,6544.0
589,590.0,13-08-2019,autumn,1.0,8.0,0.0,1.0,1.0,1.0,29.554153,33.1127,54.5417,9.126204,1207.0,5676.0,6883.0
590,591.0,14-08-2019,autumn,1.0,8.0,0.0,2.0,1.0,1.0,29.793347,33.83895,68.6667,11.333586,1128.0,5656.0,6784.0
591,592.0,15-08-2019,autumn,1.0,8.0,0.0,3.0,1.0,1.0,28.973347,32.70185,61.9583,11.374657,1198.0,6149.0,7347.0
592,593.0,16-08-2019,autumn,1.0,8.0,0.0,4.0,1.0,1.0,29.485847,32.7344,51.9167,9.500332,1338.0,6267.0,7605.0
593,594.0,17-08-2019,autumn,1.0,8.0,0.0,5.0,1.0,1.0,29.656653,12.12,57.0833,15.500718,1483.0,5665.0,7148.0
595,596.0,19-08-2019,autumn,1.0,8.0,0.0,0.0,0.0,2.0,26.069153,30.1777,71.1667,5.79215,1208.0,3341.0,4549.0
596,597.0,20-08-2019,autumn,1.0,8.0,0.0,1.0,1.0,2.0,26.069153,29.79835,73.4167,8.708593,1026.0,5504.0,6530.0
597,598.0,21-08-2019,autumn,1.0,8.0,0.0,2.0,1.0,1.0,26.615847,30.05125,67.375,4.8756436,1081.0,5925.0,7006.0
598,599.0,22-08-2019,autumn,1.0,8.0,0.0,3.0,1.0,1.0,27.3675,31.0927,67.7083,4.7089811,1094.0,6281.0,7375.0
599,600.0,23-08-2019,autumn,1.0,8.0,0.0,4.0,1.0,1.0,28.529153,31.8504,63.5833,5.6679186,1363.0,6402.0,7765.0
600,601.0,24-08-2019,autumn,1.0,8.0,0.0,5.0,1.0,2.0,28.8025,32.355,61.5,4.8337686,1325.0,6257.0,7582.0
601,602.0,25-08-2019,autumn,1.0,8.0,0.0,6.0,0.0,2.0,27.128347,30.9348,71.2917,16.375336,1829.0,4224.0,6053.0
602,603.0,26-08-2019,autumn,1.0,8.0,0.0,0.0,0.0,2.0,26.786653,29.7998,84.5833,15.333486,1483.0,3772.0,5255.0
603,604.0,27-08-2019,autumn,1.0,8.0,0.0,1.0,1.0,1.0,28.836653,32.7344,73.0417,8.625111,989.0,5928.0,6917.0
604,605.0,28-08-2019,autumn,1.0,8.0,0.0,2.0,1.0,1.0,29.861653,33.3025,62.0,12.791975,935.0,6105.0,7040.0
605,606.0,29-08-2019,autumn,1.0,8.0,0.0,3.0,1.0,1.0,28.085,31.78665,55.2083,7.541654,1177.0,6520.0,7697.0
606,607.0,30-08-2019,autumn,1.0,8.0,0.0,4.0,1.0,1.0,28.973347,32.63895,59.0417,5.1668189,1172.0,6541.0,7713.0
607,608.0,31-08-2019,autumn,1.0,8.0,0.0,5.0,1.0,1.0,31.330847,34.47,58.75,11.291711,1433.0,5917.0,7350.0
610,611.0,03-09-2019,autumn,1.0,9.0,0.0,1.0,0.0,1.0,29.0075,33.08145,79.0833,10.125107,1965.0,4069.0,6034.0
611,612.0,04-09-2019,autumn,1.0,9.0,0.0,2.0,1.0,1.0,29.759153,34.3444,75.5,15.833507,867.0,5997.0,6864.0
612,613.0,05-09-2019,autumn,1.0,9.0,0.0,3.0,1.0,1.0,30.203347,35.44915,74.125,12.583136,832.0,6280.0,7112.0
613,614.0,06-09-2019,autumn,1.0,9.0,0.0,4.0,1.0,2.0,28.563347,32.76645,81.0417,9.542207,611.0,5592.0,6203.0
614,615.0,07-09-2019,autumn,1.0,9.0,0.0,5.0,1.0,1.0,28.836653,32.8602,73.625,11.500282,1045.0,6459.0,7504.0
615,616.0,08-09-2019,autumn,1.0,9.0,0.0,6.0,0.0,2.0,27.025847,30.55605,79.9167,18.833968,1557.0,4419.0,5976.0
617,618.0,10-09-2019,autumn,1.0,9.0,0.0,1.0,1.0,1.0,23.916653,28.2827,50.375,17.333771,1118.0,6407.0,7525.0
618,619.0,11-09-2019,autumn,1.0,9.0,0.0,2.0,1.0,1.0,23.6775,27.7146,52.0,6.1676314,1070.0,6697.0,7767.0
619,620.0,12-09-2019,autumn,1.0,9.0,0.0,3.0,1.0,1.0,24.565847,28.50375,57.7083,8.833682,1050.0,6820.0,7870.0
620,621.0,13-09-2019,autumn,1.0,9.0,0.0,4.0,1.0,1.0,25.1125,28.9779,63.7083,5.5422936,1054.0,6750.0,7804.0
621,622.0,14-09-2019,autumn,1.0,9.0,0.0,5.0,1.0,1.0,25.966653,29.70415,67.25,6.958821,1379.0,6630.0,8009.0
623,624.0,16-09-2019,autumn,1.0,9.0,0.0,0.0,0.0,1.0,23.78,28.15625,57.0,6.0422811,2166.0,5167.0,7333.0
624,625.0,17-09-2019,autumn,1.0,9.0,0.0,1.0,1.0,2.0,23.814153,27.6525,73.4583,10.166714,1022.0,5847.0,6869.0
625,626.0,18-09-2019,autumn,1.0,9.0,0.0,2.0,1.0,2.0,25.556653,28.25335,87.25,23.958329,371.0,3702.0,4073.0
626,627.0,19-09-2019,autumn,1.0,9.0,0.0,3.0,1.0,1.0,22.6525,27.0202,53.6667,14.416725,788.0,6803.0,7591.0
627,628.0,20-09-2019,autumn,1.0,9.0,0.0,4.0,1.0,1.0,22.413347,26.6096,61.8333,7.917189,939.0,6781.0,7720.0
628,629.0,21-09-2019,autumn,1.0,9.0,0.0,5.0,1.0,1.0,24.565847,28.59855,66.875,10.333343,1250.0,6917.0,8167.0
631,632.0,24-09-2019,winter,1.0,9.0,0.0,1.0,1.0,1.0,21.080847,25.12565,49.2917,9.541068,1001.0,6435.0,7436.0
632,633.0,25-09-2019,winter,1.0,9.0,0.0,2.0,1.0,1.0,22.55,27.20895,57.0,15.833507,845.0,6693.0,7538.0
633,634.0,26-09-2019,winter,1.0,9.0,0.0,3.0,1.0,1.0,26.035,29.83065,63.0833,16.3748,787.0,6946.0,7733.0
634,635.0,27-09-2019,winter,1.0,9.0,0.0,4.0,1.0,2.0,26.65,30.39875,69.0833,9.000914,751.0,6642.0,7393.0
635,636.0,28-09-2019,winter,1.0,9.0,0.0,5.0,1.0,2.0,25.385847,29.29315,69.0,10.999993,1045.0,6370.0,7415.0
637,638.0,30-09-2019,winter,1.0,9.0,0.0,0.0,0.0,1.0,21.593347,25.88315,58.3333,9.042186,2015.0,4874.0,6889.0
638,639.0,01-10-2019,winter,1.0,10.0,0.0,1.0,1.0,2.0,21.354153,25.6,64.9167,6.0838814,763.0,6015.0,6778.0
639,640.0,02-10-2019,winter,1.0,10.0,0.0,2.0,1.0,3.0,24.224153,27.11665,87.1667,6.999825,315.0,4324.0,4639.0
640,641.0,03-10-2019,winter,1.0,10.0,0.0,3.0,1.0,2.0,26.9575,29.95665,79.375,4.4585686,728.0,6844.0,7572.0
641,642.0,04-10-2019,winter,1.0,10.0,0.0,4.0,1.0,2.0,26.9575,30.39875,72.2917,7.875582,891.0,6437.0,7328.0
642,643.0,05-10-2019,winter,1.0,10.0,0.0,5.0,1.0,1.0,25.215,29.00935,62.75,7.12545,1516.0,6640.0,8156.0
644,645.0,07-10-2019,winter,1.0,10.0,0.0,0.0,0.0,2.0,17.049153,20.99065,70.8333,9.457854,781.0,2729.0,3510.0
645,646.0,08-10-2019,winter,1.0,10.0,0.0,1.0,0.0,2.0,15.716653,19.3804,70.9583,12.708493,874.0,4604.0,5478.0
646,647.0,09-10-2019,winter,1.0,10.0,0.0,2.0,1.0,2.0,18.313347,21.9056,76.1667,12.7501,601.0,5791.0,6392.0
647,648.0,10-10-2019,winter,1.0,10.0,0.0,3.0,1.0,1.0,21.080847,25.1571,63.0833,12.584007,780.0,6911.0,7691.0
648,649.0,11-10-2019,winter,1.0,10.0,0.0,4.0,1.0,1.0,17.835,21.55835,46.3333,12.166932,834.0,6736.0,7570.0
649,650.0,12-10-2019,winter,1.0,10.0,0.0,5.0,1.0,1.0,17.9375,21.65355,53.9167,15.751164,1060.0,6222.0,7282.0
650,651.0,13-10-2019,winter,1.0,10.0,0.0,6.0,0.0,1.0,16.126653,19.5698,49.4583,9.791514,2252.0,4857.0,7109.0
651,652.0,14-10-2019,winter,1.0,10.0,0.0,0.0,0.0,1.0,21.388347,25.4102,64.0417,18.667004,2080.0,4559.0,6639.0
652,653.0,15-10-2019,winter,1.0,10.0,0.0,1.0,1.0,2.0,23.028347,26.9575,70.75,19.834479,760.0,5115.0,5875.0
653,654.0,16-10-2019,winter,1.0,10.0,0.0,2.0,1.0,1.0,19.201653,23.0423,55.8333,12.208807,922.0,6612.0,7534.0
654,655.0,17-10-2019,winter,1.0,10.0,0.0,3.0,1.0,1.0,18.689153,22.5054,69.2917,6.791857,979.0,6482.0,7461.0
655,656.0,18-10-2019,winter,1.0,10.0,0.0,4.0,1.0,2.0,21.4225,25.63125,72.8333,15.874779,1008.0,6501.0,7509.0
656,657.0,19-10-2019,winter,1.0,10.0,0.0,5.0,1.0,2.0,23.096653,26.8948,81.5,9.041918,753.0,4671.0,5424.0
658,659.0,21-10-2019,winter,1.0,10.0,0.0,0.0,0.0,1.0,19.030847,22.82145,51.0,11.125618,2132.0,4692.0,6824.0
659,660.0,22-10-2019,winter,1.0,10.0,0.0,1.0,1.0,1.0,19.9875,24.1471,56.8333,5.4593811,830.0,6228.0,7058.0
660,661.0,23-10-2019,winter,1.0,10.0,0.0,2.0,1.0,1.0,22.310847,26.5152,64.1667,6.3345686,841.0,6625.0,7466.0
661,662.0,24-10-2019,winter,1.0,10.0,0.0,3.0,1.0,1.0,24.0875,27.93605,63.625,4.8762064,795.0,6898.0,7693.0
662,663.0,25-10-2019,winter,1.0,10.0,0.0,4.0,1.0,2.0,22.55,26.4844,80.0417,8.333125,875.0,6484.0,7359.0
663,664.0,26-10-2019,winter,1.0,10.0,0.0,5.0,1.0,2.0,22.379153,26.1375,80.7083,8.875289,1182.0,6262.0,7444.0
665,666.0,28-10-2019,winter,1.0,10.0,0.0,0.0,0.0,2.0,19.5775,23.38855,69.4583,12.125057,998.0,3461.0,4459.0
666,667.0,29-10-2019,winter,1.0,10.0,0.0,1.0,1.0,3.0,18.04,21.97,88.0,23.9994,2.0,20.0,22.0
667,668.0,30-10-2019,winter,1.0,10.0,0.0,2.0,1.0,2.0,13.045462,15.49545,82.5455,14.271603,87.0,1009.0,1096.0
668,669.0,31-10-2019,winter,1.0,10.0,0.0,3.0,1.0,2.0,14.6575,18.055,66.6667,11.166689,419.0,5147.0,5566.0
669,670.0,01-11-2019,winter,1.0,11.0,0.0,4.0,1.0,2.0,14.999153,18.4971,58.1667,10.542182,466.0,5520.0,5986.0
670,671.0,02-11-2019,winter,1.0,11.0,0.0,5.0,1.0,1.0,14.555,17.8021,52.2083,17.833725,618.0,5229.0,5847.0
671,672.0,03-11-2019,winter,1.0,11.0,0.0,6.0,0.0,2.0,14.076653,16.1923,49.125,18.125443,1029.0,4109.0,5138.0
672,673.0,04-11-2019,winter,1.0,11.0,0.0,0.0,0.0,1.0,13.359153,16.4769,53.2917,12.000236,1201.0,3906.0,5107.0
673,674.0,05-11-2019,winter,1.0,11.0,0.0,1.0,1.0,1.0,13.085847,15.40375,49.4167,15.833775,378.0,4881.0,5259.0
674,675.0,06-11-2019,winter,1.0,11.0,0.0,2.0,1.0,1.0,11.514153,14.07835,56.7083,11.625371,466.0,5220.0,5686.0
675,676.0,07-11-2019,winter,1.0,11.0,0.0,3.0,1.0,2.0,12.129153,13.73105,54.75,20.375236,326.0,4709.0,5035.0
676,677.0,08-11-2019,winter,1.0,11.0,0.0,4.0,1.0,1.0,14.439134,17.09455,33.3478,23.304945,340.0,4975.0,5315.0
677,678.0,09-11-2019,winter,1.0,11.0,0.0,5.0,1.0,1.0,14.828347,17.77065,54.0833,14.375386,709.0,5283.0,5992.0
678,679.0,10-11-2019,winter,1.0,11.0,0.0,6.0,0.0,1.0,15.955847,19.69685,64.5417,3.8756686,2090.0,4446.0,6536.0
680,681.0,12-11-2019,winter,1.0,11.0,0.0,1.0,0.0,1.0,19.885,23.76915,74.1667,11.625639,1097.0,5172.0,6269.0
681,682.0,13-11-2019,winter,1.0,11.0,0.0,2.0,1.0,2.0,14.076653,16.16125,66.2917,22.917082,327.0,3767.0,4094.0
682,683.0,14-11-2019,winter,1.0,11.0,0.0,3.0,1.0,1.0,11.855847,14.07815,55.2083,13.374875,373.0,5122.0,5495.0
683,684.0,15-11-2019,winter,1.0,11.0,0.0,4.0,1.0,2.0,13.188347,16.2246,62.0417,10.250129,320.0,5125.0,5445.0
684,685.0,16-11-2019,winter,1.0,11.0,0.0,5.0,1.0,1.0,14.145,17.3602,52.4583,11.458675,484.0,5214.0,5698.0
685,686.0,17-11-2019,winter,1.0,11.0,0.0,6.0,0.0,1.0,13.325,16.31915,54.5417,12.041843,1313.0,4316.0,5629.0
686,687.0,18-11-2019,winter,1.0,11.0,0.0,0.0,0.0,1.0,14.0425,16.8873,69.2917,15.250004,922.0,3747.0,4669.0
687,688.0,19-11-2019,winter,1.0,11.0,0.0,1.0,1.0,2.0,15.614153,18.78105,62.3333,15.749489,449.0,5050.0,5499.0
688,689.0,20-11-2019,winter,1.0,11.0,0.0,2.0,1.0,2.0,15.340847,19.03335,68.5,5.542575,534.0,5100.0,5634.0
689,690.0,21-11-2019,winter,1.0,11.0,0.0,3.0,1.0,1.0,14.486653,18.2446,61.375,6.917482,615.0,4531.0,5146.0
690,691.0,22-11-2019,winter,1.0,11.0,0.0,4.0,0.0,1.0,13.94,17.51855,58.0417,3.5423436,955.0,1470.0,2425.0
691,692.0,23-11-2019,winter,1.0,11.0,0.0,5.0,1.0,1.0,15.101653,18.93895,56.875,9.917407,1603.0,2307.0,3910.0
692,693.0,24-11-2019,winter,1.0,11.0,0.0,6.0,0.0,1.0,11.411653,12.4371,40.4583,25.250357,532.0,1745.0,2277.0
693,694.0,25-11-2019,winter,1.0,11.0,0.0,0.0,0.0,1.0,10.079153,12.87915,46.8333,10.0835,309.0,2115.0,2424.0
694,695.0,26-11-2019,winter,1.0,11.0,0.0,1.0,1.0,1.0,12.846653,16.9502,53.5417,3.12555,337.0,4750.0,5087.0
695,696.0,27-11-2019,winter,1.0,11.0,0.0,2.0,1.0,2.0,11.958347,14.0779,78.6667,15.916654,123.0,3836.0,3959.0
696,697.0,28-11-2019,winter,1.0,11.0,0.0,3.0,1.0,1.0,12.163347,14.4881,50.625,14.125007,198.0,5062.0,5260.0
697,698.0,29-11-2019,winter,1.0,11.0,0.0,4.0,1.0,1.0,11.51567,14.9211,55.5652,7.739974,243.0,5080.0,5323.0
698,699.0,30-11-2019,winter,1.0,11.0,0.0,5.0,1.0,1.0,12.231653,16.19335,64.9583,3.9175436,362.0,5306.0,5668.0
699,700.0,01-12-2019,winter,1.0,12.0,0.0,6.0,0.0,2.0,12.231653,15.8452,80.6667,4.0001814,951.0,4240.0,5191.0
700,701.0,02-12-2019,winter,1.0,12.0,0.0,0.0,0.0,2.0,14.2475,17.9604,82.3333,8.333393,892.0,3757.0,4649.0
701,702.0,03-12-2019,winter,1.0,12.0,0.0,1.0,1.0,1.0,18.5525,22.7898,76.75,5.5422936,555.0,5679.0,6234.0
702,703.0,04-12-2019,winter,1.0,12.0,0.0,2.0,1.0,1.0,19.509153,23.4527,73.375,11.666643,551.0,6055.0,6606.0
703,704.0,05-12-2019,winter,1.0,12.0,0.0,3.0,1.0,1.0,17.971653,21.4006,48.5,21.709407,331.0,5398.0,5729.0
704,705.0,06-12-2019,winter,1.0,12.0,0.0,4.0,1.0,1.0,10.489153,12.9102,50.875,11.708518,340.0,5035.0,5375.0
705,706.0,07-12-2019,winter,1.0,12.0,0.0,5.0,1.0,2.0,13.154153,16.0979,76.4167,8.7502,349.0,4659.0,5008.0
706,707.0,08-12-2019,winter,1.0,12.0,0.0,6.0,0.0,2.0,15.648347,19.4754,91.125,6.792393,1153.0,4429.0,5582.0
707,708.0,09-12-2019,winter,1.0,12.0,0.0,0.0,0.0,2.0,15.750847,19.5073,90.5417,10.584325,441.0,2787.0,3228.0
708,709.0,10-12-2019,winter,1.0,12.0,0.0,1.0,1.0,2.0,17.869153,21.77875,92.5,12.750636,329.0,4841.0,5170.0
709,710.0,11-12-2019,winter,1.0,12.0,0.0,2.0,1.0,2.0,14.486653,16.91815,59.6667,19.834479,282.0,5219.0,5501.0
710,711.0,12-12-2019,winter,1.0,12.0,0.0,3.0,1.0,2.0,12.1975,14.8669,53.8333,10.916779,310.0,5009.0,5319.0
711,712.0,13-12-2019,winter,1.0,12.0,0.0,4.0,1.0,1.0,12.129153,14.7094,48.5833,11.666643,425.0,5107.0,5532.0
712,713.0,14-12-2019,winter,1.0,12.0,0.0,5.0,1.0,1.0,11.548347,14.7096,64.2917,8.792343,429.0,5182.0,5611.0
713,714.0,15-12-2019,winter,1.0,12.0,0.0,6.0,0.0,1.0,13.290847,16.91915,65.0417,7.12545,767.0,4280.0,5047.0
714,715.0,16-12-2019,winter,1.0,12.0,0.0,0.0,0.0,2.0,14.8625,18.4969,83.875,6.749714,538.0,3248.0,3786.0
715,716.0,17-12-2019,winter,1.0,12.0,0.0,1.0,1.0,2.0,16.126653,20.075,90.7083,6.5833061,212.0,4373.0,4585.0
716,717.0,18-12-2019,winter,1.0,12.0,0.0,2.0,1.0,1.0,16.844153,20.4854,66.625,14.834068,433.0,5124.0,5557.0
717,718.0,19-12-2019,winter,1.0,12.0,0.0,3.0,1.0,1.0,13.6325,17.1081,62.5417,12.334164,333.0,4934.0,5267.0
718,719.0,20-12-2019,winter,1.0,12.0,0.0,4.0,1.0,2.0,13.53,16.76085,66.7917,8.875021,314.0,3814.0,4128.0
719,720.0,21-12-2019,spring,1.0,12.0,0.0,5.0,1.0,2.0,13.393347,15.08835,55.6667,25.083661,221.0,3402.0,3623.0
720,721.0,22-12-2019,spring,1.0,12.0,0.0,6.0,0.0,1.0,10.899153,11.80565,44.125,12.125057,205.0,1544.0,1749.0
721,722.0,23-12-2019,spring,1.0,12.0,0.0,0.0,0.0,1.0,10.079153,12.97355,51.5417,8.916561,408.0,1379.0,1787.0
722,723.0,24-12-2019,spring,1.0,12.0,0.0,1.0,1.0,2.0,9.483464,12.945,79.1304,5.1744368,174.0,746.0,920.0
723,724.0,25-12-2019,spring,1.0,12.0,0.0,2.0,0.0,2.0,11.943464,14.72325,73.4783,11.304642,440.0,573.0,1013.0
724,725.0,26-12-2019,spring,1.0,12.0,0.0,3.0,1.0,3.0,9.976653,11.01665,82.3333,21.208582,9.0,432.0,441.0
725,726.0,27-12-2019,spring,1.0,12.0,0.0,4.0,1.0,2.0,10.420847,11.3321,65.2917,23.458911,247.0,1867.0,2114.0
726,727.0,28-12-2019,spring,1.0,12.0,0.0,5.0,1.0,2.0,10.386653,12.7523,59.0,10.416557,644.0,2451.0,3095.0
727,728.0,29-12-2019,spring,1.0,12.0,0.0,6.0,0.0,2.0,10.386653,12.12,75.2917,8.333661,159.0,1182.0,1341.0
728,729.0,30-12-2019,spring,1.0,12.0,0.0,0.0,0.0,1.0,10.489153,11.585,48.3333,23.500518,364.0,1432.0,1796.0
729,730.0,31-12-2019,spring,1.0,12.0,0.0,1.0,1.0,2.0,8.849153,11.17435,57.75,10.374682,439.0,2290.0,2729.0
184,,,,,,0.0,,,,,,,,675.0,,
512,,,,,,0.0,,,,,,,,675.0,,
549,,,,,,0.0,,,,,,,,675.0,,
148,,,,,,,,,,,,,,675.0,,
183,,,,,,,,,,,,,,675.0,,
196,,,,,,,,,,,,,,675.0,,
246,,,,,,,,,,,,,,675.0,,
281,,,,,,,,,,,,,,675.0,,
440,,,,,,,,,,,,,,675.0,,
446,,,,,,,,,,,,,,675.0,,
454,,,,,,,,,,,,,,675.0,,
455,,,,,,,,,,,,,,675.0,,
461,,,,,,,,,,,,,,675.0,,
468,,,,,,,,,,,,,,675.0,,
469,,,,,,,,,,,,,,675.0,,
475,,,,,,,,,,,,,,675.0,,
489,,,,,,,,,,,,,,675.0,,
496,,,,,,,,,,,,,,675.0,,
503,,,,,,,,,,,,,,675.0,,
504,,,,,,,,,,,,,,675.0,,
510,,,,,,,,,,,,,,675.0,,
511,,,,,,,,,,,,,,675.0,,
517,,,,,,,,,,,,,,675.0,,
518,,,,,,,,,,,,,,675.0,,
524,,,,,,,,,,,,,,675.0,,
531,,,,,,,,,,,,,,675.0,,
532,,,,,,,,,,,,,,675.0,,
538,,,,,,,,,,,,,,675.0,,
539,,,,,,,,,,,,,,675.0,,
559,,,,,,,,,,,,,,675.0,,
567,,,,,,,,,,,,,,675.0,,
580,,,,,,,,,,,,,,675.0,,
594,,,,,,,,,,,,,,675.0,,
608,,,,,,,,,,,,,,675.0,,
609,,,,,,,,,,,,,,675.0,,
616,,,,,,,,,,,,,,675.0,,
622,,,,,,,,,,,,,,675.0,,
629,,,,,,,,,,,,,,675.0,,
630,,,,,,,,,,,,,,675.0,,
636,,,,,,,,,,,,,,675.0,,
643,,,,,,,,,,,,,,675.0,,
657,,,,,,,,,,,,,,675.0,,
664,,,,,,,,,,,,,,675.0,,
679,,,,,,,,,,,,,,675.0,,
