,atemp,hum,windspeed
0,-0.4563991203197833,0.855581878146651,-0.20890882308794095
1,-0.4928625107770049,0.33272231572101857,0.6875500863711644
2,-1.098989843105253,-0.900337429414364,0.6852095422964299
3,-1.0152007634960376,-0.17063232580936002,-0.21043526487581127
4,-0.9519523091605695,-0.9018429386969482,0.060294450620880104
5,-0.9374237541321458,-0.5144887402436686,-0.9302115902724953
6,-1.0273097368797173,-0.607701680477094,-0.12464923639749573
7,-1.1991332291364107,-0.4307709898842639,0.8734198147408484
8,-1.3690903977463962,-0.9151352516666011,1.8416520170656192
9,-1.2410554318409202,-0.682877094938797,0.4303751739507619
10,-1.0913954549855465,0.2863993196622606,-0.5988027608243804
11,-1.205702245766424,-0.12722982718802056,1.2583171996916585
12,-1.2410738737741882,-0.7424304684587467,1.221407837260953
13,-1.1026487226655972,-0.421275800010243,-0.5538643145894762
14,-0.882455727833949,-0.6074444099034877,-0.23417652281648874
15,-0.9337058603853443,-0.6789084581274275,0.0758946856929156
16,-1.145588920086493,-0.42282895199164344,0.13271902531603696
17,-0.9406547808406758,1.1215901227156817,-0.34802872763444764
18,-0.6968929952926968,0.5502207643556386,0.2782398090930136
19,-0.8568657012314603,-0.4188603151802739,0.1519216630074464
20,-1.2154395865318564,-0.8059572430599474,1.7530369831404506
21,-1.50594945988188,-1.077916060711091,-0.09163738866515202
22,-1.4330318999340705,-0.9039153960954425,0.6678182821932935
23,-1.3626172791693756,-0.640846706043357,-0.2304418285754991
24,-0.9325661489093904,-0.04427436000967136,-0.5208117617427894
25,-1.0466331945577858,1.1255587595270509,1.1486474453724647
26,-0.9872501694352621,0.2918115302477539,-0.6832149916936125
27,-0.9739092749092889,0.7946468663610385,-0.5869168674361628
28,-1.0151860099494232,0.12143647501200015,-0.36237728044042944
29,-0.8743043933295529,0.4570078241222129,-1.0887844689636224
30,-1.1106267029972754,-0.1071960723359096,0.06326592396793458
31,-0.9325513953627761,0.9686475309766874,-1.3001417046793073
32,-0.8592004499831719,0.7106718454280282,0.8480198233906848
33,-1.1415058760609877,-0.8977027881698413,0.9848297126982145
34,-0.9544714772449598,-0.19549228605152782,-0.5407267389352051
35,-0.9010968339811064,1.4431783397234104,-0.20246723874312772
36,-0.7217932935909672,-0.27593221873239443,-0.3986557135988154
37,-0.677580602774589,0.5339936611389222,-1.3795645061579207
38,-1.066380816701015,-0.42084225145101795,1.8416520170656192
39,-1.2654172256877692,-0.6263442685237791,0.0800262547987513
40,-1.2459978699567078,-0.8997752455683355,0.41682037087447305
41,-1.010084971207532,-0.5711692590250158,-0.7370169765767508
42,-0.938364292728807,-0.3910655646910431,0.22786723009329096
43,-0.6021346537757555,-0.804489847936416,0.8131660692343115
44,-0.32831989377446436,-1.193054170939621,2.411096214169959
45,-0.8597278892746328,-1.4859853046095501,1.1234509795940175
46,-0.6313208573654777,-0.9660605324309806,0.7206433443321946
47,-0.2165322710779771,-0.5776677231435129,0.4999503906418943
48,0.09080254683098452,-0.5220829864349326,0.8542985872781251
49,-0.35393942747018176,-2.088336710009612,3.3224328429215073
50,-0.7746884465898561,-1.0406308846177208,0.43004953303601634
51,-0.7498102786115071,-0.10124073498391463,1.2910746404593574
52,-1.1114270829011008,-0.2309336897007205,0.14967270543998412
53,-0.8912894138692561,-0.9681329898294749,-0.8839319105199824
54,-0.730940492491828,0.3389349236466195,0.7074650635635803
55,-0.5049530422274167,0.4093651253062531,1.6848253877798156
56,-0.7567555106801848,-0.42084225145101795,0.056946454966151056
57,-0.5025629676759015,0.25607950613578406,-0.5670934767510194
58,-0.32179882617094746,1.1916105971654973,1.1062734213411825
59,-0.8243009354670653,-0.4347396266956334,0.36074907586670085
60,-0.617043112629497,-0.8416892671719174,1.2909423488377418
61,-1.059420831085723,-1.4669996891313901,0.45568357879365295
62,-0.8545457060263628,-0.07543268503530924,0.22765352824298904
63,-0.40050530897153963,0.776180556299973,0.7214574466190588
64,-0.4467097285808472,1.5341473088426036,1.651732129818786
65,-0.918052347427581,-0.35706297054609243,1.632041030755258
66,-0.6822205931847838,-0.9786620262678019,-0.6138840056885396
67,-0.7404675952180069,0.7106718454280282,0.3986557135988154
68,-0.3750960133150758,-2.983624013349484,0.8232812901485991
69,-0.6726307878854941,0.11107895228941059,0.5291156050688044
70,-0.5960967648238564,-0.15087013434049992,0.4050158877149422
71,-0.395666145682052,-0.47099095622469717,0.9120896733668981
72,-0.5730443482390258,-0.6159867458011893,-0.4482548954260172
73,-0.6240252285647107,0.14007906305868528,0.0339277128050658
74,-0.44420900242972483,0.7159363636471912,0.2253231604468403
75,-0.2841219565047005,-0.11116470914727912,0.29108227266829656
76,0.14622424468757061,-0.4813484789472868,0.509241332990732
77,-0.07686413366713214,-1.1771700951543802,1.9049179410335537
78,-0.5960967648238564,-0.7265511569433873,0.27217474705587524
79,-0.28632761172353693,0.5295057189104587,1.097084241778203
80,-0.17233064542155954,-0.007942037892620442,0.4556428736793097
81,-0.5511390199034565,1.0162902297926473,0.5422531807230754
82,-0.7986518946781193,0.855581878146651,0.6391924105314309
83,-0.8522109572746512,-0.6253104219594727,0.5062698596436775
84,-0.847567278477803,-1.1057060469304405,0.2910008624396101
85,-0.8742416907564422,-0.6304891833207674,0.03383612629779359
86,-0.8475562133178423,-1.5439855261480997,0.3177950039560282
87,-0.7172307593004976,-1.486847637458119,0.4683225167972197
88,-0.7008469457853268,0.09727209817254545,-0.08229556492338533
89,-0.8475525249311887,1.391562239826199,0.3731743120199657
90,-0.7521007667233757,0.2858561928957589,0.7910326633101906
91,-0.6333974190514392,0.1310174217438895,0.16456060101101316
92,-0.40054956961138244,-0.6967744701834124,0.012598232889223536
93,0.20494336021245133,-0.9528539763191964,2.0820258935408615
94,-0.32831989377446436,0.07543268503530891,2.107425884891025
95,-0.3679405432071443,-0.7404485321880028,0.8353503565513609
96,-0.19795017911727691,-0.11116470914727912,-0.18991988724683317
97,-0.6007847042605479,1.0004966751351563,0.46828181168287647
98,-0.5378977118171298,1.1970228077509906,-0.4873623340312565
99,-0.22361766183949075,1.101737410119071,-0.3481101378631341
100,0.287150121947284,0.4321478638800451,1.460285800784082
101,0.020985075865503022,0.5379670622201738,0.9555932643212043
102,-0.2584876692623689,0.9191086527478524,0.7086963932724623
103,-0.09081730037759851,-0.408931576747028,-0.7151379776172753
104,-0.16764270598486844,0.2143921446718192,0.4620030477954365
105,-0.22820970322318893,1.2486341433783195,1.6265051352045814
106,-0.15368953927440207,-0.6987611707240379,1.246807828611116
107,0.058208273973360675,-0.3990076025836635,-0.17714865762165094
108,0.006983960128540446,0.1885840947232135,-0.23409511258780227
109,0.2841072029580862,-0.057566672979324315,0.6202441798046661
110,-0.12345952226171857,-1.0441707371397466,1.4682640031953516
111,-0.6100978805608194,0.49230629967495737,0.3922548343683457
112,-0.13736842833234217,1.246652207107576,0.5062698596436775
113,0.2375265679101141,0.879403227554631,0.11397432016098859
114,0.32138941525240117,0.7166271827800231,0.04434822207692752
115,0.393619091089319,0.490324363404214,1.480902941198918
116,0.323757359483995,0.9965280383237871,1.3353821574219416
117,0.33772527974107536,0.35533354057907285,1.4239971913471101
118,0.037247172621105884,-0.8059572430599474,0.6012959490779018
119,-0.0860998538476789,-0.5856097610361333,0.5505366714919189
120,-0.1444390655472413,0.6471450708268268,-0.7593640843511732
121,0.16770540855797916,0.49429300021558314,0.025226994614204565
122,0.34934369769983015,0.3374675285230879,1.6454228370955881
123,-0.30508305785695505,0.5280383237869273,1.5063029325490815
124,-0.16762795243825418,-0.8674925528506413,1.1643392669517723
125,-0.04886190219320673,-0.17270478320785435,0.48104286502947297
126,0.09315573751596379,-0.4049629399356585,-0.20886811797359772
127,0.11643683407331615,0.025808049948605374,-1.0821200241177802
128,0.1397216190173217,-0.17866012055984934,-0.05062698596436781
129,0.1304084427170502,-0.6531004081788221,-0.6645516967672507
130,0.15135479052269074,0.031763387300600354,-0.6139654159172261
131,0.132776386948644,0.5776677231435129,0.0884522134677959
132,0.025580805635854884,1.12952739633842,-0.012720348232253239
133,0.048924604766317714,1.4114149524228097,-0.46836322191156293
134,0.17938652908984468,1.1473934083944048,-0.2848950952881285
135,0.23291239620649454,0.7702252189479779,-0.550577376606262
136,0.18871445893673042,1.008438713027777,0.9807795538210653
137,0.14677381429895314,1.1612907836390207,0.20878670774491123
138,0.08622525899390035,0.9687332878345556,-0.7404463824601663
139,0.15372273475428452,0.44466360085899753,-0.5694849022186831
140,0.31207623895212944,0.0019867005406254646,-0.6138840056885396
141,0.32138941525240117,0.587591697306877,-0.33548137613815304
142,0.3796511708322386,0.8754345907432618,0.5379893199956243
143,0.4331954798821562,0.5459043358429122,0.2657738678254055
144,0.4727681802883399,0.33349889171171876,-0.2721340419415323
145,0.6171537642291045,0.2441688314317941,0.1899605923611764
146,0.5519430881939357,0.1310174217438895,0.6075645366867561
147,0.4611018133030889,0.49230629967495737,0.4998282752988646
148,0.4727976873815684,0.9171219522072266,0.3354406710238098
149,0.6776580588943142,0.279900855543764,-0.5062698596436775
150,0.8779042587034405,0.04962939935658529,-0.7087370983868054
151,0.8616163432412622,0.2421821308911683,0.2657738678254055
152,0.57751836124981,-1.5305216994627093,1.132741921942855
153,0.36798480384698734,-1.2962768421942796,0.7341777948513117
154,0.3958800721079593,-0.809925879871317,-0.5885247194527197
155,0.4774229242451488,0.12506208439189453,-0.43028358744349
156,0.4960640303923063,-0.12506208439189453,-0.6012043625706296
157,0.6218085081859134,-0.13498605855525903,0.06953451157678885
158,0.8848974397986147,-0.019852712596610398,-0.4493641097918697
159,0.9966555554018734,-0.27593221873239443,-0.31640085378977334
160,0.7964241091393615,-0.10124073498391463,-0.41133535671672544
161,0.7032775925900313,0.1349860585552587,-0.265855278054092
162,0.5752426266845555,0.5796544236841387,-0.17714865762165094
163,0.42154386644351943,-0.6272971225000982,1.265674649109194
164,0.3842616541492047,-0.5677437489801483,0.8986468093550529
165,0.37027529195885617,-0.7364751311067518,-0.13293272716633886
166,0.39827752343278156,0.2957801670591231,0.25945439882362226
167,0.41685592700682833,0.5220829864349322,-0.3861490672168641
168,0.5775626218896528,0.21042350786045003,-0.6265229436921064
169,0.5845410494382127,0.1925574958044651,-0.8036716013137576
170,0.39827752343278156,0.5717123857915178,-0.25949510393796554
171,0.5542962788789152,0.6868504960200482,-0.10125397192873561
172,0.7615209062366013,0.38709692787967354,-0.08866591531809782
173,0.7615356597832156,0.36724421528306284,0.5884840143383764
174,0.624143256937625,-0.2521108693244145,0.41773623594719517
175,0.5751983660447126,-0.680895158668053,0.2910008624396101
176,0.5542335763058045,-0.5379670622201734,-0.8796548206303696
177,0.5519283346473214,0.15285207061124362,-0.7468065565762929
178,0.7568329667999097,0.037718724652595334,-0.37338801387026765
179,0.6171537642291045,-0.6114130467148573,0.8227114185477944
180,0.5519430881939357,-0.9151352516666011,0.04413452022662561
181,0.6078368995421793,-1.095782072767076,-0.7974844239335895
182,0.6637012037971944,-0.8655106165798973,-0.6707490504260045
183,0.6683743896872713,0.267990180839774,0.48727074752398425
184,0.6567264646352882,0.05558473670858027,-1.0124969789172948
185,0.7707750683504152,-0.1707180826672289,-0.5568154353793588
186,0.7312908892239176,0.5578150105469021,-0.31640085378977334
187,0.735857111901041,0.11910674703989955,-0.22158846620585096
188,0.6754118314222882,0.6272971225000985,0.44932340467752646
189,0.6520827858384399,-0.08138802238730422,-0.13293272716633886
190,0.7474902834064097,-0.22828951991643462,0.025399991350163242
191,0.8942106160988861,0.045655998275334356,1.0314879500141194
192,0.9291433260948747,-0.31960151646710333,0.19618847485568772
193,0.745199795294541,0.025808049948605374,-0.3545618984865331
194,0.5449204000055328,-0.7146404822393974,0.6074424213437267
195,0.5053329460527349,-0.16674944585585938,0.018907525612421046
196,0.5565720134441697,-0.19652613261583426,0.2784942160576588
197,0.673014380097466,-0.10520937179528414,0.651872053649341
198,0.7987588578910729,0.11910674703989955,0.3544296068649176
199,0.959402850200787,0.11513811022853038,-0.5126300337598043
200,0.9570828549956897,0.38511022733904776,-0.6834185172653287
201,1.2503870500744598,0.30967754230373884,0.41769553083285194
202,1.3039608662176063,-0.21836078148318872,-0.4871893372952978
203,1.168932719216956,-0.6014890725514928,-0.5063105647580207
204,1.1340479582474636,-0.3593069416603241,-0.12012079242681342
205,0.86158314776138,0.6233237214188468,-0.917561458362484
206,0.7731393241953559,-0.40694964047628396,0.19622917997003095
207,0.7498582276380035,-1.0640186854664755,0.025318581121476773
208,0.9314485677533577,-0.2044681705084547,-0.025399991350163242
209,1.1013614757235004,-0.3990076025836635,-0.06957521669113209
210,0.8895374302088093,-0.7642698815959826,-0.1265725530502124
211,0.8941811090056576,-0.6928058333720429,-0.16446901450374093
212,0.7964241091393615,-0.3593069416603241,-0.24685616593439874
213,0.8103625223032133,-0.6431764340154577,0.25313492982183877
214,0.7102818388451666,0.14888343379987445,-0.46192163756675003
215,0.6544064694301909,0.6253104219594727,0.1646013061253564
216,0.6240842427511679,0.021834648867354447,0.03786593261777133
217,0.6963286721347,0.6133997472554827,0.4810835701438162
218,0.8406847489822362,0.6034757730921185,0.20873582635198226
219,0.7963909136594792,-0.16278080904448985,0.11397432016098859
220,0.873249514746631,-0.26600348029914855,-0.3038026209005498
221,0.7288934378990953,-0.962777950482561,0.19622917997003095
222,0.6054726436972392,-0.9647646510231864,-0.16464201123969963
223,0.6147710664508964,-1.0064520124871512,-0.563297724838515
224,0.5845853100780559,0.49230629967495737,0.31016279501667626
225,0.5053956486258457,0.9111666148552316,0.4239234133273632
226,0.47507342194682295,0.4089315767470277,0.2847220985521698
227,0.5845078539583305,-0.22828951991643462,0.563297724838515
228,0.6613517014988686,-0.24218213089116863,-0.37965660147912217
229,0.6450748511966514,0.1349860585552587,0.5315375593722254
230,0.5379751679368551,0.4605476766442391,-0.4240149998346354
231,0.5961594673969677,0.22828951991643495,-0.7785667220425826
232,0.6940086769296027,0.6848637954794224,0.689737986267112
233,0.5565388179642875,-0.7444171689993723,0.9746330815552405
234,0.4378207167457365,-0.8138945166826865,-0.34815084297747734
235,0.5286472380899693,-0.10124073498391463,0.7340455032296963
236,0.5845705565314417,0.6928058333720433,0.30384332601489306
237,0.6357616748963795,0.6431764340154577,-0.9872262263051713
238,0.5465875507729477,1.066005386007101,1.9807312164977828
239,0.5923346104372125,-0.30722394331471703,1.2586428406064043
240,0.444795455907643,-0.3414409296043392,-0.2152282920897242
241,0.3959095792011878,-0.3712176163643141,-0.5695357836116121
242,0.456461822892894,-0.13498605855525903,-0.9936291407913583
243,0.4704776921764711,0.061540074060575246,-0.39869641871315864
244,0.43317703794888845,0.4803956249709674,-0.4176955308328522
245,0.5379456608436265,0.4307709898842642,0.04426681184824105
246,0.656770725275131,0.5518596731949071,0.259413693709279
247,0.5100356390360403,0.7821358936519679,0.32280173302024306
248,0.10266808669552852,1.2420785080212438,1.658407768571072
249,0.20973826286209593,1.3856069024742041,-0.8543413276481857
250,0.25079738308966937,1.4927172179522454,0.11980532779065356
251,0.33778798231418605,1.294294905923536,-0.5759366628420821
252,0.44481020945425725,0.6074444099034877,-0.2784942160576588
253,0.4494833953443341,0.41687361463964845,-0.6708304606546908
254,0.42329953849062024,0.31407972767433345,-0.9368485591661557
255,0.4285518010853081,0.41091827728765346,-0.3986150084844722
256,0.5146608758996207,0.3374675285230879,-0.13916060966085017
257,0.24456400964513128,0.39503896577229436,0.9176052163604033
258,-0.09549048626767535,-0.1707180826672289,-0.17088007001279668
259,-0.032651442850754026,0.43870826350700254,0.08853362369648238
260,0.01170140665846006,0.32754355435972377,-0.025359286235820008
261,0.1560574835059961,0.30372220495174385,-0.2974831518987663
262,0.1654333623793783,1.2148888198069754,-0.4683225167972197
263,0.23298985232621952,1.3042188800869001,-0.8606160210241915
264,0.24932940520154737,1.3141428542502642,-0.5378163232596657
265,0.12821016427152065,1.6496284465026088,-1.0441706460156053
266,0.2841809706911578,1.1255587595270509,-1.044001719791081
267,0.3145179509167948,1.042184036599121,-1.3289792429357548
268,0.37502593396865824,1.0580633481144803,-0.7151379776172753
269,0.32148162491874044,1.2347415324035862,-0.6391110003027444
270,0.323816373670452,1.060050048655106,-0.32916190713636984
271,0.321433675892244,0.3473962669563345,-0.0823464463163143
272,0.21195129485423975,0.10124073498391463,0.25949510393796527
273,-0.27479033827116106,0.6074444099034877,1.1328335084501273
274,-0.5239261031733957,0.7880912310039628,0.4176141206041657
275,-0.35157148323858795,0.6411897334748318,-0.9935019373090358
276,-0.053505580990055056,0.3990076025836635,0.253175634936182
277,0.1467000465658816,0.10322743552454043,-0.03790663773211457
278,-0.02559555918246914,-0.025808049948605374,-0.4683225167972197
279,0.06284826438355531,0.27593221873239476,-1.6137878398559038
280,0.09544622562783259,0.3573202411196987,-1.3796062289001223
281,0.1350631866738591,0.4823823255115932,-1.1959671407964465
282,0.20492860666583682,0.5121590122715681,-1.4111526925161104
283,0.2166244807443166,0.8694792533912667,-0.38601677559524866
284,0.11195175590257148,1.333995566846875,0.6835915140012871
285,0.23767779176291062,1.288339568571541,-0.3987880052204309
286,0.1560574835059961,0.4287842893436384,0.4366437615596165
287,0.04190191657791504,-0.680895158668053,0.7846724891940644
288,0.05823778106658919,-0.6650110828828121,1.025178657290922
289,0.08616255642078963,-0.22233418256443965,-0.056946454966151056
290,0.1304084427170502,0.35930694166032445,-0.7213760363903722
291,0.09768138793989779,1.2814313772432264,0.6346334377249908
292,-0.07686413366713214,0.047642698815959825,2.455536022754159
293,-0.23520288431836306,-0.2481374682431636,0.41133535671672544
294,-0.22820970322318893,0.01389737524461542,-0.8986498622386286
295,-0.23986131666182567,0.547891036383538,-0.8289850942959414
296,-0.1117488946366248,0.6947877696427867,-0.6327915313009609
297,-0.08848255162588695,-0.01587931151535947,-0.14569378051293536
298,-0.05354984162989809,0.44863700194024914,-0.32902961551475435
299,-0.11182635075634977,0.8893319659878776,0.17083936489845344
300,-0.6216867914263453,-0.19255749580446477,0.4935902165257675
301,-0.956957449849468,1.2208441571589705,1.7339971659064137
302,-0.6124031222193024,-0.011910674703989956,-0.04434822207692752
303,-0.48429070019410153,0.36724421528306284,-0.7594047894655164
304,-0.3329746377312735,0.273945518191769,-0.4620437529097797
305,-0.35862736690687286,0.44069496404762837,-1.0062640082834906
306,-0.30039511842026395,0.36128887793106784,-0.4493641097918697
307,-0.3097230482671499,-0.017866012055984933,0.9240468007052159
308,-0.6030899459190309,-0.5101723117309427,0.08229556492338533
309,-0.4610723062098601,0.5161276490829373,-0.9048828328724327
310,-0.31902147102080713,0.6312657593114677,-1.2593144749930674
311,-0.2770660728364154,0.45459233929224413,-1.1391071841982745
312,-0.28874719336828086,0.6292790587708419,-1.20873022939876
313,-0.4191611686653111,0.8913139022586208,0.0823464463163143
314,-0.6659289893359522,-0.8575685786872768,1.3605684469218027
315,-0.47736022167203807,-0.34937820322707824,0.31634997239684437
316,-0.2095538435294172,-0.8000019057079525,1.025219362405265
317,0.13738318187895643,-0.18660215845246977,1.2783542922271038
318,0.07455889200864935,0.2977668675997489,0.18986900585390418
319,-0.1304822104501215,1.4471469765347795,-0.44924199444884
320,-0.6054246946707424,-0.24020019462042458,1.2657967644522239
321,-0.7916882206761737,-1.0302733618951312,-0.12661325816455563
322,-0.6007699507139334,-0.5915650983881283,0.4428818203327135
323,-0.11178209011650674,0.27791415500313815,0.05062698596436781
324,-0.15602797641276733,1.35186157890286,-0.4367760531812319
325,-0.24221081896015148,1.601985747686649,-0.6327915313009609
326,-0.20960179255591366,0.6272971225000985,1.5757967390115268
327,-0.42377165198227723,-0.36724421528306317,-0.13911990454650694
328,-0.3935268814229795,0.08337472292792969,-0.8352608052998058
329,-0.3772389659608018,0.26402154402840483,-1.145382895202139
330,-0.11642208052670164,0.3434228658750829,0.2847220985521698
331,0.010170726197227338,0.5564333722812395,-0.3953789518941871
332,-0.1327431914687615,0.9746886251865505,0.7847640757013363
333,-0.6496853345136172,-0.061540074060575246,0.9177273317034327
334,-0.6705874216794149,-0.48436902605221865,0.39873712382750187
335,-0.5751356634716017,-0.0019867005406254646,-0.8163512444316676
336,-0.6519610690788716,-0.0635220103313193,-0.8669344723981164
337,-0.5099729364629296,0.7126537816987716,-0.9872689666752317
338,-0.34464100471652453,0.9568226131305656,-1.2086030259164375
339,-0.11420904853455781,1.5404456736260734,0.5251773852560988
340,-0.3213267126792902,1.6397044723392447,0.8670189355103787
341,-0.8499020272295147,-0.22034748202381418,0.6012450676849729
342,-0.6263710424763829,0.331512191171093,-0.9999038341673641
343,-0.814958252073565,-0.5657570484395229,0.5316698509938408
344,-0.8638588823266344,-0.6491317713674526,-1.1645051402927207
345,-0.8010013969764452,0.2124054441311934,-1.1959671407964465
346,-0.6868753371415927,-0.17270478320785435,-0.4113760618310687
347,-0.5495788323489953,0.17866012055984934,-1.2213233741486909
348,-0.27709926831629755,0.037718724652595334,0.8860180476300719
349,-0.47041498960336015,-0.5995023720108673,0.8100317754298844
350,-0.8778120490371008,-0.31166424284436434,0.6328831178082331
351,-0.8917984112274492,-0.1905707952638393,-0.11393361504664562
352,-0.761399189477033,0.0535980361679548,-0.08221415469469885
353,-0.3353130748696385,-0.14689673325924898,-1.2150904035148864
354,-0.21889652692291744,1.10570604693044,0.4113760618310687
355,-0.2258897080180916,0.6253104219594727,-1.360568446921803
356,-0.4051748064749628,0.2858561928957589,0.949151679976391
357,-0.6938685182367669,-0.3990076025836635,0.09493450292695209
358,-0.764984301304306,0.262292114061385,-0.2634027949149136
359,-0.6337736344901037,-0.5683440469852294,0.595210534483592
360,-0.5891515327551788,0.6491317713674526,0.07606768242887428
361,-0.7649363522778094,-0.5828464845048076,1.1497770122954887
362,-0.8242529864405688,-0.2481374682431636,-0.6264822385777634
363,-0.6216867914263453,0.04962939935658529,-0.47460128068466
364,-0.2701503478609662,-0.04962939935658529,0.39869641871315864
365,-0.4121532340235227,0.31563287965573383,0.11389290993230239
366,-0.8669940109821714,-1.1669888504174093,1.513110862922983
367,-1.33183769254531,-0.8813899280952567,1.8795179496833903
368,-1.3574277191477986,-1.0084387130277768,0.03790663773211457
369,-0.7706976122306902,-0.4863509623229627,-0.5188680925329011
370,-0.542552455773939,-0.40099430312428896,-0.13297343228068212
371,-0.3562446691286648,-0.45061893821099286,-0.06326592396793458
372,-0.5425856512538212,-0.7682385184073521,0.10753273581617563
373,-0.8847904765856606,0.35930694166032445,-0.8352180649297456
374,-0.6216351540131954,0.09658127903971345,0.06692938425882348
375,-0.7544355154750874,1.0540947113031112,-0.5063105647580207
376,-0.3888536955329026,0.8416892671719177,-8.141022868646821e-05
377,-0.8778452445169829,-0.5657570484395229,2.0060803264550167
378,-1.1222930699825264,-0.803970542519322,0.06317433746066237
379,-1.201453224341508,-0.9865992998905408,0.7152193878459614
380,-1.0943498526950584,-0.49429300021558314,0.5127114439884904
381,-0.4539906038350002,0.4280077133529382,1.7111921255956302
382,-0.7823455372826734,-0.8714659539318922,2.385869219555754
383,-1.0966550943535414,-0.6133997472554827,0.39873712382750187
384,-0.9826101790250674,-0.8397025666312918,0.22158846620585096
385,-1.152582101181667,0.9766753257271764,0.4240149998346354
386,-1.199147982683025,0.809925879871317,0.18991988724683317
387,-0.9010968339811064,1.357816916254855,-0.7150565673885888
388,-0.5099434293697008,0.9985099745945305,-0.5821645453365931
389,-0.7101748756322127,0.08337472292792969,-0.20254864897181418
390,-0.484338649220598,0.6828770949387967,-1.0947559092377712
391,-0.2654956039041573,0.547891036383538,1.6454228370955881
392,-0.5937767696187591,-0.395038965772294,0.3038026209005498
393,-0.7916882206761737,-1.5007450127027344,0.6011636574562864
394,-0.8289261723306456,-1.0739474238997215,0.3543074915218879
395,-0.39114418364477144,-0.9985099745945308,0.8226707134334509
396,-0.07681618464063594,-0.5637703478988975,0.0823464463163143
397,-0.3260294056625956,0.22233418256443999,0.0632150425750056
398,-0.6566010594890663,-0.4744402876189728,-0.025226994614204565
399,-0.7916734671295593,0.7305197937547565,-0.6012043625706296
400,-0.8219329912354714,0.29379823078837974,-0.05066769107871104
401,-0.7042550150532281,-0.019419164037385327,-0.2765403705691846
402,-0.4656975430734405,-0.6193550846074777,-0.34188225536862304
403,-0.8149250565936829,0.4605476766442391,-0.4808698682935143
404,-0.8312756746289716,-0.30570890549236934,0.13292255088775312
405,-0.7148333079756752,-0.41091827728765346,-0.6517499383063111
406,-1.0198296887462714,0.5002483375675781,1.107392811985621
407,-1.4226347067963139,-0.7702252189479776,2.32260329558782
408,-0.956957449849468,-1.0243180245431363,-0.13933360639680886
409,-0.5658667478111733,-0.559801711087528,-0.40497518260059895
410,-0.5006450066160436,-0.4526056387516183,0.006360174116126484
411,-0.579823602908293,0.6034757730921185,-0.9112857473586197
412,-0.5006450066160436,0.03970066092333938,0.25309422470749554
413,-0.48664389087908105,-0.43672632723625887,0.10129467704307858
414,-0.8172598053453944,-0.5260563875161836,0.7340862083440398
415,-0.7892170016182799,-0.5642038964581225,0.4895604102057898
416,-0.7090978667293695,-0.1519897377626749,0.2517814847699271
417,-0.3492809951267192,-0.2779141550031385,0.544390199226094
418,-0.1583000225913682,-0.3414409296043392,0.1011318565857059
419,-0.281768765819721,0.530025024327553,0.5758959577277386
420,-0.8545604595729772,-1.0977687733077013,2.449094438409346
421,-0.8079650709783909,-1.0302733618951312,0.2468154608200555
422,-0.47731596103219504,-0.6451631345560831,0.8859264611227994
423,-0.49365182552086945,-1.0977687733077013,0.12661325816455563
424,-0.04423666532962635,-0.051611335627329336,0.4682309302899475
425,-0.4703522870302494,0.14689673325924865,-0.3670685448684844
426,-0.2724703430660635,-0.023821349407979912,-0.20246723874312772
427,-0.679930105072915,-1.0620367491957314,1.563035685664931
428,-0.9080568195963985,-0.5717123857915178,0.48727074752398425
429,-0.8568952083246888,-0.8079391793306915,0.20250794385747095
430,-0.37719101693430535,-0.5379670622201734,1.677091416054606
431,0.1373536747857279,-0.279900855543764,2.6518160841171183
432,-0.3329930796645412,-1.0441707371397466,2.3794683403252845
433,-0.7730766216222448,-1.3141428542502647,0.4556428736793097
434,-0.47098668953466405,-0.7112721434331088,0.4234553045124162
435,-0.10243571833635305,-0.6531004081788221,0.27209333682718906
436,0.20494336021245133,-0.041687361463964845,0.5696171938402985
437,0.2259229034979738,-0.5677437489801483,-0.6707490504260045
438,0.16767590146475064,-0.22233418256443965,-0.31640085378977334
439,-0.18860749572377666,1.0282866613545054,-0.6897786913814552
440,0.06521620861514936,0.6173683840668519,-0.715097272502932
441,-0.08617730996740389,0.8754345907432618,-0.5504552612632324
442,0.16766114791813638,0.4883376628635882,-0.18986900585390418
443,0.18872921248334468,0.8655106165798976,-0.6075645366867564
444,0.09550523981428988,0.9290326269112166,-0.9302818065947372
445,0.163035911054556,0.9766753257271764,-0.645308353961498
446,0.3050387972171125,0.3235749175483546,-0.658150817536781
447,-0.002329216171731293,1.2347415324035862,0.12016149754115665
448,-0.18396381692692831,1.2129021192663496,0.4050158877149422
449,-0.17930907297011944,-0.7066984443467769,2.094746241773115
450,-0.6333347164783285,-1.601985747686649,0.06326592396793458
451,-0.06054302272507225,-0.6908191328314174,1.1264733343340008
452,-0.018665080660405443,-0.8913139022586212,1.4111954328861707
453,-0.4121532340235227,-0.21637884521244466,-0.4366437615596165
454,-0.24216655832030873,0.5339936611389222,0.7086963932724623
455,-0.25847291571575437,0.2382134940797991,-0.08861503392516884
456,-0.22075547379631805,-0.5807740271063133,1.3347614044282075
457,-0.09546097917444685,-1.0937953722264504,-0.822670713433451
458,0.1699811431232337,-0.7464038695399977,0.0
459,-0.2072928625107769,-1.20099144456236,0.3923362445970322
460,-0.35628892976850757,-1.187098833587626,1.2151799547664417
461,-0.2258602009248628,-1.772703830353878,0.9555118540925178
462,0.018665080660405706,-1.6694811590992193,0.5253096768777142
463,-0.039563479439549507,-1.4709683259427595,1.8034502672545163
464,-0.1885927421771624,-0.9111666148552316,0.6960574552688953
465,-0.5535917970280825,-0.7464896263978665,1.1631384660786472
466,-0.3679552967537588,-0.7622831810553572,1.1138343963304336
467,-0.20491385311922256,-1.0382153997877517,-0.2595358090523088
468,0.002329216171731293,-0.5875916973068773,0.10117256170004915
469,0.3190841735939181,-0.5637703478988975,0.44932340467752646
470,0.47049244572308535,-0.3076908417631134,1.0568472362499393
471,0.40986274591165417,-1.1235720589864253,0.9428729160889507
472,-0.11185585784957829,-0.2719588176511435,-0.13293272716633886
473,0.02095556877227451,-0.06550871087194475,-1.1707381109265247
474,0.10478890902133284,0.325556853819098,-0.31652296913280303
475,0.20491385311922256,0.2699768813803998,1.0442082982463727
476,-0.36094736211197015,0.9965280383237871,1.6645440645583114
477,-0.6869232861680891,0.6689844839640633,1.246807828611116
478,-0.3027483091052435,-0.8198498540346815,0.6961388654975817
479,-0.06287777147678382,-0.9449119384265761,-0.6327915313009609
480,-0.01394763413048583,0.6213417851481035,-0.04426681184824105
481,-0.12808844751195264,-1.0739474238997215,1.6959582365526837
482,-0.405208001954845,-0.651118471908078,-0.5189902078759308
483,-0.13736842833234217,-0.18660215845246977,-0.6519636401566129
484,-0.10942889943152748,-0.267990180839774,-0.09501591315563856
485,0.3306878380060584,0.1588074079632386,-0.253175634936182
486,0.18637971018501884,0.8138945166826862,-0.4367353480668887
487,0.18396750531358227,0.6769217575868016,-0.48112427525815943
488,0.3819416589441074,0.5201010501641888,-0.18354953685212094
489,0.3586716275467159,0.6213417851481035,-0.2847628036665133
490,0.21898873658925666,0.541935699031543,-0.31644155890411657
491,0.14671480011249585,0.18064682110047514,0.5062291545293343
492,0.2585798789287084,0.28386949235513315,1.1708215564109286
493,0.24218131186692324,0.5617884116281537,0.3606167842450854
494,0.01629713642881192,-0.3533516043083292,1.354340564427292
495,0.12344476871510457,-1.2665001554343047,0.5694849022186831
496,0.21190703421439672,-0.694787769642787,-0.5886163059599918
497,0.3609953111384669,-0.2382134940797991,0.44920128933449677
498,0.23065510357450794,0.7781624925707163,0.32276102790589983
499,0.32841210344080385,0.8019838419786962,-0.3417499637470076
500,0.4005975186378789,0.3414409296043395,-0.5949357749617753
501,0.31442942963710896,-0.5062036749195731,0.4935495114114243
502,0.2351586236785203,-0.49032436340421365,-0.4493641097918697
503,0.2933871837784758,-0.809925879871317,-0.9870990228228489
504,0.3563073717017758,-0.45657427556298785,0.7468574379692218
505,0.2888098959413916,0.8813899280952567,0.5314968542578821
506,0.34471846083624974,0.6650110828828117,-0.6391517054170875
507,0.3586863810933301,0.7066984443467765,-0.8036716013137576
508,0.4401554654974484,0.4307709898842642,-0.08221415469469885
509,0.516980871104718,0.575681022602887,-0.4113760618310687
510,0.5729226314794581,0.5062036749195731,0.18334601128040476
511,0.568234692042767,0.3374675285230879,0.3479880225201044
512,0.7079323365468407,0.2382134940797991,0.15820042689488667
513,0.6846659935361027,0.27791415500313815,1.1644206771804582
514,0.4564913299861228,0.20843680731982422,-0.4746826909133465
515,0.5309967403882951,-0.6352343961228372,0.1455614888913199
516,0.44481020945425725,0.6153864477961085,0.5758552526133957
517,0.2911003840532604,-0.36724421528306317,0.05685486845887885
518,0.32372416400411275,-0.6332524598520931,0.031668578959017514
519,0.3353425819628673,-0.663029146612068,1.0568879413642829
520,0.14210431679552973,-0.061540074060575246,0.29104156755395333
521,0.20259385791412524,-0.07146404822393973,-1.0568065311355963
522,0.30273355555862946,-0.2818875560843894,-0.24041458158958554
523,0.4075575042531711,-0.7543411431627367,-0.056905749851808095
524,0.5938394721918698,-0.9012426406918671,-0.3733473087559244
525,0.6497185299934992,-0.4188603151802739,-0.4808698682935143
526,0.6357174142565367,-0.18262875737121884,0.27209333682718906
527,0.4076054532796676,0.9865992998905405,0.3416278484039779
528,0.45644706934627977,-0.2104235078604497,1.6516507195900996
529,0.5053772066925778,-0.2699768813803995,0.7404056773458231
530,0.414535931801731,-0.17469148374847981,-0.04434822207692752
531,0.39592433274780203,-0.5816363599548824,-0.14560219400566313
532,0.31207623895212944,-0.1310174217438895,-0.3670685448684844
533,0.2119992438807362,0.7225825201320182,-0.06338803931096428
534,0.6171685177757187,0.30372220495174385,-0.33538978963088084
535,0.8616458503344908,-0.16278080904448985,-0.6834693986582577
536,0.9780771518278264,-0.2779141550031385,-0.63284241269389
537,0.873249514746631,-0.25012416878378907,0.018999112119693254
538,0.6101605831339303,-0.43672632723625887,-0.012761053346596472
539,0.6893207374929116,-0.7007431069947819,-0.36074907586670085
540,0.6147710664508964,-0.5816363599548824,1.2151290733735127
541,0.3959095792011878,-1.204964845643611,1.6960498230599563
542,0.5658999432910554,-1.2684868559749303,0.924006095590873
543,0.6939607279031061,-0.9707199883751814,-0.09489379781260886
544,1.1037441735017084,-0.6550871087194475,-0.15832254223791636
545,0.7382066141993667,-0.11910674703989955,-0.20254864897181418
546,0.9710212681595415,-0.5121590122715681,-0.12665396327889886
547,0.791798872275781,-0.8535999418759073,0.1454393735482902
548,0.7940561649077676,-0.639207797204088,-0.5570291372296607
549,0.903553299492386,-0.41687361463964845,-0.46836322191156293
550,1.0106271640456075,-0.8019838419786965,0.13284114065906666
551,0.9780439563479442,-0.8357339298199223,-0.3544703119792608
552,1.1712416492620925,-0.639207797204088,-0.1772809492432664
553,1.1176973402121746,-0.25012416878378907,-0.5632163146098289
554,0.6148153270907392,0.27195881765114316,0.0
555,0.6544359765234194,0.19652613261583426,-0.29753403329169553
556,0.6008621603802731,0.0337453235713444,-0.2975747384060385
557,0.6171353222958366,-0.46054767664423873,-0.34802872763444764
558,0.6660064454556774,-0.668984483964063,-1.0188998934034819
559,0.6590317062937713,0.3473962669563345,-0.3795344861360925
560,0.803446797327764,0.4367263272362592,-0.14560219400566313
561,0.8732642682932453,0.08933006027992467,-0.17083936489845344
562,0.9896623743066987,-0.5736990863321434,-0.6771906347708174
563,0.9524096691056128,-0.2342448572684296,-0.443003935675743
564,0.8382872976574139,-0.12307538385126907,-0.15820042689488667
565,0.46348451108129696,1.038215399787752,0.2848543901737853
566,0.23069936421435072,1.1394561347716665,0.3289482052860679
567,0.5007372162823831,0.6491317713674526,-0.8858877912641737
568,0.7474607763131812,0.3235749175483546,-0.4303751739507622
569,0.8080720341913444,0.1369727590958845,0.31016279501667626
570,0.6148153270907392,-0.8397025666312918,-0.1646013061253564
571,0.929099065455032,-0.140941395907254,1.056684415792567
572,0.9104874664011032,-0.15087013434049992,-0.2847628036665133
573,0.7754445658538389,-0.061540074060575246,-0.24041458158958554
574,0.6660064454556774,-0.011910674703989956,-0.10765485115920533
575,0.7289081914457095,0.20248146996782926,-0.2784026295503866
576,0.6474280418816305,0.37121761636431444,-0.1582411320092299
577,0.6637012037971944,0.2441688314317941,-0.40497518260059895
578,0.810425224876324,0.1588074079632386,-0.5253096768777142
579,0.8686242778830506,0.07741938557593471,0.3543074915218879
580,0.973374458844521,-0.061540074060575246,0.7783123150779376
581,0.8989133090821915,0.12506208439189453,1.1137529861017477
582,0.8220731499283076,0.1330041222845153,-0.5253096768777142
583,0.7755072684269496,0.3692309158236886,-0.6519636401566129
584,0.8127452200814212,0.22233418256443999,-0.7151379776172753
585,0.7824672540422416,-0.027789986219349423,-0.25313492982183877
586,0.6660396409355597,0.4267975888030126,0.5885756008456489
587,0.556586766990784,0.508190375460199,0.2595358090523085
588,0.5798678635481358,-0.45657427556298785,-0.5949357749617753
589,0.6450600976500367,-0.3851102273390481,-0.4555207583362803
590,0.698633913793183,0.28784289343638475,-0.12025308404842887
591,0.6147526245176285,-0.031763387300600354,-0.11401502527533208
592,0.6171537642291045,-0.5101723117309427,-0.39869641871315864
593,-0.9035237923991575,-0.2640215440284045,0.5126707388741475
594,0.48209611013522563,-0.10918277287653506,-0.03162787384467428
595,0.4285518010853081,0.4069496404762843,-0.9619127333229874
596,0.4005680115446504,0.5141457128121939,-0.5189495027615876
597,0.4192238712384221,0.22630281937580915,-1.1011160833538978
598,0.496049276845692,0.2421821308911683,-1.1264295763360819
599,0.5519430881939357,0.045655998275334356,-0.9807815890767825
600,0.589166286301793,-0.0535980361679548,-1.1074762574700245
601,0.4844013517937087,0.4129049778282793,0.6455118795332142
602,0.4006749747576041,1.0461526734104902,0.48727074752398425
603,0.6171537642291045,0.496279700756209,-0.5316291458794975
604,0.6590612133869997,-0.02977668675997489,0.10125397192873561
605,0.5472403952106303,-0.3533516043083292,-0.6961897468905108
606,0.6101126341074339,-0.1707180826672289,-1.0568909942478586
607,0.7451850417479267,-0.1846154579118443,-0.12661325816455563
608,0.7940709184543818,0.057566672979324315,-0.6898295727743842
609,0.596174220943582,0.8992559401512417,-1.1896497070503802
610,0.6427548559915536,0.7841178299227113,-0.3038026209005498
611,0.7359198144741517,0.6133997472554827,0.5632163146098289
612,0.817414717584845,0.547891036383538,0.06953451157678885
613,0.6195180200740446,0.8774212912838876,-0.3923362445970322
614,0.6264337450494938,0.524069686975558,-0.09493450292695209
615,0.456461822892894,0.8238232551159328,1.0189405985178248
616,0.33771052619446107,-0.3751862531756836,0.4428818203327135
617,0.28876194691489515,-0.5836230604955078,0.7910835447031196
618,0.24685449775700008,-0.5062036749195731,-0.9048828328724327
619,0.30506830431034104,-0.2342448572684296,-0.4999503906418943
620,0.3400452749461729,0.051611335627329336,-0.9998621114251623
621,0.393619091089319,0.22034748202381418,-0.7847131943084074
622,0.3633153063435642,-0.5935470346588724,0.6771906347708174
623,0.2794340170680094,-0.267990180839774,-0.9239216324786107
624,0.24227352153326248,0.5161276490829373,-0.2974831518987663
625,0.28659686394924805,1.1732014583430106,1.7972529135957624
626,0.1956301839121796,-0.42679758880301294,0.34802872763444764
627,0.16534115271303906,-0.037718724652595334,-0.6391517054170875
628,0.3120614854055152,0.20248146996782926,-0.2721747470558755
629,0.4541270741411824,0.09727209817254545,1.0441675931320293
630,0.11643683407331615,-0.7583145442439877,0.4302835874434897
631,0.0558735252216491,-0.6352343961228372,-0.39250924133299087
632,0.20955384352941744,-0.267990180839774,0.5632163146098289
633,0.4029507093228584,0.021834648867354447,0.6454304693045277
634,0.4448581584807537,0.30769084176311307,-0.47455039929173104
635,0.36330055279694995,0.30372220495174385,-0.1709207751271399
636,0.1583479716178649,-0.397020902043038,0.4745096941773878
637,0.11175258302327848,-0.2044681705084547,-0.46828181168287675
638,0.09086524940409524,0.10918277287653541,-0.9176031811046859
639,0.20274508176692177,1.1692328215316414,-0.7784853118138961
640,0.4122454436898622,0.798015205167327,-1.1644634175505189
641,0.4448581584807537,0.4605476766442391,-0.6454711744188709
642,0.3423652701512702,0.005955337351994978,-0.7594047894655164
643,0.1886849518435019,0.18064682110047514,0.8858450508941129
644,-0.24915605102882946,0.39106556469104276,-0.4051481793365576
645,-0.3679405432071443,0.3970209020430377,0.08857432881082561
646,-0.18166226365509897,0.6451631345560834,0.09489379781260886
647,0.05819352042674642,0.021834648867354447,0.06966680319840429
648,-0.20727810896416263,-0.7761805562999726,0.00631946900178325
649,-0.20025542077575997,-0.414886914099023,0.5507096682278773
650,-0.3539689345634103,-0.6272971225000982,-0.3544703119792608
651,0.0768641336671324,0.06749541141257057,0.9935813122820047
652,0.19100494704859922,0.38709692787967354,1.170902966639615
653,-0.09781048147277267,-0.32357491754835427,0.012679643117910004
654,-0.13741637735883838,0.3176195801963596,-0.8100724805442273
655,0.0931704910625783,0.4863509623229624,0.5694849022186831
656,0.18637971018501884,0.8992559401512417,-0.4683225167972197
657,-0.053564595176512346,-0.25409280559515857,-0.6455627609261432
658,-0.11410208532160432,-0.5538463737355329,-0.15184025277876018
659,-0.01631188997542618,-0.27593221873239443,-1.012455256175093
660,0.15837747871109342,0.07345074876456553,-0.8795276171480471
661,0.2631903622456745,0.047642698815959825,-1.101030602613777
662,0.15610543253249257,0.8297785924679277,-0.5759773679564251
663,0.13051540593000371,0.861537215498646,-0.49363092164011074
664,0.10242096478973906,0.44665030139962336,0.5568154353793588
665,-0.07226840389678055,0.325556853819098,2.208588270312488
666,-0.17691162164529714,1.2089334824549804,1.8034909723688597
667,-0.6545244978031048,0.9490663817633278,0.32598690821759946
668,-0.46571229662005476,0.1925574958044651,-0.14560219400566313
669,-0.43309958182916325,-0.21240544413119375,-0.24045528670392877
670,-0.4843681563138265,-0.49627970075620864,0.8670189355103787
671,-0.6031194530122594,-0.6431764340154577,0.911326452472963
672,-0.5821251561801224,-0.44466360085899787,-0.018999112119693524
673,-0.6612889989257574,-0.6292790587708422,0.5632570197241719
674,-0.7590607523386678,-0.2818875560843894,-0.07593539080725883
675,-0.7846802860343851,-0.3751862531756836,1.2530357111056274
676,-0.5365625158485363,-1.394844821774619,1.698013844827016
677,-0.4866881515189238,-0.40694964047628396,0.3417499637470076
678,-0.3445967440766815,0.09131676082055047,-1.252997041247001
679,-0.24214811638704076,0.15682547169249522,-0.5441764973757921
680,-0.04419240468978358,0.5498777369241638,-0.0758946856929156
681,-0.6054099411241283,0.17469148374848015,1.639103368093805
682,-0.759075505885282,-0.3533516043083292,0.18978759562521771
683,-0.6007367552340513,-0.027789986219349423,-0.28481368505944227
684,-0.5169661175581037,-0.48436902605221865,-0.10125397192873561
685,-0.593762016072145,-0.3851102273390481,-0.012679643117910004
686,-0.5518508785275962,0.3176195801963596,0.47459110440607427
687,-0.4121532340235227,-0.01389737524461542,0.5504552612632324
688,-0.393541634969594,0.279900855543764,-0.999819371055102
689,-0.45172593442970643,-0.05955337351994978,-0.7909919581958476
690,-0.5052849970262382,-0.21836078148318872,-1.3036240272113688
691,-0.40050530897153963,-0.273945518191769,-0.3353490845165376
692,-0.8801320442421982,-1.0560814118437365,1.9934922698443793
693,-0.8475230178379601,-0.7523592068919926,-0.31012208990233303
694,-0.5472108881174015,-0.43275292615500793,-1.3669286210379294
695,-0.75909394781855,0.764269881595983,0.5758450763348096
696,-0.728834423712638,-0.5717123857915178,0.30372121067186336
697,-0.6968929952926968,-0.33634792510091327,-0.6660679622765353
698,-0.6030419968925345,0.11116470914727877,-1.2466368671308745
699,-0.6287242331613624,0.8595552792279026,-1.2340854451231458
700,-0.4726907241686147,0.9389566010745807,-0.5759366628420821
701,-0.11643683407331588,0.6729531207754325,-0.9998621114251623
702,-0.06753620382024642,0.5121590122715681,-0.06966680319840429
703,-0.21891496885618514,-0.6729531207754325,1.4556759465847136
704,-0.8452325297260914,-0.559801711087528,-0.06330662908227781
705,-0.6100831270142051,0.6570738092600734,-0.5126300337598043
706,-0.3609326085653559,1.357816916254855,-0.809991070315541
707,-0.3585794178803764,1.3300269300355059,-0.23405440747345904
708,-0.19101970059521348,1.4233256271267998,0.09497520804129533
709,-0.5495751439623416,-0.140941395907254,1.170902966639615
710,-0.7008912064251698,-0.4188603151802739,-0.18355971313070668
711,-0.7125096243839243,-0.668984483964063,-0.06966680319840429
712,-0.71249487083731,0.07940608611656051,-0.5062291545293343
713,-0.5495013762292703,0.11513811022853038,-0.7594047894655164
714,-0.4331143353757775,1.0124073498391462,-0.8164733597746971
715,-0.31670147581570984,1.3379642036582442,-0.841748182898255
716,-0.28642719816318357,0.1905707952638393,0.4114167669454119
717,-0.5355629630654182,-0.0039686368113695135,0.03171946035194649
718,-0.5611788083744819,0.19851283315646007,-0.493671626754454
719,-0.6845553419364954,-0.3315121911710933,1.9681736887229022
720,-0.9267126792901702,-0.8813899280952567,2.3036143597467125
721,-0.8405593438360145,-0.5280383237869276,-0.4873623340312565
722,-0.8426654126152046,0.786361801036943,-1.055733951372653
723,-0.7114879412808846,0.5170805030592569,-0.12464923639749573
724,-0.9849154206835504,0.9389566010745807,1.3796082641558394
725,-0.9616453892861591,0.12704878493252034,1.7213989330171904
726,-0.8568804547780746,-0.17270478320785435,-0.2595358090523088
727,-0.9035237923991575,0.6034757730921185,-0.5758959577277388
728,-0.9429895295923874,-0.680895158668053,1.7277184020189735
729,-0.9732822491781815,-0.23225815672780414,-0.2658959831684352
