,dteday,season,yr,holiday,weekday,weathersit,atemp,hum,windspeed,registered,mnth_1,mnth_2,mnth_3,mnth_4,mnth_5,mnth_6,mnth_7,mnth_8,mnth_9,mnth_10,mnth_11,mnth_12
0,2018-01-01,0,0,0,0,1,18.18125,80.5833,10.749882,654,1.0,0.0,0.0,0.0,0.0,0.0,0.0,0.0,0.0,0.0,0.0,0.0
1,2018-01-02,0,0,1,1,1,17.68695,69.6087,16.652113,670,1.0,0.0,0.0,0.0,0.0,0.0,0.0,0.0,0.0,0.0,0.0,0.0
2,2018-01-03,0,0,1,2,2,9.47025,43.7273,16.636703,1229,1.0,0.0,0.0,0.0,0.0,0.0,0.0,0.0,0.0,0.0,0.0,0.0
3,2018-01-04,0,0,1,3,2,10.6061,59.0435,10.739832,1454,1.0,0.0,0.0,0.0,0.0,0.0,0.0,0.0,0.0,0.0,0.0,0.0
4,2018-01-05,0,0,1,3,2,11.4635,43.6957,12.5223,1518,1.0,0.0,0.0,0.0,0.0,0.0,0.0,0.0,0.0,0.0,0.0,0.0
5,2018-01-06,0,0,1,3,2,11.66045,51.8261,6.0008684,1518,1.0,0.0,0.0,0.0,0.0,0.0,0.0,0.0,0.0,0.0,0.0,0.0
6,2018-01-07,0,0,1,0,1,10.44195,49.8696,11.304642,1362,1.0,0.0,0.0,0.0,0.0,0.0,0.0,0.0,0.0,0.0,0.0,0.0
7,2018-01-08,0,0,1,0,1,8.1127,53.5833,17.875868,891,1.0,0.0,0.0,0.0,0.0,0.0,0.0,0.0,0.0,0.0,0.0,0.0
8,2018-01-09,0,0,1,1,2,5.80875,43.4167,24.25065,768,1.0,0.0,0.0,0.0,0.0,0.0,0.0,0.0,0.0,0.0,0.0,0.0
9,2018-01-10,0,0,1,2,2,7.5444,48.2917,14.958889,1280,1.0,0.0,0.0,0.0,0.0,0.0,0.0,0.0,0.0,0.0,0.0,0.0
10,2018-01-11,0,0,1,3,1,9.5732,68.6364,8.182844,1220,1.0,0.0,0.0,0.0,0.0,0.0,0.0,0.0,0.0,0.0,0.0,0.0
11,2018-01-12,0,0,1,3,2,8.02365,59.9545,20.410009,1137,1.0,0.0,0.0,0.0,0.0,0.0,0.0,0.0,0.0,0.0,0.0,0.0
12,2018-01-13,0,0,1,3,2,7.54415,47.0417,20.167,1368,1.0,0.0,0.0,0.0,0.0,0.0,0.0,0.0,0.0,0.0,0.0,0.0
13,2018-01-14,0,0,1,0,2,9.42065,53.7826,8.478716,1367,1.0,0.0,0.0,0.0,0.0,0.0,0.0,0.0,0.0,0.0,0.0,0.0
14,2018-01-15,0,0,0,0,1,12.4056,49.875,10.583521,1026,1.0,0.0,0.0,0.0,0.0,0.0,0.0,0.0,0.0,0.0,0.0,0.0
15,2018-01-16,0,0,1,1,2,11.71085,48.375,12.625011,953,1.0,0.0,0.0,0.0,0.0,0.0,0.0,0.0,0.0,0.0,0.0,0.0
16,2018-01-17,0,0,1,2,1,8.83855,53.75,12.999139,883,1.0,0.0,0.0,0.0,0.0,0.0,0.0,0.0,0.0,0.0,0.0,0.0
17,2018-01-18,0,0,1,3,1,11.61665,86.1667,9.833925,674,1.0,0.0,0.0,0.0,0.0,0.0,0.0,0.0,0.0,0.0,0.0,0.0
18,2018-01-19,0,0,1,3,1,14.9211,74.1739,13.957239,1572,1.0,0.0,0.0,0.0,0.0,0.0,0.0,0.0,0.0,0.0,0.0,0.0
19,2018-01-20,0,0,1,3,1,12.7525,53.8333,13.125568,1844,1.0,0.0,0.0,0.0,0.0,0.0,0.0,0.0,0.0,0.0,0.0,0.0
20,2018-01-21,0,0,1,0,2,7.89165,45.7083,23.667214,1468,1.0,0.0,0.0,0.0,0.0,0.0,0.0,0.0,0.0,0.0,0.0,0.0
21,2018-01-22,0,0,1,0,2,3.95348,40.0,11.52199,888,1.0,0.0,0.0,0.0,0.0,0.0,0.0,0.0,0.0,0.0,0.0,0.0
22,2018-01-23,0,0,1,1,2,4.941955,43.6522,16.5222,836,1.0,0.0,0.0,0.0,0.0,0.0,0.0,0.0,0.0,0.0,0.0,0.0
23,2018-01-24,0,0,1,2,2,5.8965,49.1739,10.60811,1330,1.0,0.0,0.0,0.0,0.0,0.0,0.0,0.0,0.0,0.0,0.0,0.0
24,2018-01-25,0,0,1,3,1,11.7263,61.6957,8.696332,1799,1.0,0.0,0.0,0.0,0.0,0.0,0.0,0.0,0.0,0.0,0.0,0.0
25,2018-01-26,0,0,1,3,0,10.18,86.25,19.68795,472,1.0,0.0,0.0,0.0,0.0,0.0,0.0,0.0,0.0,0.0,0.0,0.0
26,2018-01-27,0,0,1,3,2,10.985,68.75,7.627079,416,1.0,0.0,0.0,0.0,0.0,0.0,0.0,0.0,0.0,0.0,0.0,0.0
27,2018-01-28,0,0,1,0,1,11.16585,79.3043,8.2611,1129,1.0,0.0,0.0,0.0,0.0,0.0,0.0,0.0,0.0,0.0,0.0,0.0
28,2018-01-29,0,0,1,0,2,10.6063,65.1739,9.739455,975,1.0,0.0,0.0,0.0,0.0,0.0,0.0,0.0,0.0,0.0,0.0,0.0
29,2018-01-30,0,0,1,1,2,12.5161,72.2174,4.9568342,956,1.0,0.0,0.0,0.0,0.0,0.0,0.0,0.0,0.0,0.0,0.0,0.0
30,2018-01-31,0,0,1,2,1,9.3125,60.375,12.541864,1459,1.0,0.0,0.0,0.0,0.0,0.0,0.0,0.0,0.0,0.0,0.0,0.0
31,2018-02-01,0,0,1,3,1,11.7265,82.9565,3.565271,1313,0.0,1.0,0.0,0.0,0.0,0.0,0.0,0.0,0.0,0.0,0.0,0.0
32,2018-02-02,0,0,1,3,1,12.72085,77.5417,17.708636,1454,0.0,1.0,0.0,0.0,0.0,0.0,0.0,0.0,0.0,0.0,0.0,0.0
33,2018-02-03,0,0,1,3,2,8.8939,43.7826,18.609384,1489,0.0,1.0,0.0,0.0,0.0,0.0,0.0,0.0,0.0,0.0,0.0,0.0
34,2018-02-04,0,0,1,0,1,11.42935,58.5217,8.565213,1620,0.0,1.0,0.0,0.0,0.0,0.0,0.0,0.0,0.0,0.0,0.0,0.0
35,2018-02-05,0,0,1,0,1,12.1529,92.9167,10.792293,905,0.0,1.0,0.0,0.0,0.0,0.0,0.0,0.0,0.0,0.0,0.0,0.0
36,2018-02-06,0,0,1,1,2,14.58355,56.8333,9.5006,1269,0.0,1.0,0.0,0.0,0.0,0.0,0.0,0.0,0.0,0.0,0.0,0.0
37,2018-02-07,0,0,1,2,2,15.1829,73.8333,3.0423561,1592,0.0,1.0,0.0,0.0,0.0,0.0,0.0,0.0,0.0,0.0,0.0,0.0
38,2018-02-08,0,0,1,3,2,9.9123,53.7917,24.25065,1466,0.0,1.0,0.0,0.0,0.0,0.0,0.0,0.0,0.0,0.0,0.0,0.0
39,2018-02-09,0,0,1,3,1,7.21415,49.4783,12.652213,1552,0.0,1.0,0.0,0.0,0.0,0.0,0.0,0.0,0.0,0.0,0.0,0.0
40,2018-02-10,0,0,1,3,2,7.4774,43.7391,14.869645,1491,0.0,1.0,0.0,0.0,0.0,0.0,0.0,0.0,0.0,0.0,0.0,0.0
41,2018-02-11,0,0,1,0,2,10.67545,50.6364,7.27285,1597,0.0,1.0,0.0,0.0,0.0,0.0,0.0,0.0,0.0,0.0,0.0,0.0
42,2018-02-12,0,0,1,0,2,11.6477,54.4167,13.625589,1184,0.0,1.0,0.0,0.0,0.0,0.0,0.0,0.0,0.0,0.0,0.0,0.0
43,2018-02-13,0,0,1,1,2,16.20565,45.7391,17.479161,1192,0.0,1.0,0.0,0.0,0.0,0.0,0.0,0.0,0.0,0.0,0.0,0.0
44,2018-02-14,0,0,1,2,2,19.9175,37.5833,27.999836,1705,0.0,1.0,0.0,0.0,0.0,0.0,0.0,0.0,0.0,0.0,0.0,0.0
45,2018-02-15,0,0,1,3,2,12.7137,31.4348,19.522058,1675,0.0,1.0,0.0,0.0,0.0,0.0,0.0,0.0,0.0,0.0,0.0,0.0
46,2018-02-16,0,0,1,3,2,15.81,42.3478,16.869997,1897,0.0,1.0,0.0,0.0,0.0,0.0,0.0,0.0,0.0,0.0,0.0,0.0
47,2018-02-17,0,0,1,3,2,21.4329,50.5,15.416968,2216,0.0,1.0,0.0,0.0,0.0,0.0,0.0,0.0,0.0,0.0,0.0,0.0
48,2018-02-18,0,0,1,0,2,25.59915,51.6667,17.749975,2348,0.0,1.0,0.0,0.0,0.0,0.0,0.0,0.0,0.0,0.0,0.0,0.0
49,2018-02-19,0,0,0,0,2,19.5702,18.7917,34.000021,1103,0.0,1.0,0.0,0.0,0.0,0.0,0.0,0.0,0.0,0.0,0.0,0.0
50,2018-02-20,0,0,1,1,2,13.8665,40.7826,14.956745,1173,0.0,1.0,0.0,0.0,0.0,0.0,0.0,0.0,0.0,0.0,0.0,0.0
51,2018-02-21,0,0,1,2,1,14.20375,60.5,20.625682,912,0.0,1.0,0.0,0.0,0.0,0.0,0.0,0.0,0.0,0.0,0.0,0.0
52,2018-02-22,0,0,1,3,2,9.30165,57.7778,13.110761,1376,0.0,1.0,0.0,0.0,0.0,0.0,0.0,0.0,0.0,0.0,0.0,0.0
53,2018-02-23,0,0,1,3,2,12.28585,42.3043,6.305571,1778,0.0,1.0,0.0,0.0,0.0,0.0,0.0,0.0,0.0,0.0,0.0,0.0
54,2018-02-24,0,0,1,3,1,14.45955,69.7391,16.783232,1707,0.0,1.0,0.0,0.0,0.0,0.0,0.0,0.0,0.0,0.0,0.0,0.0
55,2018-02-25,0,0,1,0,1,17.52305,71.2174,23.218113,1341,0.0,1.0,0.0,0.0,0.0,0.0,0.0,0.0,0.0,0.0,0.0,0.0
56,2018-02-26,0,0,1,0,2,14.1096,53.7917,12.500257,1545,0.0,1.0,0.0,0.0,0.0,0.0,0.0,0.0,0.0,0.0,0.0,0.0
57,2018-02-27,0,0,1,1,2,17.55545,68.0,8.391616,1708,0.0,1.0,0.0,0.0,0.0,0.0,0.0,0.0,0.0,0.0,0.0,0.0
58,2018-02-28,0,0,1,2,1,20.0059,87.6364,19.408962,1365,0.0,1.0,0.0,0.0,0.0,0.0,0.0,0.0,0.0,0.0,0.0,0.0
59,2018-03-01,0,0,1,3,2,13.19395,53.5,14.500475,1714,0.0,0.0,1.0,0.0,0.0,0.0,0.0,0.0,0.0,0.0,0.0,0.0
60,2018-03-02,0,0,1,3,2,16.00355,44.9583,20.624811,1903,0.0,0.0,1.0,0.0,0.0,0.0,0.0,0.0,0.0,0.0,0.0,0.0
61,2018-03-03,0,0,1,3,2,10.00665,31.8333,15.125518,1562,0.0,0.0,1.0,0.0,0.0,0.0,0.0,0.0,0.0,0.0,0.0,0.0
62,2018-03-04,0,0,1,0,1,12.78395,61.0417,13.624182,1730,0.0,0.0,1.0,0.0,0.0,0.0,0.0,0.0,0.0,0.0,0.0,0.0
63,2018-03-05,0,0,1,0,1,18.93895,78.9167,16.875357,1437,0.0,0.0,1.0,0.0,0.0,0.0,0.0,0.0,0.0,0.0,0.0,0.0
64,2018-03-06,0,0,1,1,1,18.3126,94.8261,23.000229,491,0.0,0.0,1.0,0.0,0.0,0.0,0.0,0.0,0.0,0.0,0.0,0.0
65,2018-03-07,0,0,1,2,2,11.92305,55.1304,22.870584,1628,0.0,0.0,1.0,0.0,0.0,0.0,0.0,0.0,0.0,0.0,0.0,0.0
66,2018-03-08,0,0,1,3,2,15.12,42.0833,8.08355,1817,0.0,0.0,1.0,0.0,0.0,0.0,0.0,0.0,0.0,0.0,0.0,0.0
67,2018-03-09,0,0,1,3,1,14.3304,77.5417,14.75005,1700,0.0,0.0,1.0,0.0,0.0,0.0,0.0,0.0,0.0,0.0,0.0,0.0
68,2018-03-10,0,0,1,3,0,19.2834,0.0,17.545759,577,0.0,0.0,1.0,0.0,0.0,0.0,0.0,0.0,0.0,0.0,0.0,0.0
69,2018-03-11,0,0,1,0,1,15.25,64.9565,15.60899,1730,0.0,0.0,1.0,0.0,0.0,0.0,0.0,0.0,0.0,0.0,0.0,0.0
70,2018-03-12,0,0,1,0,2,16.2875,59.4583,14.791925,1408,0.0,0.0,1.0,0.0,0.0,0.0,0.0,0.0,0.0,0.0,0.0,0.0
71,2018-03-13,0,0,1,1,2,19.00455,52.7391,18.130468,1435,0.0,0.0,1.0,0.0,0.0,0.0,0.0,0.0,0.0,0.0,0.0,0.0
72,2018-03-14,0,0,1,2,2,16.6,49.6957,9.174042,1687,0.0,0.0,1.0,0.0,0.0,0.0,0.0,0.0,0.0,0.0,0.0,0.0
73,2018-03-15,0,0,1,3,1,15.9089,65.5652,12.348703,1767,0.0,0.0,1.0,0.0,0.0,0.0,0.0,0.0,0.0,0.0,0.0,0.0
74,2018-03-16,0,0,1,3,1,18.3465,77.6522,13.608839,1871,0.0,0.0,1.0,0.0,0.0,0.0,0.0,0.0,0.0,0.0,0.0,0.0
75,2018-03-17,0,0,1,3,2,20.51665,60.2917,14.041793,2320,0.0,0.0,1.0,0.0,0.0,0.0,0.0,0.0,0.0,0.0,0.0,0.0
76,2018-03-18,0,0,1,0,2,26.35045,52.5217,15.478139,2355,0.0,0.0,1.0,0.0,0.0,0.0,0.0,0.0,0.0,0.0,0.0,0.0
77,2018-03-19,0,0,1,0,2,23.32625,37.9167,24.667189,1693,0.0,0.0,1.0,0.0,0.0,0.0,0.0,0.0,0.0,0.0,0.0,0.0
78,2018-03-20,0,0,1,1,2,16.2875,47.375,13.917307,1424,0.0,0.0,1.0,0.0,0.0,0.0,0.0,0.0,0.0,0.0,0.0,0.0
79,2018-03-21,1,0,1,2,1,20.48675,73.7391,19.348461,1676,0.0,0.0,1.0,0.0,0.0,0.0,0.0,0.0,0.0,0.0,0.0,0.0
80,2018-03-22,1,0,1,3,2,22.0321,62.4583,15.12525,2243,0.0,0.0,1.0,0.0,0.0,0.0,0.0,0.0,0.0,0.0,0.0,0.0
81,2018-03-23,1,0,1,3,1,16.89695,83.9565,15.695487,1918,0.0,0.0,1.0,0.0,0.0,0.0,0.0,0.0,0.0,0.0,0.0,0.0
82,2018-03-24,1,0,1,3,1,13.54165,80.5833,16.333729,1699,0.0,0.0,1.0,0.0,0.0,0.0,0.0,0.0,0.0,0.0,0.0,0.0
83,2018-03-25,1,0,1,0,2,12.8156,49.5,15.458575,1910,0.0,0.0,1.0,0.0,0.0,0.0,0.0,0.0,0.0,0.0,0.0,0.0
84,2018-03-26,1,0,1,0,2,12.87855,39.4167,14.041257,1515,0.0,0.0,1.0,0.0,0.0,0.0,0.0,0.0,0.0,0.0,0.0,0.0
85,2018-03-27,1,0,1,1,1,12.51695,49.3913,12.3481,1221,0.0,0.0,1.0,0.0,0.0,0.0,0.0,0.0,0.0,0.0,0.0,0.0
86,2018-03-28,1,0,1,2,2,12.8787,30.2174,14.217668,1806,0.0,0.0,1.0,0.0,0.0,0.0,0.0,0.0,0.0,0.0,0.0,0.0
87,2018-03-29,1,0,1,3,2,14.6454,31.4167,15.208732,2108,0.0,0.0,1.0,0.0,0.0,0.0,0.0,0.0,0.0,0.0,0.0,0.0
88,2018-03-30,1,0,1,3,1,14.8675,64.6667,11.583496,1368,0.0,0.0,1.0,0.0,0.0,0.0,0.0,0.0,0.0,0.0,0.0,0.0
89,2018-03-31,1,0,1,3,0,12.87875,91.8333,14.582282,1506,0.0,0.0,1.0,0.0,0.0,0.0,0.0,0.0,0.0,0.0,0.0,0.0
90,2018-04-01,1,0,1,0,1,14.1727,68.625,17.333436,1920,0.0,0.0,0.0,1.0,0.0,0.0,0.0,0.0,0.0,0.0,0.0,0.0
91,2018-04-02,1,0,1,0,1,15.78185,65.375,13.208782,1354,0.0,0.0,0.0,1.0,0.0,0.0,0.0,0.0,0.0,0.0,0.0,0.0
92,2018-04-03,1,0,1,1,2,18.93835,48.0,12.208271,1598,0.0,0.0,0.0,1.0,0.0,0.0,0.0,0.0,0.0,0.0,0.0,0.0
93,2018-04-04,1,0,1,2,2,27.14645,42.625,25.833257,2381,0.0,0.0,0.0,1.0,0.0,0.0,0.0,0.0,0.0,0.0,0.0,0.0
94,2018-04-05,1,0,1,3,1,19.9175,64.2083,26.000489,1628,0.0,0.0,0.0,1.0,0.0,0.0,0.0,0.0,0.0,0.0,0.0,0.0
95,2018-04-06,1,0,1,3,2,19.3804,47.0833,17.625221,2395,0.0,0.0,0.0,1.0,0.0,0.0,0.0,0.0,0.0,0.0,0.0,0.0
96,2018-04-07,1,0,1,3,2,21.6848,60.2917,10.874904,2570,0.0,0.0,0.0,1.0,0.0,0.0,0.0,0.0,0.0,0.0,0.0,0.0
97,2018-04-08,1,0,1,0,1,16.22395,83.625,15.208464,1299,0.0,0.0,0.0,1.0,0.0,0.0,0.0,0.0,0.0,0.0,0.0,0.0
98,2018-04-09,1,0,1,0,1,17.07645,87.75,8.916561,1576,0.0,0.0,0.0,1.0,0.0,0.0,0.0,0.0,0.0,0.0,0.0,0.0
99,2018-04-10,1,0,1,1,1,21.33685,85.75,9.833389,1707,0.0,0.0,0.0,1.0,0.0,0.0,0.0,0.0,0.0,0.0,0.0,0.0
100,2018-04-11,1,0,1,2,1,28.26085,71.6956,21.739758,2493,0.0,0.0,0.0,1.0,0.0,0.0,0.0,0.0,0.0,0.0,0.0,0.0
101,2018-04-12,1,0,1,3,1,24.6527,73.9167,18.416893,1777,0.0,0.0,0.0,1.0,0.0,0.0,0.0,0.0,0.0,0.0,0.0,0.0
102,2018-04-13,1,0,1,3,1,20.86415,81.9167,16.791339,1953,0.0,0.0,0.0,1.0,0.0,0.0,0.0,0.0,0.0,0.0,0.0,0.0
103,2018-04-14,1,0,1,3,2,23.1371,54.0417,7.4169,2738,0.0,0.0,0.0,1.0,0.0,0.0,0.0,0.0,0.0,0.0,0.0,0.0
104,2018-04-15,1,0,1,0,2,22.09565,67.125,15.167125,2484,0.0,0.0,0.0,1.0,0.0,0.0,0.0,0.0,0.0,0.0,0.0,0.0
105,2018-04-16,1,0,1,0,0,21.2746,88.8333,22.834136,674,0.0,0.0,0.0,1.0,0.0,0.0,0.0,0.0,0.0,0.0,0.0,0.0
106,2018-04-17,1,0,1,1,2,22.2848,47.9583,20.334232,2186,0.0,0.0,0.0,1.0,0.0,0.0,0.0,0.0,0.0,0.0,0.0,0.0
107,2018-04-18,1,0,1,2,2,25.1573,54.25,10.958989,2760,0.0,0.0,0.0,1.0,0.0,0.0,0.0,0.0,0.0,0.0,0.0,0.0
108,2018-04-19,1,0,1,3,1,24.4629,66.5833,10.584057,2795,0.0,0.0,0.0,1.0,0.0,0.0,0.0,0.0,0.0,0.0,0.0,0.0
109,2018-04-20,1,0,1,3,2,28.2196,61.4167,16.208975,3331,0.0,0.0,0.0,1.0,0.0,0.0,0.0,0.0,0.0,0.0,0.0,0.0
110,2018-04-21,1,0,1,3,2,22.6946,40.7083,21.792286,3444,0.0,0.0,0.0,1.0,0.0,0.0,0.0,0.0,0.0,0.0,0.0,0.0
111,2018-04-22,1,0,1,0,1,16.0977,72.9583,14.707907,1506,0.0,0.0,0.0,1.0,0.0,0.0,0.0,0.0,0.0,0.0,0.0,0.0
112,2018-04-23,1,0,1,0,1,22.50605,88.7917,15.458575,2574,0.0,0.0,0.0,1.0,0.0,0.0,0.0,0.0,0.0,0.0,0.0,0.0
113,2018-04-24,1,0,1,1,1,27.58815,81.0833,12.875725,2481,0.0,0.0,0.0,1.0,0.0,0.0,0.0,0.0,0.0,0.0,0.0,0.0
114,2018-04-25,1,0,1,2,2,28.725,77.6667,12.417311,3300,0.0,0.0,0.0,1.0,0.0,0.0,0.0,0.0,0.0,0.0,0.0,0.0
115,2018-04-26,1,0,1,3,2,29.70415,72.9167,21.8755,3722,0.0,0.0,0.0,1.0,0.0,0.0,0.0,0.0,0.0,0.0,0.0,0.0
116,2018-04-27,1,0,1,3,1,28.7571,83.5417,20.9174,3325,0.0,0.0,0.0,1.0,0.0,0.0,0.0,0.0,0.0,0.0,0.0,0.0
117,2018-04-28,1,0,1,3,1,28.94645,70.0833,21.500836,3489,0.0,0.0,0.0,1.0,0.0,0.0,0.0,0.0,0.0,0.0,0.0,0.0
118,2018-04-29,1,0,1,0,2,24.87315,45.7083,16.084221,3717,0.0,0.0,0.0,1.0,0.0,0.0,0.0,0.0,0.0,0.0,0.0,0.0
119,2018-04-30,1,0,1,0,2,23.20105,50.3333,15.750025,3347,0.0,0.0,0.0,1.0,0.0,0.0,0.0,0.0,0.0,0.0,0.0,0.0
120,2018-05-01,1,0,1,1,1,22.4102,76.2083,7.125718,2213,0.0,0.0,0.0,0.0,1.0,0.0,0.0,0.0,0.0,0.0,0.0,0.0
121,2018-05-02,1,0,1,2,1,26.64165,73.0,12.291418,3554,0.0,0.0,0.0,0.0,1.0,0.0,0.0,0.0,0.0,0.0,0.0,0.0
122,2018-05-03,1,0,1,3,1,29.10395,69.7083,22.958689,3848,0.0,0.0,0.0,0.0,1.0,0.0,0.0,0.0,0.0,0.0,0.0,0.0
123,2018-05-04,1,0,1,3,1,20.2325,73.7083,22.042732,2378,0.0,0.0,0.0,0.0,1.0,0.0,0.0,0.0,0.0,0.0,0.0,0.0
124,2018-05-05,1,0,1,3,2,22.09585,44.4167,19.791264,3819,0.0,0.0,0.0,0.0,1.0,0.0,0.0,0.0,0.0,0.0,0.0,0.0
125,2018-05-06,1,0,1,0,2,23.70585,59.0,15.292482,3714,0.0,0.0,0.0,0.0,1.0,0.0,0.0,0.0,0.0,0.0,0.0,0.0
126,2018-05-07,1,0,1,0,2,25.63105,54.125,10.75015,3102,0.0,0.0,0.0,0.0,1.0,0.0,0.0,0.0,0.0,0.0,0.0,0.0
127,2018-05-08,1,0,1,1,2,25.94665,63.1667,5.0007125,2932,0.0,0.0,0.0,0.0,1.0,0.0,0.0,0.0,0.0,0.0,0.0,0.0
128,2018-05-09,1,0,1,2,2,26.2623,58.875,11.792,3698,0.0,0.0,0.0,0.0,1.0,0.0,0.0,0.0,0.0,0.0,0.0,0.0
129,2018-05-10,1,0,1,3,2,26.13605,48.9167,7.749957,4109,0.0,0.0,0.0,0.0,1.0,0.0,0.0,0.0,0.0,0.0,0.0,0.0
130,2018-05-11,1,0,1,3,2,26.42,63.2917,8.083014,3632,0.0,0.0,0.0,0.0,1.0,0.0,0.0,0.0,0.0,0.0,0.0,0.0
131,2018-05-12,1,0,1,3,2,26.16815,74.75,12.707689,4169,0.0,0.0,0.0,0.0,1.0,0.0,0.0,0.0,0.0,0.0,0.0,0.0
132,2018-05-13,1,0,1,0,1,24.715,86.3333,12.041575,3413,0.0,0.0,0.0,0.0,1.0,0.0,0.0,0.0,0.0,0.0,0.0,0.0
133,2018-05-14,1,0,1,0,1,25.03145,92.25,9.04165,2507,0.0,0.0,0.0,0.0,1.0,0.0,0.0,0.0,0.0,0.0,0.0,0.0
134,2018-05-15,1,0,1,1,1,26.8,86.7083,10.249593,2971,0.0,0.0,0.0,0.0,1.0,0.0,0.0,0.0,0.0,0.0,0.0,0.0
135,2018-05-16,1,0,1,2,2,27.5256,78.7917,8.500357,3185,0.0,0.0,0.0,0.0,1.0,0.0,0.0,0.0,0.0,0.0,0.0,0.0
136,2018-05-17,1,0,1,3,1,26.92645,83.7917,18.582718,3445,0.0,0.0,0.0,0.0,1.0,0.0,0.0,0.0,0.0,0.0,0.0,0.0
137,2018-05-18,1,0,1,3,1,26.3579,87.0,13.499964,3319,0.0,0.0,0.0,0.0,1.0,0.0,0.0,0.0,0.0,0.0,0.0,0.0
138,2018-05-19,1,0,1,3,1,25.5371,82.9583,7.250271,3840,0.0,0.0,0.0,0.0,1.0,0.0,0.0,0.0,0.0,0.0,0.0,0.0
139,2018-05-20,1,0,1,0,2,26.4521,71.9583,8.375871,4008,0.0,0.0,0.0,0.0,1.0,0.0,0.0,0.0,0.0,0.0,0.0,0.0
140,2018-05-21,1,0,1,0,2,28.59875,62.6667,8.08355,3547,0.0,0.0,0.0,0.0,1.0,0.0,0.0,0.0,0.0,0.0,0.0,0.0
141,2018-05-22,1,0,1,1,2,28.725,74.9583,9.916536,3084,0.0,0.0,0.0,0.0,1.0,0.0,0.0,0.0,0.0,0.0,0.0,0.0
142,2018-05-23,1,0,1,2,1,29.5148,81.0,15.667414,3438,0.0,0.0,0.0,0.0,1.0,0.0,0.0,0.0,0.0,0.0,0.0,0.0
143,2018-05-24,1,0,1,3,1,30.24065,74.0833,13.875164,3833,0.0,0.0,0.0,0.0,1.0,0.0,0.0,0.0,0.0,0.0,0.0,0.0
144,2018-05-25,1,0,1,3,2,30.7771,69.625,10.333611,4238,0.0,0.0,0.0,0.0,1.0,0.0,0.0,0.0,0.0,0.0,0.0,0.0
145,2018-05-26,1,0,1,3,2,32.7344,67.75,13.376014,3919,0.0,0.0,0.0,0.0,1.0,0.0,0.0,0.0,0.0,0.0,0.0,0.0
146,2018-05-27,1,0,1,0,2,31.8504,65.375,16.125493,3808,0.0,0.0,0.0,0.0,1.0,0.0,0.0,0.0,0.0,0.0,0.0,0.0
147,2018-05-28,1,0,0,0,2,30.61895,72.9583,15.416164,2757,0.0,0.0,0.0,0.0,1.0,0.0,0.0,0.0,0.0,0.0,0.0,0.0
148,2018-05-29,1,0,1,1,2,30.7775,81.875,14.333846,2433,0.0,0.0,0.0,0.0,1.0,0.0,0.0,0.0,0.0,0.0,0.0,0.0
149,2018-05-30,1,0,1,2,2,33.5546,68.5,8.792075,2549,0.0,0.0,0.0,0.0,1.0,0.0,0.0,0.0,0.0,0.0,0.0,0.0
150,2018-05-31,1,0,1,3,2,36.26915,63.6667,7.459043,3309,0.0,0.0,0.0,0.0,1.0,0.0,0.0,0.0,0.0,0.0,0.0,0.0
151,2018-06-01,1,0,1,3,1,36.04835,67.7083,13.875164,3461,0.0,0.0,0.0,0.0,0.0,1.0,0.0,0.0,0.0,0.0,0.0,0.0
152,2018-06-02,1,0,1,3,2,32.1971,30.5,19.583229,4232,0.0,0.0,0.0,0.0,0.0,1.0,0.0,0.0,0.0,0.0,0.0,0.0
153,2018-06-03,1,0,1,0,2,29.35665,35.4167,16.959107,4414,0.0,0.0,0.0,0.0,0.0,1.0,0.0,0.0,0.0,0.0,0.0,0.0
154,2018-06-04,1,0,1,0,2,29.7348,45.625,8.250514,3473,0.0,0.0,0.0,0.0,0.0,1.0,0.0,0.0,0.0,0.0,0.0,0.0
155,2018-06-05,1,0,1,1,1,30.8402,65.25,9.292364,3221,0.0,0.0,0.0,0.0,0.0,1.0,0.0,0.0,0.0,0.0,0.0,0.0
156,2018-06-06,1,0,1,2,2,31.0929,60.0,8.167032,3875,0.0,0.0,0.0,0.0,0.0,1.0,0.0,0.0,0.0,0.0,0.0,0.0
157,2018-06-07,1,0,1,3,2,32.7975,59.7917,12.583136,4070,0.0,0.0,0.0,0.0,0.0,1.0,0.0,0.0,0.0,0.0,0.0,0.0
158,2018-06-08,1,0,1,3,2,36.36395,62.2083,9.166739,3725,0.0,0.0,0.0,0.0,0.0,1.0,0.0,0.0,0.0,0.0,0.0,0.0
159,2018-06-09,1,0,1,3,1,37.87895,56.8333,10.042161,3352,0.0,0.0,0.0,0.0,0.0,1.0,0.0,0.0,0.0,0.0,0.0,0.0
160,2018-06-10,1,0,1,0,2,35.1646,60.5,9.417118,3771,0.0,0.0,0.0,0.0,0.0,1.0,0.0,0.0,0.0,0.0,0.0,0.0
161,2018-06-11,1,0,1,0,2,33.9019,65.4583,10.37495,3237,0.0,0.0,0.0,0.0,0.0,1.0,0.0,0.0,0.0,0.0,0.0,0.0
162,2018-06-12,1,0,1,1,2,32.16625,74.7917,10.958989,2993,0.0,0.0,0.0,0.0,0.0,1.0,0.0,0.0,0.0,0.0,0.0,0.0
163,2018-06-13,1,0,1,2,2,30.0827,49.4583,20.45845,4157,0.0,0.0,0.0,0.0,0.0,1.0,0.0,0.0,0.0,0.0,0.0,0.0
164,2018-06-14,1,0,1,3,2,29.5773,50.7083,18.041961,4164,0.0,0.0,0.0,0.0,0.0,1.0,0.0,0.0,0.0,0.0,0.0,0.0
165,2018-06-15,1,0,1,3,2,29.3877,47.1667,11.250104,4411,0.0,0.0,0.0,0.0,0.0,1.0,0.0,0.0,0.0,0.0,0.0,0.0
166,2018-06-16,1,0,1,3,1,29.7673,68.8333,13.833557,3222,0.0,0.0,0.0,0.0,0.0,1.0,0.0,0.0,0.0,0.0,0.0,0.0
167,2018-06-17,1,0,1,0,2,30.01915,73.5833,9.582943,3981,0.0,0.0,0.0,0.0,0.0,1.0,0.0,0.0,0.0,0.0,0.0,0.0
168,2018-06-18,1,0,1,0,2,32.1977,67.0417,8.000336,3312,0.0,0.0,0.0,0.0,0.0,1.0,0.0,0.0,0.0,0.0,0.0,0.0
169,2018-06-19,1,0,1,1,1,32.2923,66.6667,6.834,3105,0.0,0.0,0.0,0.0,0.0,1.0,0.0,0.0,0.0,0.0,0.0,0.0
170,2018-06-20,1,0,1,2,1,29.7673,74.625,10.416825,3311,0.0,0.0,0.0,0.0,0.0,1.0,0.0,0.0,0.0,0.0,0.0,0.0
171,2018-06-21,2,0,1,3,1,31.8823,77.0417,11.458675,4061,0.0,0.0,0.0,0.0,0.0,1.0,0.0,0.0,0.0,0.0,0.0,0.0
172,2018-06-22,2,0,1,3,2,34.69145,70.75,11.541554,3846,0.0,0.0,0.0,0.0,0.0,1.0,0.0,0.0,0.0,0.0,0.0,0.0
173,2018-06-23,2,0,1,3,1,34.69165,70.3333,15.999868,4044,0.0,0.0,0.0,0.0,0.0,1.0,0.0,0.0,0.0,0.0,0.0,0.0
174,2018-06-24,2,0,1,0,2,32.82915,57.3333,14.875675,4022,0.0,0.0,0.0,0.0,0.0,1.0,0.0,0.0,0.0,0.0,0.0,0.0
175,2018-06-25,2,0,1,0,2,32.16565,48.3333,14.041257,3420,0.0,0.0,0.0,0.0,0.0,1.0,0.0,0.0,0.0,0.0,0.0,0.0
176,2018-06-26,2,0,1,1,2,31.88145,51.3333,6.3337311,3385,0.0,0.0,0.0,0.0,0.0,1.0,0.0,0.0,0.0,0.0,0.0,0.0
177,2018-06-27,2,0,1,2,1,31.8502,65.8333,7.208396,3854,0.0,0.0,0.0,0.0,0.0,1.0,0.0,0.0,0.0,0.0,0.0,0.0
178,2018-06-28,2,0,1,3,2,34.6279,63.4167,9.666961,3916,0.0,0.0,0.0,0.0,0.0,1.0,0.0,0.0,0.0,0.0,0.0,0.0
179,2018-06-29,2,0,1,3,2,32.7344,49.7917,17.542007,4377,0.0,0.0,0.0,0.0,0.0,1.0,0.0,0.0,0.0,0.0,0.0,0.0
180,2018-06-30,2,0,1,3,2,31.8504,43.4167,12.415904,4488,0.0,0.0,0.0,0.0,0.0,1.0,0.0,0.0,0.0,0.0,0.0,0.0
181,2018-07-01,2,0,1,0,2,32.6081,39.625,6.874736,4116,0.0,0.0,0.0,0.0,0.0,0.0,1.0,0.0,0.0,0.0,0.0,0.0
182,2018-07-02,2,0,1,0,2,33.3654,44.4583,7.709154,2915,0.0,0.0,0.0,0.0,0.0,0.0,1.0,0.0,0.0,0.0,0.0,0.0
183,2018-07-03,2,0,1,1,1,33.42875,68.25,15.333486,2367,0.0,0.0,0.0,0.0,0.0,0.0,1.0,0.0,0.0,0.0,0.0,0.0
184,2018-07-04,2,0,0,2,1,33.27085,63.7917,5.4591064,2978,0.0,0.0,0.0,0.0,0.0,0.0,1.0,0.0,0.0,0.0,0.0,0.0
185,2018-07-05,2,0,1,3,2,34.8169,59.0417,8.459286,3634,0.0,0.0,0.0,0.0,0.0,0.0,1.0,0.0,0.0,0.0,0.0,0.0
186,2018-07-06,2,0,1,3,2,34.28165,74.3333,10.042161,3845,0.0,0.0,0.0,0.0,0.0,0.0,1.0,0.0,0.0,0.0,0.0,0.0
187,2018-07-07,2,0,1,3,2,34.34355,65.125,10.6664,3838,0.0,0.0,0.0,0.0,0.0,0.0,1.0,0.0,0.0,0.0,0.0,0.0
188,2018-07-08,2,0,1,0,1,33.52415,75.7917,15.083643,3348,0.0,0.0,0.0,0.0,0.0,0.0,1.0,0.0,0.0,0.0,0.0,0.0
189,2018-07-09,2,0,1,0,2,33.2079,60.9167,11.250104,3348,0.0,0.0,0.0,0.0,0.0,0.0,1.0,0.0,0.0,0.0,0.0,0.0
190,2018-07-10,2,0,1,1,2,34.50125,57.8333,12.292557,3138,0.0,0.0,0.0,0.0,0.0,0.0,1.0,0.0,0.0,0.0,0.0,0.0
191,2018-07-11,2,0,1,2,2,36.4902,63.5833,18.916579,3363,0.0,0.0,0.0,0.0,0.0,0.0,1.0,0.0,0.0,0.0,0.0,0.0
192,2018-07-12,2,0,1,3,2,36.96375,55.9167,13.417018,3596,0.0,0.0,0.0,0.0,0.0,0.0,1.0,0.0,0.0,0.0,0.0,0.0
193,2018-07-13,2,0,1,3,2,34.4702,63.1667,9.790911,3594,0.0,0.0,0.0,0.0,0.0,0.0,1.0,0.0,0.0,0.0,0.0,0.0
194,2018-07-14,2,0,1,3,2,31.7552,47.625,16.124689,4196,0.0,0.0,0.0,0.0,0.0,0.0,1.0,0.0,0.0,0.0,0.0,0.0
195,2018-07-15,2,0,1,0,2,31.21855,59.125,12.249811,4220,0.0,0.0,0.0,0.0,0.0,0.0,1.0,0.0,0.0,0.0,0.0,0.0
196,2018-07-16,2,0,1,0,2,31.91315,58.5,13.958914,3505,0.0,0.0,0.0,0.0,0.0,0.0,1.0,0.0,0.0,0.0,0.0,0.0
197,2018-07-17,2,0,1,1,2,33.49165,60.4167,16.417211,3296,0.0,0.0,0.0,0.0,0.0,0.0,1.0,0.0,0.0,0.0,0.0,0.0
198,2018-07-18,2,0,1,2,2,35.19625,65.125,14.458868,3617,0.0,0.0,0.0,0.0,0.0,0.0,1.0,0.0,0.0,0.0,0.0,0.0
199,2018-07-19,2,0,1,3,2,37.37395,65.0417,8.7502,3789,0.0,0.0,0.0,0.0,0.0,0.0,1.0,0.0,0.0,0.0,0.0,0.0
200,2018-07-20,2,0,1,3,2,37.3425,70.7083,7.625739,3688,0.0,0.0,0.0,0.0,0.0,0.0,1.0,0.0,0.0,0.0,0.0,0.0
201,2018-07-21,2,0,1,3,1,41.31855,69.125,14.875407,3152,0.0,0.0,0.0,0.0,0.0,0.0,1.0,0.0,0.0,0.0,0.0,0.0
202,2018-07-22,2,0,1,0,2,42.0448,58.0417,8.9177,2825,0.0,0.0,0.0,0.0,0.0,0.0,1.0,0.0,0.0,0.0,0.0,0.0
203,2018-07-23,2,0,1,0,2,40.21435,50.0,8.791807,2298,0.0,0.0,0.0,0.0,0.0,0.0,1.0,0.0,0.0,0.0,0.0,0.0
204,2018-07-24,2,0,1,1,2,39.74145,55.0833,11.334457,2556,0.0,0.0,0.0,0.0,0.0,0.0,1.0,0.0,0.0,0.0,0.0,0.0
205,2018-07-25,2,0,1,2,2,36.0479,75.7083,6.0841561,3272,0.0,0.0,0.0,0.0,0.0,0.0,1.0,0.0,0.0,0.0,0.0,0.0
206,2018-07-26,2,0,1,3,2,34.84895,54.0833,13.417286,3840,0.0,0.0,0.0,0.0,0.0,0.0,1.0,0.0,0.0,0.0,0.0,0.0
207,2018-07-27,2,0,1,3,2,34.53335,40.2917,12.292021,3901,0.0,0.0,0.0,0.0,0.0,0.0,1.0,0.0,0.0,0.0,0.0,0.0
208,2018-07-28,2,0,1,3,2,36.995,58.3333,11.958093,3784,0.0,0.0,0.0,0.0,0.0,0.0,1.0,0.0,0.0,0.0,0.0,0.0
209,2018-07-29,2,0,1,0,2,39.29835,54.25,11.667246,3176,0.0,0.0,0.0,0.0,0.0,0.0,1.0,0.0,0.0,0.0,0.0,0.0
210,2018-07-30,2,0,1,0,2,36.42685,46.5833,11.291979,2916,0.0,0.0,0.0,0.0,0.0,0.0,1.0,0.0,0.0,0.0,0.0,0.0
211,2018-07-31,2,0,1,1,2,36.4898,48.0833,11.042471,2778,0.0,0.0,0.0,0.0,0.0,0.0,1.0,0.0,0.0,0.0,0.0,0.0
212,2018-08-01,2,0,1,2,2,35.1646,55.0833,10.500039,3537,0.0,0.0,0.0,0.0,0.0,0.0,0.0,1.0,0.0,0.0,0.0,0.0
213,2018-08-02,2,0,1,3,2,35.35355,49.125,13.79195,4044,0.0,0.0,0.0,0.0,0.0,0.0,0.0,1.0,0.0,0.0,0.0,0.0
214,2018-08-03,2,0,1,3,1,33.99685,65.75,9.084061,3107,0.0,0.0,0.0,0.0,0.0,0.0,0.0,1.0,0.0,0.0,0.0,0.0
215,2018-08-04,2,0,1,3,1,33.2394,75.75,13.20905,3777,0.0,0.0,0.0,0.0,0.0,0.0,0.0,1.0,0.0,0.0,0.0,0.0
216,2018-08-05,2,0,1,0,2,32.82835,63.0833,12.374632,3843,0.0,0.0,0.0,0.0,0.0,0.0,0.0,1.0,0.0,0.0,0.0,0.0
217,2018-08-06,2,0,1,0,1,33.8077,75.5,15.29275,2773,0.0,0.0,0.0,0.0,0.0,0.0,0.0,1.0,0.0,0.0,0.0,0.0
218,2018-08-07,2,0,1,1,2,35.7646,75.2917,13.499629,2487,0.0,0.0,0.0,0.0,0.0,0.0,0.0,1.0,0.0,0.0,0.0,0.0
219,2018-08-08,2,0,1,2,2,35.16415,59.2083,12.875725,3480,0.0,0.0,0.0,0.0,0.0,0.0,0.0,1.0,0.0,0.0,0.0,0.0
220,2018-08-09,2,0,1,3,2,36.20605,57.0417,10.125107,3695,0.0,0.0,0.0,0.0,0.0,0.0,0.0,1.0,0.0,0.0,0.0,0.0
221,2018-08-10,2,0,1,3,2,34.24915,42.4167,13.417286,3896,0.0,0.0,0.0,0.0,0.0,0.0,0.0,1.0,0.0,0.0,0.0,0.0
222,2018-08-11,2,0,1,3,2,32.57605,42.375,11.041332,3980,0.0,0.0,0.0,0.0,0.0,0.0,0.0,1.0,0.0,0.0,0.0,0.0
223,2018-08-12,2,0,1,0,2,32.7021,41.5,8.416607,3854,0.0,0.0,0.0,0.0,0.0,0.0,0.0,1.0,0.0,0.0,0.0,0.0
224,2018-08-13,2,0,1,0,1,32.2929,72.9583,14.167418,2646,0.0,0.0,0.0,0.0,0.0,0.0,0.0,1.0,0.0,0.0,0.0,0.0
225,2018-08-14,2,0,1,1,1,31.2194,81.75,14.916411,2482,0.0,0.0,0.0,0.0,0.0,0.0,0.0,1.0,0.0,0.0,0.0,0.0
226,2018-08-15,2,0,1,2,2,30.80835,71.2083,13.999918,3563,0.0,0.0,0.0,0.0,0.0,0.0,0.0,1.0,0.0,0.0,0.0,0.0
227,2018-08-16,2,0,1,3,2,32.29185,57.8333,15.834043,4004,0.0,0.0,0.0,0.0,0.0,0.0,0.0,1.0,0.0,0.0,0.0,0.0
228,2018-08-17,2,0,1,3,2,33.33355,57.5417,9.625689,4026,0.0,0.0,0.0,0.0,0.0,0.0,0.0,1.0,0.0,0.0,0.0,0.0
229,2018-08-18,2,0,1,3,2,33.1129,65.4583,15.624936,3166,0.0,0.0,0.0,0.0,0.0,0.0,0.0,1.0,0.0,0.0,0.0,0.0
230,2018-08-19,2,0,1,0,1,31.66105,72.2917,9.333636,3356,0.0,0.0,0.0,0.0,0.0,0.0,0.0,1.0,0.0,0.0,0.0,0.0
231,2018-08-20,2,0,1,0,2,32.4498,67.4167,6.999289,3277,0.0,0.0,0.0,0.0,0.0,0.0,0.0,1.0,0.0,0.0,0.0,0.0
232,2018-08-21,2,0,1,1,2,33.77625,77.0,16.666518,2624,0.0,0.0,0.0,0.0,0.0,0.0,0.0,1.0,0.0,0.0,0.0,0.0
233,2018-08-22,2,0,1,2,2,31.9127,47.0,18.54225,3925,0.0,0.0,0.0,0.0,0.0,0.0,0.0,1.0,0.0,0.0,0.0,0.0
234,2018-08-23,2,0,1,3,2,30.30335,45.5417,9.833121,4614,0.0,0.0,0.0,0.0,0.0,0.0,0.0,1.0,0.0,0.0,0.0,0.0
235,2018-08-24,2,0,1,3,2,31.5346,60.5,16.958236,4181,0.0,0.0,0.0,0.0,0.0,0.0,0.0,1.0,0.0,0.0,0.0,0.0
236,2018-08-25,2,0,1,3,1,32.2927,77.1667,14.125811,3107,0.0,0.0,0.0,0.0,0.0,0.0,0.0,1.0,0.0,0.0,0.0,0.0
237,2018-08-26,2,0,1,0,2,32.98665,76.125,5.6254875,3893,0.0,0.0,0.0,0.0,0.0,0.0,0.0,1.0,0.0,0.0,0.0,0.0
238,2018-08-27,2,0,1,0,1,31.7778,85.0,25.166339,889,0.0,0.0,0.0,0.0,0.0,0.0,0.0,1.0,0.0,0.0,0.0,0.0
239,2018-08-28,2,0,1,1,2,32.39795,56.1765,20.412153,2919,0.0,0.0,0.0,0.0,0.0,0.0,0.0,1.0,0.0,0.0,0.0,0.0
240,2018-08-29,2,0,1,2,2,30.3979,55.4583,10.708275,3905,0.0,0.0,0.0,0.0,0.0,0.0,0.0,1.0,0.0,0.0,0.0,0.0
241,2018-08-30,2,0,1,3,2,29.7352,54.8333,8.375536,4429,0.0,0.0,0.0,0.0,0.0,0.0,0.0,1.0,0.0,0.0,0.0,0.0
242,2018-08-31,2,0,1,3,2,30.55605,59.7917,5.5833311,4370,0.0,0.0,0.0,0.0,0.0,0.0,0.0,1.0,0.0,0.0,0.0,0.0
243,2018-09-01,2,0,1,3,2,30.74605,63.9167,9.500332,4332,0.0,0.0,0.0,0.0,0.0,0.0,0.0,0.0,1.0,0.0,0.0,0.0
244,2018-09-02,2,0,1,0,1,30.2404,72.7083,9.375243,3852,0.0,0.0,0.0,0.0,0.0,0.0,0.0,0.0,1.0,0.0,0.0,0.0
245,2018-09-03,2,0,0,0,2,31.66065,71.6667,12.416775,2549,0.0,0.0,0.0,0.0,0.0,0.0,0.0,0.0,1.0,0.0,0.0,0.0
246,2018-09-04,2,0,1,1,2,33.27145,74.2083,13.833289,2419,0.0,0.0,0.0,0.0,0.0,0.0,0.0,0.0,1.0,0.0,0.0,0.0
247,2018-09-05,2,0,1,2,1,31.2823,79.0417,14.250632,2115,0.0,0.0,0.0,0.0,0.0,0.0,0.0,0.0,1.0,0.0,0.0,0.0
248,2018-09-06,2,0,1,3,0,25.76,88.6957,23.044181,2506,0.0,0.0,0.0,0.0,0.0,0.0,0.0,0.0,1.0,0.0,0.0,0.0
249,2018-09-07,2,0,1,3,0,27.21145,91.7083,6.5003936,1878,0.0,0.0,0.0,0.0,0.0,0.0,0.0,0.0,1.0,0.0,0.0,0.0
250,2018-09-08,2,0,1,3,0,27.76805,93.9565,12.914116,1689,0.0,0.0,0.0,0.0,0.0,0.0,0.0,0.0,1.0,0.0,0.0,0.0
251,2018-09-09,2,0,1,0,1,28.9473,89.7917,8.333393,3127,0.0,0.0,0.0,0.0,0.0,0.0,0.0,0.0,1.0,0.0,0.0,0.0
252,2018-09-10,2,0,1,0,2,30.3981,75.375,10.291736,3595,0.0,0.0,0.0,0.0,0.0,0.0,0.0,0.0,1.0,0.0,0.0,0.0
253,2018-09-11,2,0,1,1,2,30.46145,71.375,7.708618,3413,0.0,0.0,0.0,0.0,0.0,0.0,0.0,0.0,1.0,0.0,0.0,0.0
254,2018-09-12,2,0,1,2,2,30.1065,69.2174,5.957171,4023,0.0,0.0,0.0,0.0,0.0,0.0,0.0,0.0,1.0,0.0,0.0,0.0
255,2018-09-13,2,0,1,3,2,30.1777,71.25,9.500868,4062,0.0,0.0,0.0,0.0,0.0,0.0,0.0,0.0,1.0,0.0,0.0,0.0
256,2018-09-14,2,0,1,3,2,31.345,69.7083,11.2091,4138,0.0,0.0,0.0,0.0,0.0,0.0,0.0,0.0,1.0,0.0,0.0,0.0
257,2018-09-15,2,0,1,3,1,27.68355,70.9167,18.166782,3231,0.0,0.0,0.0,0.0,0.0,0.0,0.0,0.0,1.0,0.0,0.0,0.0
258,2018-09-16,2,0,1,0,1,23.07375,59.0417,11.000261,4018,0.0,0.0,0.0,0.0,0.0,0.0,0.0,0.0,1.0,0.0,0.0,0.0
259,2018-09-17,2,0,1,0,1,23.9256,71.8333,12.708225,3077,0.0,0.0,0.0,0.0,0.0,0.0,0.0,0.0,1.0,0.0,0.0,0.0
260,2018-09-18,2,0,1,1,2,24.52685,69.5,11.958361,2921,0.0,0.0,0.0,0.0,0.0,0.0,0.0,0.0,1.0,0.0,0.0,0.0
261,2018-09-19,2,0,1,2,1,26.48375,69.0,10.166714,3848,0.0,0.0,0.0,0.0,0.0,0.0,0.0,0.0,1.0,0.0,0.0,0.0
262,2018-09-20,2,0,1,3,1,26.61085,88.125,9.041918,3203,0.0,0.0,0.0,0.0,0.0,0.0,0.0,0.0,1.0,0.0,0.0,0.0
263,2018-09-21,2,0,1,3,1,27.52665,90.0,6.4590814,3813,0.0,0.0,0.0,0.0,0.0,0.0,0.0,0.0,1.0,0.0,0.0,0.0
264,2018-09-22,2,0,1,3,1,27.74815,90.2083,8.584375,4240,0.0,0.0,0.0,0.0,0.0,0.0,0.0,0.0,1.0,0.0,0.0,0.0
265,2018-09-23,1,0,1,0,1,26.10625,97.25,5.2505689,2137,0.0,0.0,0.0,0.0,0.0,0.0,0.0,0.0,1.0,0.0,0.0,0.0
266,2018-09-24,1,0,1,0,1,28.2206,86.25,5.2516811,3647,0.0,0.0,0.0,0.0,0.0,0.0,0.0,0.0,1.0,0.0,0.0,0.0
267,2018-09-25,1,0,1,1,1,28.63185,84.5,3.3754064,3466,0.0,0.0,0.0,0.0,0.0,0.0,0.0,0.0,1.0,0.0,0.0,0.0
268,2018-09-26,1,0,1,2,1,29.4521,84.8333,7.4169,3946,0.0,0.0,0.0,0.0,0.0,0.0,0.0,0.0,1.0,0.0,0.0,0.0
269,2018-09-27,1,0,1,3,1,28.72625,88.5417,7.917457,3643,0.0,0.0,0.0,0.0,0.0,0.0,0.0,0.0,1.0,0.0,0.0,0.0
270,2018-09-28,1,0,1,3,1,28.7579,84.875,9.958143,3427,0.0,0.0,0.0,0.0,0.0,0.0,0.0,0.0,1.0,0.0,0.0,0.0
271,2018-09-29,1,0,1,3,2,28.7256,69.9167,11.583161,4186,0.0,0.0,0.0,0.0,0.0,0.0,0.0,0.0,1.0,0.0,0.0,0.0
272,2018-09-30,1,0,1,0,2,27.24145,64.75,13.833825,4372,0.0,0.0,0.0,0.0,0.0,0.0,0.0,0.0,1.0,0.0,0.0,0.0
273,2018-10-01,1,0,1,0,1,20.64315,75.375,19.583832,1949,0.0,0.0,0.0,0.0,0.0,0.0,0.0,0.0,0.0,1.0,0.0,0.0
274,2018-10-02,1,0,1,1,1,17.26585,79.1667,14.874871,2302,0.0,0.0,0.0,0.0,0.0,0.0,0.0,0.0,0.0,1.0,0.0,0.0
275,2018-10-03,1,0,1,2,1,19.6023,76.0833,5.5841686,3240,0.0,0.0,0.0,0.0,0.0,0.0,0.0,0.0,0.0,1.0,0.0,0.0
276,2018-10-04,1,0,1,3,2,23.6429,71.0,13.792218,3970,0.0,0.0,0.0,0.0,0.0,0.0,0.0,0.0,0.0,1.0,0.0,0.0
277,2018-10-05,1,0,1,3,2,26.3569,64.7917,11.87575,4267,0.0,0.0,0.0,0.0,0.0,0.0,0.0,0.0,0.0,1.0,0.0,0.0
278,2018-10-06,1,0,1,3,2,24.02125,62.0833,9.041918,4126,0.0,0.0,0.0,0.0,0.0,0.0,0.0,0.0,0.0,1.0,0.0,0.0
279,2018-10-07,1,0,1,0,2,25.2202,68.4167,1.5002439,4036,0.0,0.0,0.0,0.0,0.0,0.0,0.0,0.0,0.0,1.0,0.0,0.0
280,2018-10-08,1,0,0,0,2,25.6621,70.125,3.0420814,3174,0.0,0.0,0.0,0.0,0.0,0.0,0.0,0.0,0.0,1.0,0.0,0.0
281,2018-10-09,1,0,1,1,2,26.19915,72.75,4.25115,3114,0.0,0.0,0.0,0.0,0.0,0.0,0.0,0.0,0.0,1.0,0.0,0.0
282,2018-10-10,1,0,1,2,2,27.14625,73.375,2.8343814,3603,0.0,0.0,0.0,0.0,0.0,0.0,0.0,0.0,0.0,1.0,0.0,0.0
283,2018-10-11,1,0,1,3,1,27.3048,80.875,9.583814,3896,0.0,0.0,0.0,0.0,0.0,0.0,0.0,0.0,0.0,1.0,0.0,0.0
284,2018-10-12,1,0,1,3,0,25.88585,90.625,16.62605,2199,0.0,0.0,0.0,0.0,0.0,0.0,0.0,0.0,0.0,1.0,0.0,0.0
285,2018-10-13,1,0,1,3,1,27.5902,89.6667,9.499729,2623,0.0,0.0,0.0,0.0,0.0,0.0,0.0,0.0,0.0,1.0,0.0,0.0
286,2018-10-14,1,0,1,0,1,26.48375,71.625,15.000161,3115,0.0,0.0,0.0,0.0,0.0,0.0,0.0,0.0,0.0,1.0,0.0,0.0
287,2018-10-15,1,0,1,0,2,24.93625,48.3333,17.291561,3318,0.0,0.0,0.0,0.0,0.0,0.0,0.0,0.0,0.0,1.0,0.0,0.0
288,2018-10-16,1,0,1,1,2,25.1577,48.6667,18.875039,3293,0.0,0.0,0.0,0.0,0.0,0.0,0.0,0.0,0.0,1.0,0.0,0.0
289,2018-10-17,1,0,1,2,2,25.53625,57.9583,11.750393,3857,0.0,0.0,0.0,0.0,0.0,0.0,0.0,0.0,0.0,1.0,0.0,0.0
290,2018-10-18,1,0,1,3,1,26.13605,70.1667,7.375829,4111,0.0,0.0,0.0,0.0,0.0,0.0,0.0,0.0,0.0,1.0,0.0,0.0
291,2018-10-19,1,0,1,3,0,25.6924,89.5217,16.303713,2170,0.0,0.0,0.0,0.0,0.0,0.0,0.0,0.0,0.0,1.0,0.0,0.0
292,2018-10-20,1,0,1,3,2,23.32625,63.625,28.292425,3724,0.0,0.0,0.0,0.0,0.0,0.0,0.0,0.0,0.0,1.0,0.0,0.0
293,2018-10-21,1,0,1,0,2,21.1798,57.4167,14.833532,3628,0.0,0.0,0.0,0.0,0.0,0.0,0.0,0.0,0.0,1.0,0.0,0.0
294,2018-10-22,1,0,1,0,2,21.2746,62.9167,6.2086689,2809,0.0,0.0,0.0,0.0,0.0,0.0,0.0,0.0,0.0,1.0,0.0,0.0
295,2018-10-23,1,0,1,1,2,21.11665,74.125,6.6673375,2762,0.0,0.0,0.0,0.0,0.0,0.0,0.0,0.0,0.0,1.0,0.0,0.0
296,2018-10-24,1,0,1,2,2,22.85335,77.2083,7.959064,3488,0.0,0.0,0.0,0.0,0.0,0.0,0.0,0.0,0.0,1.0,0.0,0.0
297,2018-10-25,1,0,1,3,2,23.16875,62.2917,11.166086,3992,0.0,0.0,0.0,0.0,0.0,0.0,0.0,0.0,0.0,1.0,0.0,0.0
298,2018-10-26,1,0,1,3,1,23.6423,72.0417,9.959014,3490,0.0,0.0,0.0,0.0,0.0,0.0,0.0,0.0,0.0,1.0,0.0,0.0
299,2018-10-27,1,0,1,3,1,22.8523,81.2917,13.250121,2419,0.0,0.0,0.0,0.0,0.0,0.0,0.0,0.0,0.0,1.0,0.0,0.0
300,2018-10-28,1,0,1,0,1,15.9406,58.5833,15.375093,3291,0.0,0.0,0.0,0.0,0.0,0.0,0.0,0.0,0.0,1.0,0.0,0.0
301,2018-10-29,1,0,1,0,0,11.39565,88.25,23.541857,570,0.0,0.0,0.0,0.0,0.0,0.0,0.0,0.0,0.0,1.0,0.0,0.0
302,2018-10-30,1,0,1,1,2,16.06645,62.375,11.833339,2446,0.0,0.0,0.0,0.0,0.0,0.0,0.0,0.0,0.0,1.0,0.0,0.0
303,2018-10-31,1,0,1,2,2,17.80315,70.3333,7.12545,3307,0.0,0.0,0.0,0.0,0.0,0.0,0.0,0.0,0.0,1.0,0.0,0.0
304,2018-11-01,1,0,1,3,2,19.8544,68.375,9.083257,3658,0.0,0.0,0.0,0.0,0.0,0.0,0.0,0.0,0.0,0.0,1.0,0.0
305,2018-11-02,1,0,1,3,2,19.50665,71.875,5.5001439,3816,0.0,0.0,0.0,0.0,0.0,0.0,0.0,0.0,0.0,0.0,1.0,0.0
306,2018-11-03,1,0,1,3,2,20.29605,70.2083,9.166739,3656,0.0,0.0,0.0,0.0,0.0,0.0,0.0,0.0,0.0,0.0,1.0,0.0
307,2018-11-04,1,0,1,0,1,20.1696,62.25,18.209193,3576,0.0,0.0,0.0,0.0,0.0,0.0,0.0,0.0,0.0,0.0,1.0,0.0
308,2018-11-05,1,0,1,0,2,16.1927,51.9167,12.667154,2770,0.0,0.0,0.0,0.0,0.0,0.0,0.0,0.0,0.0,0.0,1.0,0.0
309,2018-11-06,1,0,1,1,2,18.1179,73.4583,6.1676314,2697,0.0,0.0,0.0,0.0,0.0,0.0,0.0,0.0,0.0,0.0,1.0,0.0
310,2018-11-07,1,0,1,2,2,20.04355,75.875,3.834075,3662,0.0,0.0,0.0,0.0,0.0,0.0,0.0,0.0,0.0,0.0,1.0,0.0
311,2018-11-08,1,0,1,3,2,20.6123,72.1667,4.6255125,3829,0.0,0.0,0.0,0.0,0.0,0.0,0.0,0.0,0.0,0.0,1.0,0.0
312,2018-11-09,1,0,1,3,2,20.45395,75.8333,4.1671186,3804,0.0,0.0,0.0,0.0,0.0,0.0,0.0,0.0,0.0,0.0,1.0,0.0
313,2018-11-10,1,0,1,3,1,18.68605,81.3333,12.667489,2743,0.0,0.0,0.0,0.0,0.0,0.0,0.0,0.0,0.0,0.0,1.0,0.0
314,2018-11-11,1,0,0,0,2,15.34085,44.625,21.083225,2928,0.0,0.0,0.0,0.0,0.0,0.0,0.0,0.0,0.0,0.0,1.0,0.0
315,2018-11-12,1,0,0,0,2,17.8971,55.2917,14.208154,2792,0.0,0.0,0.0,0.0,0.0,0.0,0.0,0.0,0.0,0.0,1.0,0.0
316,2018-11-13,1,0,1,1,2,21.5275,45.8333,18.875307,2713,0.0,0.0,0.0,0.0,0.0,0.0,0.0,0.0,0.0,0.0,1.0,0.0
317,2018-11-14,1,0,1,2,2,26.2306,58.7083,20.541932,3891,0.0,0.0,0.0,0.0,0.0,0.0,0.0,0.0,0.0,0.0,1.0,0.0
318,2018-11-15,1,0,1,3,1,25.37895,68.875,13.375411,3746,0.0,0.0,0.0,0.0,0.0,0.0,0.0,0.0,0.0,0.0,1.0,0.0
319,2018-11-16,1,0,1,3,0,22.5994,93.0,9.167543,1672,0.0,0.0,0.0,0.0,0.0,0.0,0.0,0.0,0.0,0.0,1.0,0.0
320,2018-11-17,1,0,1,3,1,16.16105,57.5833,20.459254,2914,0.0,0.0,0.0,0.0,0.0,0.0,0.0,0.0,0.0,0.0,1.0,0.0
321,2018-11-18,1,0,1,0,2,13.63605,41.0,11.291711,3147,0.0,0.0,0.0,0.0,0.0,0.0,0.0,0.0,0.0,0.0,1.0,0.0
322,2018-11-19,1,0,1,0,2,16.22415,50.2083,15.041232,2720,0.0,0.0,0.0,0.0,0.0,0.0,0.0,0.0,0.0,0.0,1.0,0.0
323,2018-11-20,1,0,1,1,1,22.8529,68.4583,12.45865,2733,0.0,0.0,0.0,0.0,0.0,0.0,0.0,0.0,0.0,0.0,1.0,0.0
324,2018-11-21,1,0,1,2,0,22.2531,91.0,9.249618,2545,0.0,0.0,0.0,0.0,0.0,0.0,0.0,0.0,0.0,0.0,1.0,0.0
325,2018-11-22,1,0,0,3,0,21.0848,96.25,7.959064,1538,0.0,0.0,0.0,0.0,0.0,0.0,0.0,0.0,0.0,0.0,1.0,0.0
326,2018-11-23,1,0,1,3,1,21.52685,75.7917,22.500275,2454,0.0,0.0,0.0,0.0,0.0,0.0,0.0,0.0,0.0,0.0,1.0,0.0
327,2018-11-24,1,0,1,3,2,18.62355,54.9167,11.209368,935,0.0,0.0,0.0,0.0,0.0,0.0,0.0,0.0,0.0,0.0,1.0,0.0
328,2018-11-25,1,0,1,0,2,19.03355,64.375,6.6260186,1697,0.0,0.0,0.0,0.0,0.0,0.0,0.0,0.0,0.0,0.0,1.0,0.0
329,2018-11-26,1,0,1,0,2,19.25435,68.1667,4.5841936,1819,0.0,0.0,0.0,0.0,0.0,0.0,0.0,0.0,0.0,0.0,1.0,0.0
330,2018-11-27,1,0,1,1,2,22.79,69.8333,13.999918,2261,0.0,0.0,0.0,0.0,0.0,0.0,0.0,0.0,0.0,0.0,1.0,0.0
331,2018-11-28,1,0,1,2,2,24.5061,74.3043,9.522174,3614,0.0,0.0,0.0,0.0,0.0,0.0,0.0,0.0,0.0,0.0,1.0,0.0
332,2018-11-29,1,0,1,3,1,22.56875,83.0833,17.292164,2818,0.0,0.0,0.0,0.0,0.0,0.0,0.0,0.0,0.0,0.0,1.0,0.0
333,2018-11-30,1,0,1,3,2,15.56105,61.3333,18.167586,3425,0.0,0.0,0.0,0.0,0.0,0.0,0.0,0.0,0.0,0.0,1.0,0.0
334,2018-12-01,1,0,1,3,2,15.2777,52.4583,14.750586,3545,0.0,0.0,0.0,0.0,0.0,0.0,0.0,0.0,0.0,0.0,0.0,1.0
335,2018-12-02,1,0,1,0,2,16.57165,62.5833,6.750518,3672,0.0,0.0,0.0,0.0,0.0,0.0,0.0,0.0,0.0,0.0,0.0,1.0
336,2018-12-03,1,0,1,0,2,15.5302,61.2917,6.4174811,2908,0.0,0.0,0.0,0.0,0.0,0.0,0.0,0.0,0.0,0.0,0.0,1.0
337,2018-12-04,1,0,1,1,2,17.455,77.5833,5.6252061,2851,0.0,0.0,0.0,0.0,0.0,0.0,0.0,0.0,0.0,0.0,0.0,1.0
338,2018-12-05,1,0,1,2,1,19.69625,82.7083,4.1679561,3578,0.0,0.0,0.0,0.0,0.0,0.0,0.0,0.0,0.0,0.0,0.0,1.0
339,2018-12-06,1,0,1,3,0,22.82,94.9583,15.583061,2468,0.0,0.0,0.0,0.0,0.0,0.0,0.0,0.0,0.0,0.0,0.0,1.0
340,2018-12-07,1,0,1,3,0,20.0123,97.0417,17.833725,655,0.0,0.0,0.0,0.0,0.0,0.0,0.0,0.0,0.0,0.0,0.0,1.0
341,2018-12-08,1,0,1,3,2,12.8469,58.0,16.083886,3172,0.0,0.0,0.0,0.0,0.0,0.0,0.0,0.0,0.0,0.0,0.0,1.0
342,2018-12-09,1,0,1,0,2,15.8771,69.5833,5.5420189,3359,0.0,0.0,0.0,0.0,0.0,0.0,0.0,0.0,0.0,0.0,0.0,1.0
343,2018-12-10,1,0,1,0,2,13.3206,50.75,15.625807,2688,0.0,0.0,0.0,0.0,0.0,0.0,0.0,0.0,0.0,0.0,0.0,1.0
344,2018-12-11,1,0,1,1,2,12.6577,49.0,4.4582939,2366,0.0,0.0,0.0,0.0,0.0,0.0,0.0,0.0,0.0,0.0,0.0,1.0
345,2018-12-12,1,0,1,2,2,13.5098,67.0833,4.25115,3167,0.0,0.0,0.0,0.0,0.0,0.0,0.0,0.0,0.0,0.0,0.0,1.0
346,2018-12-13,1,0,1,3,2,15.0569,59.0,9.41685,3368,0.0,0.0,0.0,0.0,0.0,0.0,0.0,0.0,0.0,0.0,0.0,1.0
347,2018-12-14,1,0,1,3,1,16.9181,66.375,4.0842061,3562,0.0,0.0,0.0,0.0,0.0,0.0,0.0,0.0,0.0,0.0,0.0,1.0
348,2018-12-15,1,0,1,3,1,20.61185,63.4167,17.958814,3528,0.0,0.0,0.0,0.0,0.0,0.0,0.0,0.0,0.0,0.0,0.0,1.0
349,2018-12-16,1,0,1,0,1,17.99125,50.0417,17.458525,3399,0.0,0.0,0.0,0.0,0.0,0.0,0.0,0.0,0.0,0.0,0.0,1.0
350,2018-12-17,1,0,1,0,1,12.46855,56.0833,16.292189,2464,0.0,0.0,0.0,0.0,0.0,0.0,0.0,0.0,0.0,0.0,0.0,1.0
351,2018-12-18,1,0,1,1,2,12.27895,58.625,11.375193,2211,0.0,0.0,0.0,0.0,0.0,0.0,0.0,0.0,0.0,0.0,0.0,1.0
352,2018-12-19,1,0,1,2,2,14.04665,63.75,11.584032,3143,0.0,0.0,0.0,0.0,0.0,0.0,0.0,0.0,0.0,0.0,0.0,1.0
353,2018-12-20,1,0,1,3,1,19.8227,59.5417,4.1252436,3534,0.0,0.0,0.0,0.0,0.0,0.0,0.0,0.0,0.0,0.0,0.0,1.0
354,2018-12-21,0,0,1,3,1,21.40085,85.8333,14.8338,2553,0.0,0.0,0.0,0.0,0.0,0.0,0.0,0.0,0.0,0.0,0.0,1.0
355,2018-12-22,0,0,1,3,1,21.30605,75.75,3.167425,2841,0.0,0.0,0.0,0.0,0.0,0.0,0.0,0.0,0.0,0.0,0.0,1.0
356,2018-12-23,0,0,1,0,2,18.87565,68.625,18.374482,2046,0.0,0.0,0.0,0.0,0.0,0.0,0.0,0.0,0.0,0.0,0.0,1.0
357,2018-12-24,0,0,1,0,2,14.9621,54.25,12.750368,856,0.0,0.0,0.0,0.0,0.0,0.0,0.0,0.0,0.0,0.0,0.0,1.0
358,2018-12-25,0,0,0,1,2,13.99805,68.1304,10.391097,451,0.0,0.0,0.0,0.0,0.0,0.0,0.0,0.0,0.0,0.0,0.0,1.0
359,2018-12-26,0,0,1,2,2,15.77675,50.6957,16.044155,887,0.0,0.0,0.0,0.0,0.0,0.0,0.0,0.0,0.0,0.0,0.0,1.0
360,2018-12-27,0,0,1,3,1,16.38165,76.25,12.62615,1059,0.0,0.0,0.0,0.0,0.0,0.0,0.0,0.0,0.0,0.0,0.0,1.0
361,2018-12-28,0,0,1,3,2,13.9987,50.3913,19.695387,2047,0.0,0.0,0.0,0.0,0.0,0.0,0.0,0.0,0.0,0.0,0.0,1.0
362,2018-12-29,0,0,1,3,2,13.1946,57.4167,8.000604,2169,0.0,0.0,0.0,0.0,0.0,0.0,0.0,0.0,0.0,0.0,0.0,1.0
363,2018-12-30,0,0,1,0,2,15.9406,63.6667,9.000579,2508,0.0,0.0,0.0,0.0,0.0,0.0,0.0,0.0,0.0,0.0,0.0,1.0
364,2018-12-31,0,0,1,0,2,20.70605,61.5833,14.750318,1820,0.0,0.0,0.0,0.0,0.0,0.0,0.0,0.0,0.0,0.0,0.0,1.0
365,2019-01-01,0,1,0,1,2,18.78105,69.25,12.875189,1608,1.0,0.0,0.0,0.0,0.0,0.0,0.0,0.0,0.0,0.0,0.0,0.0
366,2019-01-02,0,1,1,2,2,12.6152,38.1304,22.087555,1707,1.0,0.0,0.0,0.0,0.0,0.0,0.0,0.0,0.0,0.0,0.0,0.0
367,2019-01-03,0,1,1,3,2,6.31375,44.125,24.499957,2147,1.0,0.0,0.0,0.0,0.0,0.0,0.0,0.0,0.0,0.0,0.0,0.0
368,2019-01-04,0,1,1,3,1,5.96685,41.4583,12.3749,2273,1.0,0.0,0.0,0.0,0.0,0.0,0.0,0.0,0.0,0.0,0.0,0.0
369,2019-01-05,0,1,1,3,2,13.9206,52.4167,8.709129,3132,1.0,0.0,0.0,0.0,0.0,0.0,0.0,0.0,0.0,0.0,0.0,0.0
370,2019-01-06,0,1,1,0,2,17.01335,54.2083,11.249836,3791,1.0,0.0,0.0,0.0,0.0,0.0,0.0,0.0,0.0,0.0,0.0,0.0
371,2019-01-07,0,1,1,0,2,19.53895,53.1667,11.708786,3451,1.0,0.0,0.0,0.0,0.0,0.0,0.0,0.0,0.0,0.0,0.0,0.0
372,2019-01-08,0,1,1,1,2,17.0129,46.5,12.833314,2826,1.0,0.0,0.0,0.0,0.0,0.0,0.0,0.0,0.0,0.0,0.0,0.0
373,2019-01-09,0,1,1,2,1,12.37395,70.1667,6.6263,2270,1.0,0.0,0.0,0.0,0.0,0.0,0.0,0.0,0.0,0.0,0.0,0.0
374,2019-01-10,0,1,1,3,2,15.9413,64.6522,12.565984,3425,1.0,0.0,0.0,0.0,0.0,0.0,0.0,0.0,0.0,0.0,0.0,0.0
375,2019-01-11,0,1,1,3,1,14.14105,84.75,8.791807,2085,1.0,0.0,0.0,0.0,0.0,0.0,0.0,0.0,0.0,0.0,0.0,0.0
376,2019-01-12,0,1,1,3,1,19.0969,80.2917,12.124789,3828,1.0,0.0,0.0,0.0,0.0,0.0,0.0,0.0,0.0,0.0,0.0,0.0
377,2019-01-13,0,1,1,0,2,12.4681,50.75,25.333236,3040,1.0,0.0,0.0,0.0,0.0,0.0,0.0,0.0,0.0,0.0,0.0,0.0
378,2019-01-14,0,1,1,0,2,9.15435,45.75,12.541261,2160,1.0,0.0,0.0,0.0,0.0,0.0,0.0,0.0,0.0,0.0,0.0,0.0
379,2019-01-15,0,1,1,1,2,8.08125,41.9167,16.834286,2027,1.0,0.0,0.0,0.0,0.0,0.0,0.0,0.0,0.0,0.0,0.0,0.0
380,2019-01-16,0,1,1,2,2,9.53315,52.25,15.500986,2081,1.0,0.0,0.0,0.0,0.0,0.0,0.0,0.0,0.0,0.0,0.0,0.0
381,2019-01-17,0,1,1,3,1,18.2139,71.6087,23.39171,2808,1.0,0.0,0.0,0.0,0.0,0.0,0.0,0.0,0.0,0.0,0.0,0.0
382,2019-01-18,0,1,1,3,2,13.7627,44.3333,27.833743,3267,1.0,0.0,0.0,0.0,0.0,0.0,0.0,0.0,0.0,0.0,0.0,0.0
383,2019-01-19,0,1,1,3,2,9.5019,49.75,14.750586,3162,1.0,0.0,0.0,0.0,0.0,0.0,0.0,0.0,0.0,0.0,0.0,0.0
384,2019-01-20,0,1,1,0,1,11.0479,45.0,13.58425,3048,1.0,0.0,0.0,0.0,0.0,0.0,0.0,0.0,0.0,0.0,0.0,0.0
385,2019-01-21,0,1,0,0,1,8.74375,83.125,14.917014,1234,1.0,0.0,0.0,0.0,0.0,0.0,0.0,0.0,0.0,0.0,0.0,0.0
386,2019-01-22,0,1,1,1,1,8.1125,79.625,13.375746,1781,1.0,0.0,0.0,0.0,0.0,0.0,0.0,0.0,0.0,0.0,0.0,0.0
387,2019-01-23,0,1,1,2,1,12.1529,91.125,7.417436,2287,1.0,0.0,0.0,0.0,0.0,0.0,0.0,0.0,0.0,0.0,0.0,0.0
388,2019-01-24,0,1,1,3,2,17.4554,83.5833,8.292389,3900,1.0,0.0,0.0,0.0,0.0,0.0,0.0,0.0,0.0,0.0,0.0,0.0
389,2019-01-25,0,1,1,3,2,14.74105,64.375,10.791757,3803,1.0,0.0,0.0,0.0,0.0,0.0,0.0,0.0,0.0,0.0,0.0,0.0
390,2019-01-26,0,1,1,3,1,17.8025,76.9583,4.9175186,3831,1.0,0.0,0.0,0.0,0.0,0.0,0.0,0.0,0.0,0.0,0.0,0.0
391,2019-01-27,0,1,1,0,1,20.76915,74.125,22.958689,3187,1.0,0.0,0.0,0.0,0.0,0.0,0.0,0.0,0.0,0.0,0.0,0.0
392,2019-01-28,0,1,1,0,2,16.31895,54.3333,14.125543,3248,1.0,0.0,0.0,0.0,0.0,0.0,0.0,0.0,0.0,0.0,0.0,0.0
393,2019-01-29,0,1,1,1,2,13.63605,31.125,16.08335,2685,1.0,0.0,0.0,0.0,0.0,0.0,0.0,0.0,0.0,0.0,0.0,0.0
394,2019-01-30,0,1,1,2,2,13.13125,40.0833,14.458064,3498,1.0,0.0,0.0,0.0,0.0,0.0,0.0,0.0,0.0,0.0,0.0,0.0
395,2019-01-31,0,1,1,3,2,19.06585,41.6667,17.541739,4185,1.0,0.0,0.0,0.0,0.0,0.0,0.0,0.0,0.0,0.0,0.0,0.0
396,2019-02-01,0,1,1,3,2,23.3269,50.7917,12.667489,4275,0.0,1.0,0.0,0.0,0.0,0.0,0.0,0.0,0.0,0.0,0.0,0.0
397,2019-02-02,0,1,1,3,1,19.94855,67.2917,12.541529,3571,0.0,1.0,0.0,0.0,0.0,0.0,0.0,0.0,0.0,0.0,0.0,0.0
398,2019-02-03,0,1,1,0,2,15.4673,52.6667,11.959232,3841,0.0,1.0,0.0,0.0,0.0,0.0,0.0,0.0,0.0,0.0,0.0,0.0
399,2019-02-04,0,1,1,0,1,13.63625,77.9583,8.167032,2448,0.0,1.0,0.0,0.0,0.0,0.0,0.0,0.0,0.0,0.0,0.0,0.0
400,2019-02-05,0,1,1,1,1,13.22605,68.7917,11.791732,2629,0.0,1.0,0.0,0.0,0.0,0.0,0.0,0.0,0.0,0.0,0.0,0.0
401,2019-02-06,0,1,1,2,2,14.8213,62.2174,10.3046,3578,0.0,1.0,0.0,0.0,0.0,0.0,0.0,0.0,0.0,0.0,0.0,0.0
402,2019-02-07,0,1,1,3,2,18.0552,49.625,9.874393,4176,0.0,1.0,0.0,0.0,0.0,0.0,0.0,0.0,0.0,0.0,0.0,0.0
403,2019-02-08,0,1,1,3,1,13.32105,72.2917,8.959307,2693,0.0,1.0,0.0,0.0,0.0,0.0,0.0,0.0,0.0,0.0,0.0,0.0
404,2019-02-09,0,1,1,3,2,13.0994,56.2083,13.000479,3667,0.0,1.0,0.0,0.0,0.0,0.0,0.0,0.0,0.0,0.0,0.0,0.0
405,2019-02-10,0,1,1,0,1,14.6779,54.0,7.834243,3604,0.0,1.0,0.0,0.0,0.0,0.0,0.0,0.0,0.0,0.0,0.0,0.0
406,2019-02-11,0,1,1,0,0,10.54335,73.125,19.416332,1977,0.0,1.0,0.0,0.0,0.0,0.0,0.0,0.0,0.0,0.0,0.0,0.0
407,2019-02-12,0,1,1,1,2,5.0829,46.4583,27.417204,1456,0.0,1.0,0.0,0.0,0.0,0.0,0.0,0.0,0.0,0.0,0.0,0.0
408,2019-02-13,0,1,1,2,2,11.39565,41.125,11.207961,3328,0.0,1.0,0.0,0.0,0.0,0.0,0.0,0.0,0.0,0.0,0.0,0.0
409,2019-02-14,0,1,1,3,1,16.6973,50.875,9.458993,3787,0.0,1.0,0.0,0.0,0.0,0.0,0.0,0.0,0.0,0.0,0.0,0.0
410,2019-02-15,0,1,1,3,2,17.58145,53.125,12.1672,4028,0.0,1.0,0.0,0.0,0.0,0.0,0.0,0.0,0.0,0.0,0.0,0.0
411,2019-02-16,0,1,1,3,1,16.5081,75.2917,6.125475,2931,0.0,1.0,0.0,0.0,0.0,0.0,0.0,0.0,0.0,0.0,0.0,0.0
412,2019-02-17,0,1,1,0,2,17.58145,63.4583,13.791682,3805,0.0,1.0,0.0,0.0,0.0,0.0,0.0,0.0,0.0,0.0,0.0,0.0
413,2019-02-18,0,1,0,0,2,17.77125,53.4583,12.792243,2883,0.0,1.0,0.0,0.0,0.0,0.0,0.0,0.0,0.0,0.0,0.0,0.0
414,2019-02-19,0,1,1,1,1,13.2894,51.5833,16.958504,2071,0.0,1.0,0.0,0.0,0.0,0.0,0.0,0.0,0.0,0.0,0.0,0.0
415,2019-02-20,0,1,1,2,2,13.66955,50.7826,15.348561,2627,0.0,1.0,0.0,0.0,0.0,0.0,0.0,0.0,0.0,0.0,0.0,0.0
416,2019-02-21,0,1,1,3,2,14.75565,59.4348,13.783039,3614,0.0,1.0,0.0,0.0,0.0,0.0,0.0,0.0,0.0,0.0,0.0,0.0
417,2019-02-22,0,1,1,3,2,19.63335,56.7917,15.709557,4379,0.0,1.0,0.0,0.0,0.0,0.0,0.0,0.0,0.0,0.0,0.0,0.0
418,2019-02-23,0,1,1,3,2,22.2223,55.4583,12.791171,4546,0.0,1.0,0.0,0.0,0.0,0.0,0.0,0.0,0.0,0.0,0.0,0.0
419,2019-02-24,0,1,1,0,1,20.54855,73.75,15.916989,3241,0.0,1.0,0.0,0.0,0.0,0.0,0.0,0.0,0.0,0.0,0.0,0.0
420,2019-02-25,0,1,1,0,2,12.78375,39.5833,28.250014,2415,0.0,1.0,0.0,0.0,0.0,0.0,0.0,0.0,0.0,0.0,0.0,0.0
421,2019-02-26,0,1,1,1,2,13.4154,41.0,13.750343,2874,0.0,1.0,0.0,0.0,0.0,0.0,0.0,0.0,0.0,0.0,0.0,0.0
422,2019-02-27,0,1,1,2,2,17.8977,49.0833,17.958211,4069,0.0,1.0,0.0,0.0,0.0,0.0,0.0,0.0,0.0,0.0,0.0,0.0
423,2019-02-28,0,1,1,3,2,17.67625,39.5833,12.958939,4134,0.0,1.0,0.0,0.0,0.0,0.0,0.0,0.0,0.0,0.0,0.0,0.0
424,2019-03-01,0,1,1,3,2,23.76855,61.5417,15.208129,4665,0.0,0.0,1.0,0.0,0.0,0.0,0.0,0.0,0.0,0.0,0.0,0.0
425,2019-03-02,0,1,1,3,1,17.9921,65.7083,9.708568,2948,0.0,0.0,1.0,0.0,0.0,0.0,0.0,0.0,0.0,0.0,0.0,0.0
426,2019-03-03,0,1,1,0,1,20.6746,62.125,10.792293,3110,0.0,0.0,1.0,0.0,0.0,0.0,0.0,0.0,0.0,0.0,0.0,0.0
427,2019-03-04,0,1,1,0,2,15.15105,40.3333,22.416257,2713,0.0,0.0,1.0,0.0,0.0,0.0,0.0,0.0,0.0,0.0,0.0,0.0
428,2019-03-05,0,1,1,1,2,12.05855,50.625,15.333486,3130,0.0,0.0,1.0,0.0,0.0,0.0,0.0,0.0,0.0,0.0,0.0,0.0
429,2019-03-06,0,1,1,2,2,12.7521,45.6667,13.458625,3735,0.0,0.0,1.0,0.0,0.0,0.0,0.0,0.0,0.0,0.0,0.0,0.0
430,2019-03-07,0,1,1,3,2,19.255,51.3333,23.167193,4484,0.0,0.0,1.0,0.0,0.0,0.0,0.0,0.0,0.0,0.0,0.0,0.0
431,2019-03-08,0,1,1,3,2,26.2302,56.75,29.584721,4896,0.0,0.0,1.0,0.0,0.0,0.0,0.0,0.0,0.0,0.0,0.0,0.0
432,2019-03-09,0,1,1,3,1,19.85415,40.7083,27.7916,4122,0.0,0.0,1.0,0.0,0.0,0.0,0.0,0.0,0.0,0.0,0.0,0.0
433,2019-03-10,0,1,1,0,2,13.88835,35.0417,15.12525,3150,0.0,0.0,1.0,0.0,0.0,0.0,0.0,0.0,0.0,0.0,0.0,0.0
434,2019-03-11,0,1,1,0,2,17.9835,47.6957,14.913329,3253,0.0,0.0,1.0,0.0,0.0,0.0,0.0,0.0,0.0,0.0,0.0,0.0
435,2019-03-12,0,1,1,1,2,22.9796,48.9167,13.916771,4460,0.0,0.0,1.0,0.0,0.0,0.0,0.0,0.0,0.0,0.0,0.0,0.0
436,2019-03-13,0,1,1,2,2,27.14645,61.75,15.87565,5085,0.0,0.0,1.0,0.0,0.0,0.0,0.0,0.0,0.0,0.0,0.0,0.0
437,2019-03-14,0,1,1,3,2,27.43085,50.7083,7.709154,5315,0.0,0.0,1.0,0.0,0.0,0.0,0.0,0.0,0.0,0.0,0.0,0.0
438,2019-03-15,0,1,1,3,2,26.64125,57.9583,10.042161,5187,0.0,0.0,1.0,0.0,0.0,0.0,0.0,0.0,0.0,0.0,0.0,0.0
439,2019-03-16,0,1,1,3,1,21.81145,84.2083,7.583864,3830,0.0,0.0,1.0,0.0,0.0,0.0,0.0,0.0,0.0,0.0,0.0,0.0
440,2019-03-17,0,1,1,0,1,25.2523,75.5833,7.417168,4681,0.0,0.0,1.0,0.0,0.0,0.0,0.0,0.0,0.0,0.0,0.0,0.0
441,2019-03-18,0,1,1,0,1,23.2,81.0,8.501161,3685,0.0,0.0,1.0,0.0,0.0,0.0,0.0,0.0,0.0,0.0,0.0,0.0
442,2019-03-19,0,1,1,1,2,26.64105,72.875,10.875239,5171,0.0,0.0,1.0,0.0,0.0,0.0,0.0,0.0,0.0,0.0,0.0,0.0
443,2019-03-20,0,1,1,2,2,26.92665,80.7917,8.125157,5042,0.0,0.0,1.0,0.0,0.0,0.0,0.0,0.0,0.0,0.0,0.0,0.0
444,2019-03-21,1,1,1,3,1,25.6629,82.125,6.0004061,5108,0.0,0.0,1.0,0.0,0.0,0.0,0.0,0.0,0.0,0.0,0.0,0.0
445,2019-03-22,1,1,1,3,2,26.57835,83.125,7.876654,5537,0.0,0.0,1.0,0.0,0.0,0.0,0.0,0.0,0.0,0.0,0.0,0.0
446,2019-03-23,1,1,1,3,1,28.50335,69.4167,7.7921,5893,0.0,0.0,1.0,0.0,0.0,0.0,0.0,0.0,0.0,0.0,0.0,0.0
447,2019-03-24,1,1,1,0,1,24.33665,88.5417,12.916461,2339,0.0,0.0,1.0,0.0,0.0,0.0,0.0,0.0,0.0,0.0,0.0,0.0
448,2019-03-25,1,1,1,0,1,21.8744,88.0833,14.791925,3464,0.0,0.0,1.0,0.0,0.0,0.0,0.0,0.0,0.0,0.0,0.0,0.0
449,2019-03-26,1,1,1,1,2,21.9375,47.7917,25.917007,4763,0.0,0.0,1.0,0.0,0.0,0.0,0.0,0.0,0.0,0.0,0.0,0.0
450,2019-03-27,1,1,1,2,2,15.7827,29.0,12.541864,4571,0.0,0.0,1.0,0.0,0.0,0.0,0.0,0.0,0.0,0.0,0.0,0.0
451,2019-03-28,1,1,1,3,2,23.5475,48.125,19.541957,5024,0.0,0.0,1.0,0.0,0.0,0.0,0.0,0.0,0.0,0.0,0.0,0.0
452,2019-03-29,1,1,1,3,2,24.1152,43.9167,21.41655,5299,0.0,0.0,1.0,0.0,0.0,0.0,0.0,0.0,0.0,0.0,0.0,0.0
453,2019-03-30,1,1,1,3,1,18.78105,58.0833,9.250489,4663,0.0,0.0,1.0,0.0,0.0,0.0,0.0,0.0,0.0,0.0,0.0,0.0
454,2019-03-31,1,1,1,0,1,21.0854,73.8333,16.791339,3934,0.0,0.0,1.0,0.0,0.0,0.0,0.0,0.0,0.0,0.0,0.0,0.0
455,2019-04-01,1,1,1,0,1,20.86435,67.625,11.541889,3694,0.0,0.0,0.0,1.0,0.0,0.0,0.0,0.0,0.0,0.0,0.0,0.0
456,2019-04-02,1,1,1,1,2,21.37565,50.4348,20.913313,4728,0.0,0.0,0.0,1.0,0.0,0.0,0.0,0.0,0.0,0.0,0.0,0.0
457,2019-04-03,1,1,1,2,2,23.07415,39.6667,6.708911,5424,0.0,0.0,0.0,1.0,0.0,0.0,0.0,0.0,0.0,0.0,0.0,0.0
458,2019-04-04,1,1,1,3,2,26.6725,46.9583,12.125325,5378,0.0,0.0,0.0,1.0,0.0,0.0,0.0,0.0,0.0,0.0,0.0,0.0
459,2019-04-05,1,1,1,3,2,21.55815,37.4167,14.708443,5265,0.0,0.0,0.0,1.0,0.0,0.0,0.0,0.0,0.0,0.0,0.0,0.0
460,2019-04-06,1,1,1,3,2,19.53835,37.7083,20.125996,4653,0.0,0.0,0.0,1.0,0.0,0.0,0.0,0.0,0.0,0.0,0.0,0.0
461,2019-04-07,1,1,1,0,2,21.30645,25.4167,18.416357,3605,0.0,0.0,0.0,1.0,0.0,0.0,0.0,0.0,0.0,0.0,0.0,0.0
462,2019-04-08,1,1,1,0,2,24.62125,27.5833,15.583932,2939,0.0,0.0,0.0,1.0,0.0,0.0,0.0,0.0,0.0,0.0,0.0,0.0
463,2019-04-09,1,1,1,1,2,23.8319,31.75,23.999132,4680,0.0,0.0,0.0,1.0,0.0,0.0,0.0,0.0,0.0,0.0,0.0,0.0
464,2019-04-10,1,1,1,2,2,21.81165,43.5,16.708125,5099,0.0,0.0,0.0,1.0,0.0,0.0,0.0,0.0,0.0,0.0,0.0,0.0
465,2019-04-11,1,1,1,3,2,16.8637,46.9565,19.783358,4380,0.0,0.0,0.0,1.0,0.0,0.0,0.0,0.0,0.0,0.0,0.0,0.0
466,2019-04-12,1,1,1,3,2,19.3802,46.625,19.458743,4746,0.0,0.0,0.0,1.0,0.0,0.0,0.0,0.0,0.0,0.0,0.0,0.0
467,2019-04-13,1,1,1,3,2,21.5904,40.8333,10.416557,5146,0.0,0.0,0.0,1.0,0.0,0.0,0.0,0.0,0.0,0.0,0.0,0.0
468,2019-04-14,1,1,1,0,2,24.3998,50.2917,12.791439,4665,0.0,0.0,0.0,1.0,0.0,0.0,0.0,0.0,0.0,0.0,0.0,0.0
469,2019-04-15,1,1,1,0,2,28.69375,50.7917,15.083643,4286,0.0,0.0,0.0,1.0,0.0,0.0,0.0,0.0,0.0,0.0,0.0,0.0
470,2019-04-16,1,1,1,1,2,30.74625,56.1667,19.083543,5172,0.0,0.0,0.0,1.0,0.0,0.0,0.0,0.0,0.0,0.0,0.0,0.0
471,2019-04-17,1,1,1,2,2,29.92435,39.0417,18.333143,5702,0.0,0.0,0.0,1.0,0.0,0.0,0.0,0.0,0.0,0.0,0.0,0.0
472,2019-04-18,1,1,1,3,1,22.8519,56.9167,11.250104,4020,0.0,0.0,0.0,1.0,0.0,0.0,0.0,0.0,0.0,0.0,0.0,0.0
473,2019-04-19,1,1,1,3,2,24.6523,61.25,4.4172564,5719,0.0,0.0,0.0,1.0,0.0,0.0,0.0,0.0,0.0,0.0,0.0,0.0
474,2019-04-20,1,1,1,3,2,25.78875,69.4583,10.041357,5950,0.0,0.0,0.0,1.0,0.0,0.0,0.0,0.0,0.0,0.0,0.0,0.0
475,2019-04-21,1,1,1,0,2,27.14605,68.2917,19.000329,4083,0.0,0.0,0.0,1.0,0.0,0.0,0.0,0.0,0.0,0.0,0.0,0.0
476,2019-04-22,1,1,1,0,0,19.4752,83.5417,23.084582,907,0.0,0.0,0.0,1.0,0.0,0.0,0.0,0.0,0.0,0.0,0.0,0.0
477,2019-04-23,1,1,1,1,1,15.05625,76.6667,20.334232,3019,0.0,0.0,0.0,1.0,0.0,0.0,0.0,0.0,0.0,0.0,0.0,0.0
478,2019-04-24,1,1,1,2,2,20.26415,45.4167,16.708661,5115,0.0,0.0,0.0,1.0,0.0,0.0,0.0,0.0,0.0,0.0,0.0,0.0
479,2019-04-25,1,1,1,3,2,23.51585,42.7917,7.959064,5541,0.0,0.0,0.0,1.0,0.0,0.0,0.0,0.0,0.0,0.0,0.0,0.0
480,2019-04-26,1,1,1,3,1,24.17915,75.6667,11.833875,4551,0.0,0.0,0.0,1.0,0.0,0.0,0.0,0.0,0.0,0.0,0.0,0.0
481,2019-04-27,1,1,1,3,2,22.63185,40.0833,23.291411,5219,0.0,0.0,0.0,1.0,0.0,0.0,0.0,0.0,0.0,0.0,0.0,0.0
482,2019-04-28,1,1,1,0,1,18.8752,48.9583,8.708325,3100,0.0,0.0,0.0,1.0,0.0,0.0,0.0,0.0,0.0,0.0,0.0,0.0
483,2019-04-29,1,1,1,0,2,22.50605,58.7083,7.832836,4075,0.0,0.0,0.0,1.0,0.0,0.0,0.0,0.0,0.0,0.0,0.0,0.0
484,2019-04-30,1,1,1,1,1,22.8848,57.0,11.499746,4907,0.0,0.0,0.0,1.0,0.0,0.0,0.0,0.0,0.0,0.0,0.0,0.0
485,2019-05-01,1,1,1,2,1,28.85105,65.9583,10.458432,5087,0.0,0.0,0.0,0.0,1.0,0.0,0.0,0.0,0.0,0.0,0.0,0.0
486,2019-05-02,1,1,1,3,2,26.8948,79.7083,9.249886,5502,0.0,0.0,0.0,0.0,1.0,0.0,0.0,0.0,0.0,0.0,0.0,0.0
487,2019-05-03,1,1,1,3,1,26.8621,76.8333,8.957632,5657,0.0,0.0,0.0,0.0,1.0,0.0,0.0,0.0,0.0,0.0,0.0,0.0
488,2019-05-04,1,1,1,3,2,29.54585,73.5417,10.916846,5227,0.0,0.0,0.0,0.0,1.0,0.0,0.0,0.0,0.0,0.0,0.0,0.0
489,2019-05-05,1,1,1,0,1,29.2304,75.6667,10.250464,4387,0.0,0.0,0.0,0.0,1.0,0.0,0.0,0.0,0.0,0.0,0.0,0.0
490,2019-05-06,1,1,1,0,1,27.33685,74.0,10.041893,4224,0.0,0.0,0.0,0.0,1.0,0.0,0.0,0.0,0.0,0.0,0.0,0.0
491,2019-05-07,1,1,1,1,1,26.3571,66.4167,15.458307,5265,0.0,0.0,0.0,0.0,1.0,0.0,0.0,0.0,0.0,0.0,0.0,0.0
492,2019-05-08,1,1,1,2,1,27.87355,68.5833,19.833943,4990,0.0,0.0,0.0,0.0,1.0,0.0,0.0,0.0,0.0,0.0,0.0,0.0
493,2019-05-09,1,1,1,3,1,27.65125,74.4167,14.499604,4097,0.0,0.0,0.0,0.0,1.0,0.0,0.0,0.0,0.0,0.0,0.0,0.0
494,2019-05-10,1,1,1,3,2,24.58915,55.2083,21.042221,5546,0.0,0.0,0.0,0.0,1.0,0.0,0.0,0.0,0.0,0.0,0.0,0.0
495,2019-05-11,1,1,1,3,2,26.04165,36.0417,15.874779,5711,0.0,0.0,0.0,0.0,1.0,0.0,0.0,0.0,0.0,0.0,0.0,0.0
496,2019-05-12,1,1,1,0,2,27.24085,48.0417,8.249911,4807,0.0,0.0,0.0,0.0,1.0,0.0,0.0,0.0,0.0,0.0,0.0,0.0
497,2019-05-13,1,1,1,0,2,29.2619,57.625,15.082839,3946,0.0,0.0,0.0,0.0,1.0,0.0,0.0,0.0,0.0,0.0,0.0,0.0
498,2019-05-14,1,1,1,1,1,27.495,78.9583,14.250364,2501,0.0,0.0,0.0,0.0,1.0,0.0,0.0,0.0,0.0,0.0,0.0,0.0
499,2019-05-15,1,1,1,2,1,28.8202,79.4583,9.875264,4490,0.0,0.0,0.0,0.0,1.0,0.0,0.0,0.0,0.0,0.0,0.0,0.0
500,2019-05-16,1,1,1,3,2,29.79875,69.7917,8.208304,6433,0.0,0.0,0.0,0.0,1.0,0.0,0.0,0.0,0.0,0.0,0.0,0.0
501,2019-05-17,1,1,1,3,2,28.63065,52.0,15.374825,6142,0.0,0.0,0.0,0.0,1.0,0.0,0.0,0.0,0.0,0.0,0.0,0.0
502,2019-05-18,1,1,1,3,2,27.55605,52.3333,9.166739,6118,0.0,0.0,0.0,0.0,1.0,0.0,0.0,0.0,0.0,0.0,0.0,0.0
503,2019-05-19,1,1,1,0,2,28.3454,45.625,5.626325,4884,0.0,0.0,0.0,0.0,1.0,0.0,0.0,0.0,0.0,0.0,0.0,0.0
504,2019-05-20,1,1,1,0,2,29.19835,53.0417,17.042589,4425,0.0,0.0,0.0,0.0,1.0,0.0,0.0,0.0,0.0,0.0,0.0,0.0
505,2019-05-21,1,1,1,1,1,28.28335,81.125,15.624668,3729,0.0,0.0,0.0,0.0,1.0,0.0,0.0,0.0,0.0,0.0,0.0,0.0
506,2019-05-22,1,1,1,2,1,29.04125,76.5833,7.917189,5254,0.0,0.0,0.0,0.0,1.0,0.0,0.0,0.0,0.0,0.0,0.0,0.0
507,2019-05-23,1,1,1,3,1,29.2306,77.4583,6.834,4494,0.0,0.0,0.0,0.0,1.0,0.0,0.0,0.0,0.0,0.0,0.0,0.0
508,2019-05-24,1,1,1,3,2,30.335,71.6667,11.584032,5711,0.0,0.0,0.0,0.0,1.0,0.0,0.0,0.0,0.0,0.0,0.0,0.0
509,2019-05-25,1,1,1,3,2,31.37645,74.7083,9.41685,5317,0.0,0.0,0.0,0.0,1.0,0.0,0.0,0.0,0.0,0.0,0.0,0.0
510,2019-05-26,1,1,1,0,2,32.1348,73.25,13.332464,3681,0.0,0.0,0.0,0.0,1.0,0.0,0.0,0.0,0.0,0.0,0.0,0.0
511,2019-05-27,1,1,0,0,2,32.07125,69.7083,14.416457,3308,0.0,0.0,0.0,0.0,1.0,0.0,0.0,0.0,0.0,0.0,0.0,0.0
512,2019-05-28,1,1,1,1,2,33.965,67.625,13.166907,3486,0.0,0.0,0.0,0.0,1.0,0.0,0.0,0.0,0.0,0.0,0.0,0.0
513,2019-05-29,1,1,1,2,2,33.6496,68.4583,19.7918,4863,0.0,0.0,0.0,0.0,1.0,0.0,0.0,0.0,0.0,0.0,0.0,0.0
514,2019-05-30,1,1,1,3,1,30.55645,67.0,9.000043,6110,0.0,0.0,0.0,0.0,1.0,0.0,0.0,0.0,0.0,0.0,0.0,0.0
515,2019-05-31,1,1,1,3,2,31.56645,49.2917,13.083693,6238,0.0,0.0,0.0,0.0,1.0,0.0,0.0,0.0,0.0,0.0,0.0,0.0
516,2019-06-01,1,1,1,3,1,30.3981,75.5417,15.916721,3594,0.0,0.0,0.0,0.0,0.0,1.0,0.0,0.0,0.0,0.0,0.0,0.0
517,2019-06-02,1,1,1,0,2,28.3144,54.9167,12.499654,5325,0.0,0.0,0.0,0.0,0.0,1.0,0.0,0.0,0.0,0.0,0.0,0.0
518,2019-06-03,1,1,1,0,2,28.75665,49.3333,12.333829,5147,0.0,0.0,0.0,0.0,0.0,1.0,0.0,0.0,0.0,0.0,0.0,0.0
519,2019-06-04,1,1,1,1,2,28.91415,48.7083,19.083811,5927,0.0,0.0,0.0,0.0,0.0,1.0,0.0,0.0,0.0,0.0,0.0,0.0
520,2019-06-05,1,1,1,2,1,26.2946,61.3333,14.041525,6033,0.0,0.0,0.0,0.0,0.0,1.0,0.0,0.0,0.0,0.0,0.0,0.0
521,2019-06-06,1,1,1,3,2,27.1146,61.125,5.167375,6028,0.0,0.0,0.0,0.0,0.0,1.0,0.0,0.0,0.0,0.0,0.0,0.0
522,2019-06-07,1,1,1,3,2,28.4721,56.7083,10.54245,6456,0.0,0.0,0.0,0.0,0.0,1.0,0.0,0.0,0.0,0.0,0.0,0.0
523,2019-06-08,1,1,1,3,2,29.8931,46.7917,11.750661,6248,0.0,0.0,0.0,0.0,0.0,1.0,0.0,0.0,0.0,0.0,0.0,0.0
524,2019-06-09,1,1,1,0,2,32.41835,43.7083,9.667229,4790,0.0,0.0,0.0,0.0,0.0,1.0,0.0,0.0,0.0,0.0,0.0,0.0
525,2019-06-10,1,1,1,0,2,33.17585,53.8333,8.959307,4374,0.0,0.0,0.0,0.0,0.0,1.0,0.0,0.0,0.0,0.0,0.0,0.0
526,2019-06-11,1,1,1,1,1,32.98605,58.7917,13.916771,5647,0.0,0.0,0.0,0.0,0.0,1.0,0.0,0.0,0.0,0.0,0.0,0.0
527,2019-06-12,1,1,1,2,1,29.89375,83.3333,14.374582,4495,0.0,0.0,0.0,0.0,0.0,1.0,0.0,0.0,0.0,0.0,0.0,0.0
528,2019-06-13,1,1,1,3,2,30.55585,58.2083,22.999693,6248,0.0,0.0,0.0,0.0,0.0,1.0,0.0,0.0,0.0,0.0,0.0,0.0
529,2019-06-14,1,1,1,3,2,31.21915,56.9583,17.000111,6183,0.0,0.0,0.0,0.0,0.0,1.0,0.0,0.0,0.0,0.0,0.0,0.0
530,2019-06-15,1,1,1,3,2,29.9877,58.9583,11.833339,6102,0.0,0.0,0.0,0.0,0.0,1.0,0.0,0.0,0.0,0.0,0.0,0.0
531,2019-06-16,1,1,1,0,2,29.7354,50.4167,11.166689,4739,0.0,0.0,0.0,0.0,0.0,1.0,0.0,0.0,0.0,0.0,0.0,0.0
532,2019-06-17,1,1,1,0,2,28.59875,59.875,9.708568,4344,0.0,0.0,0.0,0.0,0.0,1.0,0.0,0.0,0.0,0.0,0.0,0.0
533,2019-06-18,1,1,1,1,1,27.2421,77.7917,11.707982,4446,0.0,0.0,0.0,0.0,0.0,1.0,0.0,0.0,0.0,0.0,0.0,0.0
534,2019-06-19,1,1,1,2,2,32.7346,69.0,9.917139,5857,0.0,0.0,0.0,0.0,0.0,1.0,0.0,0.0,0.0,0.0,0.0,0.0
535,2019-06-20,1,1,1,3,2,36.04875,59.2083,7.625404,5339,0.0,0.0,0.0,0.0,0.0,1.0,0.0,0.0,0.0,0.0,0.0,0.0
536,2019-06-21,2,1,1,3,2,37.6271,56.7917,7.958729,5127,0.0,0.0,0.0,0.0,0.0,1.0,0.0,0.0,0.0,0.0,0.0,0.0
537,2019-06-22,2,1,1,3,2,36.20605,57.375,12.250414,4859,0.0,0.0,0.0,0.0,0.0,1.0,0.0,0.0,0.0,0.0,0.0,0.0
538,2019-06-23,2,1,1,0,2,32.6396,53.4583,12.041307,4801,0.0,0.0,0.0,0.0,0.0,1.0,0.0,0.0,0.0,0.0,0.0,0.0
539,2019-06-24,2,1,1,0,2,33.7127,47.9167,9.750175,4340,0.0,0.0,0.0,0.0,0.0,1.0,0.0,0.0,0.0,0.0,0.0,0.0
540,2019-06-25,2,1,1,1,2,32.7021,50.4167,20.125661,5640,0.0,0.0,0.0,0.0,0.0,1.0,0.0,0.0,0.0,0.0,0.0,0.0
541,2019-06-26,2,1,1,2,2,29.7352,37.3333,23.292014,6365,0.0,0.0,0.0,0.0,0.0,1.0,0.0,0.0,0.0,0.0,0.0,0.0
542,2019-06-27,2,1,1,3,2,32.0396,36.0,18.208925,6258,0.0,0.0,0.0,0.0,0.0,1.0,0.0,0.0,0.0,0.0,0.0,0.0
543,2019-06-28,2,1,1,3,2,33.7756,42.25,11.50055,5958,0.0,0.0,0.0,0.0,0.0,1.0,0.0,0.0,0.0,0.0,0.0,0.0
544,2019-06-29,2,1,1,3,2,39.33065,48.875,11.082939,4634,0.0,0.0,0.0,0.0,0.0,1.0,0.0,0.0,0.0,0.0,0.0,0.0
545,2019-06-30,2,1,1,0,2,34.3754,60.125,10.791757,4232,0.0,0.0,0.0,0.0,0.0,1.0,0.0,0.0,0.0,0.0,0.0,0.0
546,2019-07-01,2,1,1,0,2,37.53145,51.875,11.291443,4110,0.0,0.0,0.0,0.0,0.0,0.0,1.0,0.0,0.0,0.0,0.0,0.0
547,2019-07-02,2,1,1,1,2,35.1019,44.7083,13.082889,5323,0.0,0.0,0.0,0.0,0.0,0.0,1.0,0.0,0.0,0.0,0.0,0.0
548,2019-07-03,2,1,1,2,2,35.1325,49.2083,8.457879,5608,0.0,0.0,0.0,0.0,0.0,0.0,1.0,0.0,0.0,0.0,0.0,0.0
549,2019-07-04,2,1,0,3,2,36.61685,53.875,9.04165,4841,0.0,0.0,0.0,0.0,0.0,0.0,1.0,0.0,0.0,0.0,0.0,0.0
550,2019-07-05,2,1,1,3,2,38.06835,45.7917,12.999943,4836,0.0,0.0,0.0,0.0,0.0,0.0,1.0,0.0,0.0,0.0,0.0,0.0
551,2019-07-06,2,1,1,3,2,37.62665,45.0833,9.791514,4841,0.0,0.0,0.0,0.0,0.0,0.0,1.0,0.0,0.0,0.0,0.0,0.0
552,2019-07-07,2,1,1,0,2,40.24565,49.2083,10.958118,3392,0.0,0.0,0.0,0.0,0.0,0.0,1.0,0.0,0.0,0.0,0.0,0.0
553,2019-07-08,2,1,1,0,2,39.5198,57.375,8.417143,3469,0.0,0.0,0.0,0.0,0.0,0.0,1.0,0.0,0.0,0.0,0.0,0.0
554,2019-07-09,2,1,1,1,1,32.7027,68.3333,12.125325,5571,0.0,0.0,0.0,0.0,0.0,0.0,1.0,0.0,0.0,0.0,0.0,0.0
555,2019-07-10,2,1,1,2,1,33.2398,66.75,10.166379,5336,0.0,0.0,0.0,0.0,0.0,0.0,1.0,0.0,0.0,0.0,0.0,0.0
556,2019-07-11,2,1,1,3,2,32.51355,63.3333,10.166111,6289,0.0,0.0,0.0,0.0,0.0,0.0,1.0,0.0,0.0,0.0,0.0,0.0
557,2019-07-12,2,1,1,3,2,32.73415,52.9583,9.833925,6414,0.0,0.0,0.0,0.0,0.0,0.0,1.0,0.0,0.0,0.0,0.0,0.0
558,2019-07-13,2,1,1,3,1,33.39665,48.5833,5.41695,5988,0.0,0.0,0.0,0.0,0.0,0.0,1.0,0.0,0.0,0.0,0.0,0.0
559,2019-07-14,2,1,1,0,1,33.3021,69.9167,9.626493,4614,0.0,0.0,0.0,0.0,0.0,0.0,1.0,0.0,0.0,0.0,0.0,0.0
560,2019-07-15,2,1,1,0,2,35.2598,71.7917,11.166689,4111,0.0,0.0,0.0,0.0,0.0,0.0,1.0,0.0,0.0,0.0,0.0,0.0
561,2019-07-16,2,1,1,1,2,36.20625,64.5,11.000529,5742,0.0,0.0,0.0,0.0,0.0,0.0,1.0,0.0,0.0,0.0,0.0,0.0
562,2019-07-17,2,1,1,2,2,37.78415,50.5833,7.666743,5865,0.0,0.0,0.0,0.0,0.0,0.0,1.0,0.0,0.0,0.0,0.0,0.0
563,2019-07-18,2,1,1,3,2,37.27915,57.7083,9.208614,4914,0.0,0.0,0.0,0.0,0.0,0.0,1.0,0.0,0.0,0.0,0.0,0.0
564,2019-07-19,2,1,1,3,2,35.7321,60.0417,11.083743,5703,0.0,0.0,0.0,0.0,0.0,0.0,1.0,0.0,0.0,0.0,0.0,0.0
565,2019-07-20,2,1,1,3,1,30.65125,84.4167,14.000789,5123,0.0,0.0,0.0,0.0,0.0,0.0,1.0,0.0,0.0,0.0,0.0,0.0
566,2019-07-21,2,1,1,0,0,27.4956,86.5417,14.2911,3195,0.0,0.0,0.0,0.0,0.0,0.0,1.0,0.0,0.0,0.0,0.0,0.0
567,2019-07-22,2,1,1,0,1,31.15625,76.25,6.2926936,4866,0.0,0.0,0.0,0.0,0.0,0.0,1.0,0.0,0.0,0.0,0.0,0.0
568,2019-07-23,2,1,1,1,2,34.50085,69.4167,9.291761,5831,0.0,0.0,0.0,0.0,0.0,0.0,1.0,0.0,0.0,0.0,0.0,0.0
569,2019-07-24,2,1,1,2,2,35.3225,65.5,14.167418,6452,0.0,0.0,0.0,0.0,0.0,0.0,1.0,0.0,0.0,0.0,0.0,0.0
570,2019-07-25,2,1,1,3,2,32.7027,45.0,11.0416,6790,0.0,0.0,0.0,0.0,0.0,0.0,1.0,0.0,0.0,0.0,0.0,0.0
571,2019-07-26,2,1,1,3,2,36.96315,59.6667,19.082471,5825,0.0,0.0,0.0,0.0,0.0,0.0,1.0,0.0,0.0,0.0,0.0,0.0
572,2019-07-27,2,1,1,3,2,36.71085,59.4583,10.250464,5645,0.0,0.0,0.0,0.0,0.0,0.0,1.0,0.0,0.0,0.0,0.0,0.0
573,2019-07-28,2,1,1,0,2,34.8802,61.3333,10.54245,4451,0.0,0.0,0.0,0.0,0.0,0.0,1.0,0.0,0.0,0.0,0.0,0.0
574,2019-07-29,2,1,1,0,2,33.39665,62.375,11.416532,4444,0.0,0.0,0.0,0.0,0.0,0.0,1.0,0.0,0.0,0.0,0.0,0.0
575,2019-07-30,2,1,1,1,2,34.24935,66.875,10.292339,6065,0.0,0.0,0.0,0.0,0.0,0.0,1.0,0.0,0.0,0.0,0.0,0.0
576,2019-07-31,2,1,1,2,2,33.1448,70.4167,11.083475,6248,0.0,0.0,0.0,0.0,0.0,0.0,1.0,0.0,0.0,0.0,0.0,0.0
577,2019-08-01,2,1,1,3,2,33.3654,67.75,9.458993,6506,0.0,0.0,0.0,0.0,0.0,0.0,0.0,1.0,0.0,0.0,0.0,0.0
578,2019-08-02,2,1,1,3,2,35.3544,65.9583,8.666718,6278,0.0,0.0,0.0,0.0,0.0,0.0,0.0,1.0,0.0,0.0,0.0,0.0
579,2019-08-03,2,1,1,3,1,36.14335,64.25,14.458064,5847,0.0,0.0,0.0,0.0,0.0,0.0,0.0,1.0,0.0,0.0,0.0,0.0
580,2019-08-04,2,1,1,0,2,37.56335,61.3333,17.249686,4479,0.0,0.0,0.0,0.0,0.0,0.0,0.0,1.0,0.0,0.0,0.0,0.0
581,2019-08-05,2,1,1,0,2,36.55395,65.25,19.458207,3757,0.0,0.0,0.0,0.0,0.0,0.0,0.0,1.0,0.0,0.0,0.0,0.0
582,2019-08-06,2,1,1,1,1,35.5123,65.4167,8.666718,5780,0.0,0.0,0.0,0.0,0.0,0.0,0.0,1.0,0.0,0.0,0.0,0.0
583,2019-08-07,2,1,1,2,1,34.88105,70.375,7.832836,5995,0.0,0.0,0.0,0.0,0.0,0.0,0.0,1.0,0.0,0.0,0.0,0.0
584,2019-08-08,2,1,1,3,1,35.38585,67.2917,7.4169,6271,0.0,0.0,0.0,0.0,0.0,0.0,0.0,1.0,0.0,0.0,0.0,0.0
585,2019-08-09,2,1,1,3,2,34.9754,62.0417,10.4587,6090,0.0,0.0,0.0,0.0,0.0,0.0,0.0,1.0,0.0,0.0,0.0,0.0
586,2019-08-10,2,1,1,3,1,33.3971,71.5833,16.000471,4721,0.0,0.0,0.0,0.0,0.0,0.0,0.0,1.0,0.0,0.0,0.0,0.0
587,2019-08-11,2,1,1,0,1,31.91335,73.2917,13.834093,4052,0.0,0.0,0.0,0.0,0.0,0.0,0.0,1.0,0.0,0.0,0.0,0.0
588,2019-08-12,2,1,1,0,2,32.22895,53.0417,8.208304,4362,0.0,0.0,0.0,0.0,0.0,0.0,0.0,1.0,0.0,0.0,0.0,0.0
589,2019-08-13,2,1,1,1,2,33.1127,54.5417,9.126204,5676,0.0,0.0,0.0,0.0,0.0,0.0,0.0,1.0,0.0,0.0,0.0,0.0
590,2019-08-14,2,1,1,2,2,33.83895,68.6667,11.333586,5656,0.0,0.0,0.0,0.0,0.0,0.0,0.0,1.0,0.0,0.0,0.0,0.0
591,2019-08-15,2,1,1,3,2,32.70185,61.9583,11.374657,6149,0.0,0.0,0.0,0.0,0.0,0.0,0.0,1.0,0.0,0.0,0.0,0.0
592,2019-08-16,2,1,1,3,2,32.7344,51.9167,9.500332,6267,0.0,0.0,0.0,0.0,0.0,0.0,0.0,1.0,0.0,0.0,0.0,0.0
593,2019-08-17,2,1,1,3,2,12.12,57.0833,15.500718,5665,0.0,0.0,0.0,0.0,0.0,0.0,0.0,1.0,0.0,0.0,0.0,0.0
594,2019-08-18,2,1,1,0,2,30.90355,60.3333,11.917089,5038,0.0,0.0,0.0,0.0,0.0,0.0,0.0,1.0,0.0,0.0,0.0,0.0
595,2019-08-19,2,1,1,0,1,30.1777,71.1667,5.79215,3341,0.0,0.0,0.0,0.0,0.0,0.0,0.0,1.0,0.0,0.0,0.0,0.0
596,2019-08-20,2,1,1,1,1,29.79835,73.4167,8.708593,5504,0.0,0.0,0.0,0.0,0.0,0.0,0.0,1.0,0.0,0.0,0.0,0.0
597,2019-08-21,2,1,1,2,2,30.05125,67.375,4.8756436,5925,0.0,0.0,0.0,0.0,0.0,0.0,0.0,1.0,0.0,0.0,0.0,0.0
598,2019-08-22,2,1,1,3,2,31.0927,67.7083,4.7089811,6281,0.0,0.0,0.0,0.0,0.0,0.0,0.0,1.0,0.0,0.0,0.0,0.0
599,2019-08-23,2,1,1,3,2,31.8504,63.5833,5.6679186,6402,0.0,0.0,0.0,0.0,0.0,0.0,0.0,1.0,0.0,0.0,0.0,0.0
600,2019-08-24,2,1,1,3,1,32.355,61.5,4.8337686,6257,0.0,0.0,0.0,0.0,0.0,0.0,0.0,1.0,0.0,0.0,0.0,0.0
601,2019-08-25,2,1,1,0,1,30.9348,71.2917,16.375336,4224,0.0,0.0,0.0,0.0,0.0,0.0,0.0,1.0,0.0,0.0,0.0,0.0
602,2019-08-26,2,1,1,0,1,29.7998,84.5833,15.333486,3772,0.0,0.0,0.0,0.0,0.0,0.0,0.0,1.0,0.0,0.0,0.0,0.0
603,2019-08-27,2,1,1,1,2,32.7344,73.0417,8.625111,5928,0.0,0.0,0.0,0.0,0.0,0.0,0.0,1.0,0.0,0.0,0.0,0.0
604,2019-08-28,2,1,1,2,2,33.3025,62.0,12.791975,6105,0.0,0.0,0.0,0.0,0.0,0.0,0.0,1.0,0.0,0.0,0.0,0.0
605,2019-08-29,2,1,1,3,2,31.78665,55.2083,7.541654,6520,0.0,0.0,0.0,0.0,0.0,0.0,0.0,1.0,0.0,0.0,0.0,0.0
606,2019-08-30,2,1,1,3,2,32.63895,59.0417,5.1668189,6541,0.0,0.0,0.0,0.0,0.0,0.0,0.0,1.0,0.0,0.0,0.0,0.0
607,2019-08-31,2,1,1,3,2,34.47,58.75,11.291711,5917,0.0,0.0,0.0,0.0,0.0,0.0,0.0,1.0,0.0,0.0,0.0,0.0
608,2019-09-01,2,1,1,0,1,35.1327,63.8333,7.583529,3788,0.0,0.0,0.0,0.0,0.0,0.0,0.0,0.0,1.0,0.0,0.0,0.0
609,2019-09-02,2,1,0,0,1,32.45,81.5,4.2927436,3197,0.0,0.0,0.0,0.0,0.0,0.0,0.0,0.0,1.0,0.0,0.0,0.0
610,2019-09-03,2,1,1,1,2,33.08145,79.0833,10.125107,4069,0.0,0.0,0.0,0.0,0.0,0.0,0.0,0.0,1.0,0.0,0.0,0.0
611,2019-09-04,2,1,1,2,2,34.3444,75.5,15.833507,5997,0.0,0.0,0.0,0.0,0.0,0.0,0.0,0.0,1.0,0.0,0.0,0.0
612,2019-09-05,2,1,1,3,2,35.44915,74.125,12.583136,6280,0.0,0.0,0.0,0.0,0.0,0.0,0.0,0.0,1.0,0.0,0.0,0.0
613,2019-09-06,2,1,1,3,1,32.76645,81.0417,9.542207,5592,0.0,0.0,0.0,0.0,0.0,0.0,0.0,0.0,1.0,0.0,0.0,0.0
614,2019-09-07,2,1,1,3,2,32.8602,73.625,11.500282,6459,0.0,0.0,0.0,0.0,0.0,0.0,0.0,0.0,1.0,0.0,0.0,0.0
615,2019-09-08,2,1,1,0,1,30.55605,79.9167,18.833968,4419,0.0,0.0,0.0,0.0,0.0,0.0,0.0,0.0,1.0,0.0,0.0,0.0
616,2019-09-09,2,1,1,0,2,28.94625,54.75,15.041232,5657,0.0,0.0,0.0,0.0,0.0,0.0,0.0,0.0,1.0,0.0,0.0,0.0
617,2019-09-10,2,1,1,1,2,28.2827,50.375,17.333771,6407,0.0,0.0,0.0,0.0,0.0,0.0,0.0,0.0,1.0,0.0,0.0,0.0
618,2019-09-11,2,1,1,2,2,27.7146,52.0,6.1676314,6697,0.0,0.0,0.0,0.0,0.0,0.0,0.0,0.0,1.0,0.0,0.0,0.0
619,2019-09-12,2,1,1,3,2,28.50375,57.7083,8.833682,6820,0.0,0.0,0.0,0.0,0.0,0.0,0.0,0.0,1.0,0.0,0.0,0.0
620,2019-09-13,2,1,1,3,2,28.9779,63.7083,5.5422936,6750,0.0,0.0,0.0,0.0,0.0,0.0,0.0,0.0,1.0,0.0,0.0,0.0
621,2019-09-14,2,1,1,3,2,29.70415,67.25,6.958821,6630,0.0,0.0,0.0,0.0,0.0,0.0,0.0,0.0,1.0,0.0,0.0,0.0
622,2019-09-15,2,1,1,0,2,29.29335,50.1667,16.583907,5554,0.0,0.0,0.0,0.0,0.0,0.0,0.0,0.0,1.0,0.0,0.0,0.0
623,2019-09-16,2,1,1,0,2,28.15625,57.0,6.0422811,5167,0.0,0.0,0.0,0.0,0.0,0.0,0.0,0.0,1.0,0.0,0.0,0.0
624,2019-09-17,2,1,1,1,1,27.6525,73.4583,10.166714,5847,0.0,0.0,0.0,0.0,0.0,0.0,0.0,0.0,1.0,0.0,0.0,0.0
625,2019-09-18,2,1,1,2,1,28.25335,87.25,23.958329,3702,0.0,0.0,0.0,0.0,0.0,0.0,0.0,0.0,1.0,0.0,0.0,0.0
626,2019-09-19,2,1,1,3,2,27.0202,53.6667,14.416725,6803,0.0,0.0,0.0,0.0,0.0,0.0,0.0,0.0,1.0,0.0,0.0,0.0
627,2019-09-20,2,1,1,3,2,26.6096,61.8333,7.917189,6781,0.0,0.0,0.0,0.0,0.0,0.0,0.0,0.0,1.0,0.0,0.0,0.0
628,2019-09-21,2,1,1,3,2,28.59855,66.875,10.333343,6917,0.0,0.0,0.0,0.0,0.0,0.0,0.0,0.0,1.0,0.0,0.0,0.0
629,2019-09-22,2,1,1,0,2,30.5244,64.6667,19.000061,5883,0.0,0.0,0.0,0.0,0.0,0.0,0.0,0.0,1.0,0.0,0.0,0.0
630,2019-09-23,1,1,1,0,2,25.94665,46.7083,14.958286,5453,0.0,0.0,0.0,0.0,0.0,0.0,0.0,0.0,1.0,0.0,0.0,0.0
631,2019-09-24,1,1,1,1,2,25.12565,49.2917,9.541068,6435,0.0,0.0,0.0,0.0,0.0,0.0,0.0,0.0,1.0,0.0,0.0,0.0
632,2019-09-25,1,1,1,2,2,27.20895,57.0,15.833507,6693,0.0,0.0,0.0,0.0,0.0,0.0,0.0,0.0,1.0,0.0,0.0,0.0
633,2019-09-26,1,1,1,3,2,29.83065,63.0833,16.3748,6946,0.0,0.0,0.0,0.0,0.0,0.0,0.0,0.0,1.0,0.0,0.0,0.0
634,2019-09-27,1,1,1,3,1,30.39875,69.0833,9.000914,6642,0.0,0.0,0.0,0.0,0.0,0.0,0.0,0.0,1.0,0.0,0.0,0.0
635,2019-09-28,1,1,1,3,1,29.29315,69.0,10.999993,6370,0.0,0.0,0.0,0.0,0.0,0.0,0.0,0.0,1.0,0.0,0.0,0.0
636,2019-09-29,1,1,1,0,2,26.5148,54.2917,15.249468,5966,0.0,0.0,0.0,0.0,0.0,0.0,0.0,0.0,1.0,0.0,0.0,0.0
637,2019-09-30,1,1,1,0,2,25.88315,58.3333,9.042186,4874,0.0,0.0,0.0,0.0,0.0,0.0,0.0,0.0,1.0,0.0,0.0,0.0
638,2019-10-01,1,1,1,1,1,25.6,64.9167,6.0838814,6015,0.0,0.0,0.0,0.0,0.0,0.0,0.0,0.0,0.0,1.0,0.0,0.0
639,2019-10-02,1,1,1,2,0,27.11665,87.1667,6.999825,4324,0.0,0.0,0.0,0.0,0.0,0.0,0.0,0.0,0.0,1.0,0.0,0.0
640,2019-10-03,1,1,1,3,1,29.95665,79.375,4.4585686,6844,0.0,0.0,0.0,0.0,0.0,0.0,0.0,0.0,0.0,1.0,0.0,0.0
641,2019-10-04,1,1,1,3,1,30.39875,72.2917,7.875582,6437,0.0,0.0,0.0,0.0,0.0,0.0,0.0,0.0,0.0,1.0,0.0,0.0
642,2019-10-05,1,1,1,3,2,29.00935,62.75,7.12545,6640,0.0,0.0,0.0,0.0,0.0,0.0,0.0,0.0,0.0,1.0,0.0,0.0
643,2019-10-06,1,1,1,0,2,26.92605,66.4167,17.957675,4934,0.0,0.0,0.0,0.0,0.0,0.0,0.0,0.0,0.0,1.0,0.0,0.0
644,2019-10-07,1,1,1,0,1,20.99065,70.8333,9.457854,2729,0.0,0.0,0.0,0.0,0.0,0.0,0.0,0.0,0.0,1.0,0.0,0.0
645,2019-10-08,1,1,1,1,1,19.3804,70.9583,12.708493,4604,0.0,0.0,0.0,0.0,0.0,0.0,0.0,0.0,0.0,1.0,0.0,0.0
646,2019-10-09,1,1,1,2,1,21.9056,76.1667,12.7501,5791,0.0,0.0,0.0,0.0,0.0,0.0,0.0,0.0,0.0,1.0,0.0,0.0
647,2019-10-10,1,1,1,3,2,25.1571,63.0833,12.584007,6911,0.0,0.0,0.0,0.0,0.0,0.0,0.0,0.0,0.0,1.0,0.0,0.0
648,2019-10-11,1,1,1,3,2,21.55835,46.3333,12.166932,6736,0.0,0.0,0.0,0.0,0.0,0.0,0.0,0.0,0.0,1.0,0.0,0.0
649,2019-10-12,1,1,1,3,2,21.65355,53.9167,15.751164,6222,0.0,0.0,0.0,0.0,0.0,0.0,0.0,0.0,0.0,1.0,0.0,0.0
650,2019-10-13,1,1,1,0,2,19.5698,49.4583,9.791514,4857,0.0,0.0,0.0,0.0,0.0,0.0,0.0,0.0,0.0,1.0,0.0,0.0
651,2019-10-14,1,1,0,0,2,25.4102,64.0417,18.667004,4559,0.0,0.0,0.0,0.0,0.0,0.0,0.0,0.0,0.0,1.0,0.0,0.0
652,2019-10-15,1,1,1,1,1,26.9575,70.75,19.834479,5115,0.0,0.0,0.0,0.0,0.0,0.0,0.0,0.0,0.0,1.0,0.0,0.0
653,2019-10-16,1,1,1,2,2,23.0423,55.8333,12.208807,6612,0.0,0.0,0.0,0.0,0.0,0.0,0.0,0.0,0.0,1.0,0.0,0.0
654,2019-10-17,1,1,1,3,2,22.5054,69.2917,6.791857,6482,0.0,0.0,0.0,0.0,0.0,0.0,0.0,0.0,0.0,1.0,0.0,0.0
655,2019-10-18,1,1,1,3,1,25.63125,72.8333,15.874779,6501,0.0,0.0,0.0,0.0,0.0,0.0,0.0,0.0,0.0,1.0,0.0,0.0
656,2019-10-19,1,1,1,3,1,26.8948,81.5,9.041918,4671,0.0,0.0,0.0,0.0,0.0,0.0,0.0,0.0,0.0,1.0,0.0,0.0
657,2019-10-20,1,1,1,0,2,23.6421,57.2917,7.874979,5284,0.0,0.0,0.0,0.0,0.0,0.0,0.0,0.0,0.0,1.0,0.0,0.0
658,2019-10-21,1,1,1,0,2,22.82145,51.0,11.125618,4692,0.0,0.0,0.0,0.0,0.0,0.0,0.0,0.0,0.0,1.0,0.0,0.0
659,2019-10-22,1,1,1,1,2,24.1471,56.8333,5.4593811,6228,0.0,0.0,0.0,0.0,0.0,0.0,0.0,0.0,0.0,1.0,0.0,0.0
660,2019-10-23,1,1,1,2,2,26.5152,64.1667,6.3345686,6625,0.0,0.0,0.0,0.0,0.0,0.0,0.0,0.0,0.0,1.0,0.0,0.0
661,2019-10-24,1,1,1,3,2,27.93605,63.625,4.8762064,6898,0.0,0.0,0.0,0.0,0.0,0.0,0.0,0.0,0.0,1.0,0.0,0.0
662,2019-10-25,1,1,1,3,1,26.4844,80.0417,8.333125,6484,0.0,0.0,0.0,0.0,0.0,0.0,0.0,0.0,0.0,1.0,0.0,0.0
663,2019-10-26,1,1,1,3,1,26.1375,80.7083,8.875289,6262,0.0,0.0,0.0,0.0,0.0,0.0,0.0,0.0,0.0,1.0,0.0,0.0
664,2019-10-27,1,1,1,0,1,25.75665,72.0,15.791364,5209,0.0,0.0,0.0,0.0,0.0,0.0,0.0,0.0,0.0,1.0,0.0,0.0
665,2019-10-28,1,1,1,0,1,23.38855,69.4583,26.666536,3461,0.0,0.0,0.0,0.0,0.0,0.0,0.0,0.0,0.0,1.0,0.0,0.0
666,2019-10-29,1,1,1,1,0,21.97,88.0,23.9994,20,0.0,0.0,0.0,0.0,0.0,0.0,0.0,0.0,0.0,1.0,0.0,0.0
667,2019-10-30,1,1,1,2,1,15.49545,82.5455,14.271603,1009,0.0,0.0,0.0,0.0,0.0,0.0,0.0,0.0,0.0,1.0,0.0,0.0
668,2019-10-31,1,1,1,3,1,18.055,66.6667,11.166689,5147,0.0,0.0,0.0,0.0,0.0,0.0,0.0,0.0,0.0,1.0,0.0,0.0
669,2019-11-01,1,1,1,3,1,18.4971,58.1667,10.542182,5520,0.0,0.0,0.0,0.0,0.0,0.0,0.0,0.0,0.0,0.0,1.0,0.0
670,2019-11-02,1,1,1,3,2,17.8021,52.2083,17.833725,5229,0.0,0.0,0.0,0.0,0.0,0.0,0.0,0.0,0.0,0.0,1.0,0.0
671,2019-11-03,1,1,1,0,1,16.1923,49.125,18.125443,4109,0.0,0.0,0.0,0.0,0.0,0.0,0.0,0.0,0.0,0.0,1.0,0.0
672,2019-11-04,1,1,1,0,2,16.4769,53.2917,12.000236,3906,0.0,0.0,0.0,0.0,0.0,0.0,0.0,0.0,0.0,0.0,1.0,0.0
673,2019-11-05,1,1,1,1,2,15.40375,49.4167,15.833775,4881,0.0,0.0,0.0,0.0,0.0,0.0,0.0,0.0,0.0,0.0,1.0,0.0
674,2019-11-06,1,1,1,2,2,14.07835,56.7083,11.625371,5220,0.0,0.0,0.0,0.0,0.0,0.0,0.0,0.0,0.0,0.0,1.0,0.0
675,2019-11-07,1,1,1,3,1,13.73105,54.75,20.375236,4709,0.0,0.0,0.0,0.0,0.0,0.0,0.0,0.0,0.0,0.0,1.0,0.0
676,2019-11-08,1,1,1,3,2,17.09455,33.3478,23.304945,4975,0.0,0.0,0.0,0.0,0.0,0.0,0.0,0.0,0.0,0.0,1.0,0.0
677,2019-11-09,1,1,1,3,2,17.77065,54.0833,14.375386,5283,0.0,0.0,0.0,0.0,0.0,0.0,0.0,0.0,0.0,0.0,1.0,0.0
678,2019-11-10,1,1,1,0,2,19.69685,64.5417,3.8756686,4446,0.0,0.0,0.0,0.0,0.0,0.0,0.0,0.0,0.0,0.0,1.0,0.0
679,2019-11-11,1,1,0,0,2,21.08565,65.9167,8.5425,4562,0.0,0.0,0.0,0.0,0.0,0.0,0.0,0.0,0.0,0.0,1.0,0.0
680,2019-11-12,1,1,1,1,2,23.76915,74.1667,11.625639,5172,0.0,0.0,0.0,0.0,0.0,0.0,0.0,0.0,0.0,0.0,1.0,0.0
681,2019-11-13,1,1,1,2,1,16.16125,66.2917,22.917082,3767,0.0,0.0,0.0,0.0,0.0,0.0,0.0,0.0,0.0,0.0,1.0,0.0
682,2019-11-14,1,1,1,3,2,14.07815,55.2083,13.374875,5122,0.0,0.0,0.0,0.0,0.0,0.0,0.0,0.0,0.0,0.0,1.0,0.0
683,2019-11-15,1,1,1,3,1,16.2246,62.0417,10.250129,5125,0.0,0.0,0.0,0.0,0.0,0.0,0.0,0.0,0.0,0.0,1.0,0.0
684,2019-11-16,1,1,1,3,2,17.3602,52.4583,11.458675,5214,0.0,0.0,0.0,0.0,0.0,0.0,0.0,0.0,0.0,0.0,1.0,0.0
685,2019-11-17,1,1,1,0,2,16.31915,54.5417,12.041843,4316,0.0,0.0,0.0,0.0,0.0,0.0,0.0,0.0,0.0,0.0,1.0,0.0
686,2019-11-18,1,1,1,0,2,16.8873,69.2917,15.250004,3747,0.0,0.0,0.0,0.0,0.0,0.0,0.0,0.0,0.0,0.0,1.0,0.0
687,2019-11-19,1,1,1,1,1,18.78105,62.3333,15.749489,5050,0.0,0.0,0.0,0.0,0.0,0.0,0.0,0.0,0.0,0.0,1.0,0.0
688,2019-11-20,1,1,1,2,1,19.03335,68.5,5.542575,5100,0.0,0.0,0.0,0.0,0.0,0.0,0.0,0.0,0.0,0.0,1.0,0.0
689,2019-11-21,1,1,1,3,2,18.2446,61.375,6.917482,4531,0.0,0.0,0.0,0.0,0.0,0.0,0.0,0.0,0.0,0.0,1.0,0.0
690,2019-11-22,1,1,1,3,2,17.51855,58.0417,3.5423436,1470,0.0,0.0,0.0,0.0,0.0,0.0,0.0,0.0,0.0,0.0,1.0,0.0
691,2019-11-23,1,1,1,3,2,18.93895,56.875,9.917407,2307,0.0,0.0,0.0,0.0,0.0,0.0,0.0,0.0,0.0,0.0,1.0,0.0
692,2019-11-24,1,1,1,0,2,12.4371,40.4583,25.250357,1745,0.0,0.0,0.0,0.0,0.0,0.0,0.0,0.0,0.0,0.0,1.0,0.0
693,2019-11-25,1,1,1,0,2,12.87915,46.8333,10.0835,2115,0.0,0.0,0.0,0.0,0.0,0.0,0.0,0.0,0.0,0.0,1.0,0.0
694,2019-11-26,1,1,1,1,2,16.9502,53.5417,3.12555,4750,0.0,0.0,0.0,0.0,0.0,0.0,0.0,0.0,0.0,0.0,1.0,0.0
695,2019-11-27,1,1,1,2,1,14.0779,78.6667,15.916654,3836,0.0,0.0,0.0,0.0,0.0,0.0,0.0,0.0,0.0,0.0,1.0,0.0
696,2019-11-28,1,1,0,3,2,14.4881,50.625,14.125007,5062,0.0,0.0,0.0,0.0,0.0,0.0,0.0,0.0,0.0,0.0,1.0,0.0
697,2019-11-29,1,1,1,3,2,14.9211,55.5652,7.739974,5080,0.0,0.0,0.0,0.0,0.0,0.0,0.0,0.0,0.0,0.0,1.0,0.0
698,2019-11-30,1,1,1,3,2,16.19335,64.9583,3.9175436,5306,0.0,0.0,0.0,0.0,0.0,0.0,0.0,0.0,0.0,0.0,1.0,0.0
699,2019-12-01,1,1,1,0,1,15.8452,80.6667,4.0001814,4240,0.0,0.0,0.0,0.0,0.0,0.0,0.0,0.0,0.0,0.0,0.0,1.0
700,2019-12-02,1,1,1,0,1,17.9604,82.3333,8.333393,3757,0.0,0.0,0.0,0.0,0.0,0.0,0.0,0.0,0.0,0.0,0.0,1.0
701,2019-12-03,1,1,1,1,2,22.7898,76.75,5.5422936,5679,0.0,0.0,0.0,0.0,0.0,0.0,0.0,0.0,0.0,0.0,0.0,1.0
702,2019-12-04,1,1,1,2,2,23.4527,73.375,11.666643,6055,0.0,0.0,0.0,0.0,0.0,0.0,0.0,0.0,0.0,0.0,0.0,1.0
703,2019-12-05,1,1,1,3,2,21.4006,48.5,21.709407,5398,0.0,0.0,0.0,0.0,0.0,0.0,0.0,0.0,0.0,0.0,0.0,1.0
704,2019-12-06,1,1,1,3,2,12.9102,50.875,11.708518,5035,0.0,0.0,0.0,0.0,0.0,0.0,0.0,0.0,0.0,0.0,0.0,1.0
705,2019-12-07,1,1,1,3,1,16.0979,76.4167,8.7502,4659,0.0,0.0,0.0,0.0,0.0,0.0,0.0,0.0,0.0,0.0,0.0,1.0
706,2019-12-08,1,1,1,0,1,19.4754,91.125,6.792393,4429,0.0,0.0,0.0,0.0,0.0,0.0,0.0,0.0,0.0,0.0,0.0,1.0
707,2019-12-09,1,1,1,0,1,19.5073,90.5417,10.584325,2787,0.0,0.0,0.0,0.0,0.0,0.0,0.0,0.0,0.0,0.0,0.0,1.0
708,2019-12-10,1,1,1,1,1,21.77875,92.5,12.750636,4841,0.0,0.0,0.0,0.0,0.0,0.0,0.0,0.0,0.0,0.0,0.0,1.0
709,2019-12-11,1,1,1,2,1,16.91815,59.6667,19.834479,5219,0.0,0.0,0.0,0.0,0.0,0.0,0.0,0.0,0.0,0.0,0.0,1.0
710,2019-12-12,1,1,1,3,1,14.8669,53.8333,10.916779,5009,0.0,0.0,0.0,0.0,0.0,0.0,0.0,0.0,0.0,0.0,0.0,1.0
711,2019-12-13,1,1,1,3,2,14.7094,48.5833,11.666643,5107,0.0,0.0,0.0,0.0,0.0,0.0,0.0,0.0,0.0,0.0,0.0,1.0
712,2019-12-14,1,1,1,3,2,14.7096,64.2917,8.792343,5182,0.0,0.0,0.0,0.0,0.0,0.0,0.0,0.0,0.0,0.0,0.0,1.0
713,2019-12-15,1,1,1,0,2,16.91915,65.0417,7.12545,4280,0.0,0.0,0.0,0.0,0.0,0.0,0.0,0.0,0.0,0.0,0.0,1.0
714,2019-12-16,1,1,1,0,1,18.4969,83.875,6.749714,3248,0.0,0.0,0.0,0.0,0.0,0.0,0.0,0.0,0.0,0.0,0.0,1.0
715,2019-12-17,1,1,1,1,1,20.075,90.7083,6.5833061,4373,0.0,0.0,0.0,0.0,0.0,0.0,0.0,0.0,0.0,0.0,0.0,1.0
716,2019-12-18,1,1,1,2,2,20.4854,66.625,14.834068,5124,0.0,0.0,0.0,0.0,0.0,0.0,0.0,0.0,0.0,0.0,0.0,1.0
717,2019-12-19,1,1,1,3,2,17.1081,62.5417,12.334164,4934,0.0,0.0,0.0,0.0,0.0,0.0,0.0,0.0,0.0,0.0,0.0,1.0
718,2019-12-20,1,1,1,3,1,16.76085,66.7917,8.875021,3814,0.0,0.0,0.0,0.0,0.0,0.0,0.0,0.0,0.0,0.0,0.0,1.0
719,2019-12-21,0,1,1,3,1,15.08835,55.6667,25.083661,3402,0.0,0.0,0.0,0.0,0.0,0.0,0.0,0.0,0.0,0.0,0.0,1.0
720,2019-12-22,0,1,1,0,2,11.80565,44.125,27.292182,1544,0.0,0.0,0.0,0.0,0.0,0.0,0.0,0.0,0.0,0.0,0.0,1.0
721,2019-12-23,0,1,1,0,2,12.97355,51.5417,8.916561,1379,0.0,0.0,0.0,0.0,0.0,0.0,0.0,0.0,0.0,0.0,0.0,1.0
722,2019-12-24,0,1,1,1,1,12.945,79.1304,5.1744368,746,0.0,0.0,0.0,0.0,0.0,0.0,0.0,0.0,0.0,0.0,0.0,1.0
723,2019-12-25,0,1,0,2,1,14.72325,73.4783,11.304642,573,0.0,0.0,0.0,0.0,0.0,0.0,0.0,0.0,0.0,0.0,0.0,1.0
724,2019-12-26,0,1,1,3,0,11.01665,82.3333,21.208582,432,0.0,0.0,0.0,0.0,0.0,0.0,0.0,0.0,0.0,0.0,0.0,1.0
725,2019-12-27,0,1,1,3,1,11.3321,65.2917,23.458911,1867,0.0,0.0,0.0,0.0,0.0,0.0,0.0,0.0,0.0,0.0,0.0,1.0
726,2019-12-28,0,1,1,3,1,12.7523,59.0,10.416557,2451,0.0,0.0,0.0,0.0,0.0,0.0,0.0,0.0,0.0,0.0,0.0,1.0
727,2019-12-29,0,1,1,0,1,12.12,75.2917,8.333661,1182,0.0,0.0,0.0,0.0,0.0,0.0,0.0,0.0,0.0,0.0,0.0,1.0
728,2019-12-30,0,1,1,0,2,11.585,48.3333,23.500518,1432,0.0,0.0,0.0,0.0,0.0,0.0,0.0,0.0,0.0,0.0,0.0,1.0
729,2019-12-31,0,1,1,1,1,11.17435,57.75,10.374682,2290,0.0,0.0,0.0,0.0,0.0,0.0,0.0,0.0,0.0,0.0,0.0,1.0
