,temp,atemp,hum,windspeed,season,holiday,weekday,weathersit,temp,cnt
0,-0.48627370395875125,-0.4563991203197833,0.855581878146651,-0.20890882308794095,0,0,0,1,14.110847,985
1,-0.4256900795138502,-0.4928625107770049,0.33272231572101857,0.6875500863711644,0,2,0,1,14.902598,801
2,-0.9499701176001843,-1.098989843105253,-0.900337429414364,0.6852095422964299,0,2,0,2,8.050924,1349
3,-0.9385630408832013,-1.0152007634960376,-0.17063232580936002,-0.21043526487581127,0,2,2,2,8.2,1562
4,-0.853991927830475,-0.9519523091605695,-0.9018429386969482,0.060294450620880104,0,2,1,2,9.305237,1600
5,-0.9249222351721335,-0.9374237541321458,-0.5144887402436686,-0.9302115902724953,0,2,1,2,8.378268,1606
6,-0.9494744305481263,-1.0273097368797173,-0.607701680477094,-0.12464923639749573,0,2,1,1,8.057402,1510
7,-1.0483671346935444,-1.1991332291364107,-0.4307709898842639,0.8734198147408484,0,2,0,1,6.765,959
8,-1.1320284423975566,-1.3690903977463962,-0.9151352516666011,1.8416520170656192,0,2,0,2,5.671653,822
9,-1.0928126946081482,-1.2410554318409202,-0.682877094938797,0.4303751739507619,0,2,0,2,6.184153,1321
10,-1.035532604757027,-1.0913954549855465,0.2863993196622606,-0.5988027608243804,0,2,2,1,6.932731,1263
11,-1.0241255280400439,-1.205702245766424,-0.12722982718802056,1.2583171996916585,0,2,1,2,7.081807,1162
12,-1.0483671346935444,-1.2410738737741882,-0.7424304684587467,1.221407837260953,0,2,1,2,6.765,1406
13,-1.061324017763165,-1.1026487226655972,-0.421275800010243,-0.5538643145894762,0,2,1,2,6.59567,1421
14,-0.8339887591980535,-0.882455727833949,-0.6074444099034877,-0.23417652281648874,0,0,0,1,9.566653,1248
15,-0.8392154340634258,-0.9337058603853443,-0.6789084581274275,0.0758946856929156,0,2,0,2,9.498347,1204
16,-1.0143811990293317,-1.145588920086493,-0.42282895199164344,0.13271902531603696,0,2,0,1,7.209153,1000
17,-0.8862743314107158,-0.9406547808406758,1.1215901227156817,-0.34802872763444764,0,2,2,1,8.883347,683
18,-0.6493892539439277,-0.6968929952926968,0.5502207643556386,0.2782398090930136,0,2,1,1,11.979134,1650
19,-0.745097639368846,-0.8568657012314603,-0.4188603151802739,0.1519216630074464,0,2,1,1,10.728347,1927
20,-1.0091513869041362,-1.2154395865318564,-0.8059572430599474,1.7530369831404506,0,2,1,2,7.2775,1543
21,-1.3805075772667876,-1.50594945988188,-1.077916060711091,-0.09163738866515202,0,2,0,2,2.4243464,981
22,-1.2632013540413396,-1.4330318999340705,-0.9039153960954425,0.6678182821932935,0,2,0,2,3.9573897,986
23,-1.260473192899126,-1.3626172791693756,-0.640846706043357,-0.2304418285754991,0,2,0,2,3.9930433,1416
24,-0.8649064547552231,-0.9325661489093904,-0.04427436000967136,-0.5208117617427894,0,2,2,1,9.162598,1985
25,-0.8836609939780297,-1.0466331945577858,1.1255587595270509,1.1486474453724647,0,2,1,0,8.9175,506
26,-0.9542493399989646,-0.9872501694352621,0.2918115302477539,-0.6832149916936125,0,2,1,2,7.995,431
27,-0.9276516512182763,-0.9739092749092889,0.7946468663610385,-0.5869168674361628,0,2,1,1,8.342598,1167
28,-0.9494744305481263,-1.0151860099494232,0.12143647501200015,-0.36237728044042944,0,2,0,2,8.057402,1098
29,-0.886729234085073,-0.8743043933295529,0.4570078241222129,-1.0887844689636224,0,2,0,2,8.877402,1096
30,-0.9986948999135685,-1.1106267029972754,-0.1071960723359096,0.06326592396793458,0,2,0,1,7.414153,1501
31,-0.963115236259194,-0.9325513953627761,0.9686475309766874,-1.3001417046793073,0,2,2,1,7.879134,1360
32,-0.7503274514940415,-0.8592004499831719,0.7106718454280282,0.8480198233906848,0,2,1,1,10.66,1526
33,-0.9794823207565814,-1.1415058760609877,-0.8977027881698413,0.9848297126982145,0,2,1,2,7.665237,1550
34,-0.9030994558422836,-0.9544714772449598,-0.19549228605152782,-0.5407267389352051,0,2,1,1,8.663464,1708
35,-0.8339887591980535,-0.9010968339811064,1.4431783397234104,-0.20246723874312772,0,2,0,1,9.566653,1005
36,-0.6692826184825387,-0.7217932935909672,-0.27593221873239443,-0.3986557135988154,0,2,0,2,11.719153,1623
37,-0.7137250411373194,-0.677580602774589,0.5339936611389222,-1.3795645061579207,0,2,0,2,11.138347,1712
38,-0.8732045069874619,-1.066380816701015,-0.42084225145101795,1.8416520170656192,0,2,2,2,9.054153,1530
39,-1.1431657147697487,-1.2654172256877692,-0.6263442685237791,0.0800262547987513,0,2,1,1,5.526103,1605
40,-1.1131578245612932,-1.2459978699567078,-0.8997752455683355,0.41682037087447305,0,2,1,2,5.918268,1538
41,-0.9727874082939736,-1.010084971207532,-0.5711692590250158,-0.7370169765767508,0,2,1,2,7.752731,1746
42,-0.8679746948622663,-0.938364292728807,-0.3910655646910431,0.22786723009329096,0,2,0,2,9.1225,1472
43,-0.5730032517698066,-0.6021346537757555,-0.804489847936416,0.8131660692343115,0,2,0,2,12.977402,1589
44,-0.2640521789053785,-0.32831989377446436,-1.193054170939621,2.411096214169959,0,2,0,2,17.015,1913
45,-0.7312309509505113,-0.8597278892746328,-1.4859853046095501,1.1234509795940175,0,2,2,2,10.909567,1815
46,-0.5675475569373442,-0.6313208573654777,-0.9660605324309806,0.7206433443321946,0,2,1,2,13.048701,2115
47,-0.19869364500963907,-0.2165322710779771,-0.5776677231435129,0.4999503906418943,0,2,1,2,17.869153,2475
48,0.07058991465084659,0.09080254683098452,-0.5220829864349326,0.8542985872781251,0,2,1,2,21.388347,2927
49,-0.3137244136853548,-0.35393942747018176,-2.088336710009612,3.3224328429215073,0,0,0,2,16.365847,1635
50,-0.6712151705336008,-0.7746884465898561,-1.0406308846177208,0.43004953303601634,0,2,0,2,11.693897,1812
51,-0.6143805715773671,-0.7498102786115071,-0.10124073498391463,1.2910746404593574,0,2,0,1,12.436653,1107
52,-0.9943372460192094,-1.1114270829011008,-0.2309336897007205,0.14967270543998412,0,2,2,2,7.471102,1450
53,-0.8703621495876855,-0.8912894138692561,-0.9681329898294749,-0.8839319105199824,0,2,1,2,9.091299,1917
54,-0.6384778642790027,-0.730940492491828,0.3389349236466195,0.7074650635635803,0,2,1,1,12.121732,1807
55,-0.4229606634677072,-0.5049530422274167,0.4093651253062531,1.6848253877798156,0,2,1,1,14.938268,1461
56,-0.6797391054731066,-0.7567555106801848,-0.42084225145101795,0.056946454966151056,0,2,0,2,11.5825,1969
57,-0.48843527597690334,-0.5025629676759015,0.25607950613578406,-0.5670934767510194,0,2,0,2,14.082598,2402
58,-0.2882937855588792,-0.32179882617094746,1.1916105971654973,1.1062734213411825,0,2,0,1,16.698193,1446
59,-0.7294113402530827,-0.8243009354670653,-0.4347396266956334,0.36074907586670085,0,2,2,2,10.933347,1851
60,-0.5150329647575917,-0.617043112629497,-0.8416892671719174,1.2909423488377418,0,2,1,2,13.735,2134
61,-0.9437928530083968,-1.059420831085723,-1.4669996891313901,0.45568357879365295,0,2,1,2,8.131653,1685
62,-0.745097639368846,-0.8545457060263628,-0.07543268503530924,0.22765352824298904,0,2,1,1,10.728347,1944
63,-0.3607833110326446,-0.40050530897153963,0.776180556299973,0.7214574466190588,0,2,0,1,15.750847,2077
64,-0.38476766238064675,-0.4467097285808472,1.5341473088426036,1.651732129818786,0,2,0,1,15.437402,605
65,-0.744871756661579,-0.918052347427581,-0.35706297054609243,1.632041030755258,0,2,0,2,10.731299,1872
66,-0.64836650724158,-0.6822205931847838,-0.9786620262678019,-0.6138840056885396,0,2,2,2,11.9925,2133
67,-0.6379100202510121,-0.7404675952180069,0.7106718454280282,0.3986557135988154,0,2,1,1,12.129153,1891
68,-0.34533544366344093,-0.3750960133150758,-2.983624013349484,0.8232812901485991,0,2,1,0,15.952731,623
69,-0.5730032517698066,-0.6726307878854941,0.11107895228941059,0.5291156050688044,0,2,1,1,12.977402,1977
70,-0.5333326013060412,-0.5960967648238564,-0.15087013434049992,0.4050158877149422,0,2,0,2,13.495847,2132
71,-0.36021546700465407,-0.395666145682052,-0.47099095622469717,0.9120896733668981,0,2,0,2,15.758268,2417
72,-0.5457247776074942,-0.5730443482390258,-0.6159867458011893,-0.4482548954260172,0,2,0,2,13.333897,2046
73,-0.5702769729834869,-0.6240252285647107,0.14007906305868528,0.0339277128050658,0,2,2,1,13.013031,2056
74,-0.4202343846813877,-0.44420900242972483,0.7159363636471912,0.2253231604468403,0,2,1,1,14.973897,2192
75,-0.2640521789053785,-0.2841219565047005,-0.11116470914727912,0.29108227266829656,0,2,1,2,17.015,2744
76,0.12810529898870446,0.14622424468757061,-0.4813484789472868,0.509241332990732,0,2,1,2,22.14,3239
77,-0.0836597390741005,-0.07686413366713214,-1.1771700951543802,1.9049179410335537,0,2,0,2,19.3725,3117
78,-0.5228761143154733,-0.5960967648238564,-0.7265511569433873,0.27217474705587524,0,2,0,2,13.6325,2471
79,-0.21562857353501716,-0.28632761172353693,0.5295057189104587,1.097084241778203,1,2,0,1,17.647835,2077
80,-0.1803908712013666,-0.17233064542155954,-0.007942037892620442,0.4556428736793097,1,2,2,2,18.108347,2703
81,-0.4775207490521553,-0.5511390199034565,1.0162902297926473,0.5422531807230754,1,2,1,1,14.225237,2121
82,-0.6718959559152248,-0.7986518946781193,0.855581878146651,0.6391924105314309,1,2,1,1,11.685,1865
83,-0.7372544898109643,-0.8522109572746512,-0.6253104219594727,0.5062698596436775,1,2,1,2,10.830847,2210
84,-0.732027814945592,-0.847567278477803,-1.1057060469304405,0.2910008624396101,1,2,0,2,10.899153,2496
85,-0.7721533680837146,-0.8742416907564422,-0.6304891833207674,0.03383612629779359,1,2,0,1,10.374763,1693
86,-0.7366866457829737,-0.8475562133178423,-1.5439855261480997,0.3177950039560282,1,2,0,2,10.838268,2028
87,-0.6169939090100532,-0.7172307593004976,-1.486847637458119,0.4683225167972197,1,2,2,2,12.4025,2425
88,-0.6248370585679348,-0.7008469457853268,0.09727209817254545,-0.08229556492338533,1,2,1,1,12.3,1536
89,-0.7241846653877103,-0.8475525249311887,1.391562239826199,0.3731743120199657,1,2,1,0,11.001653,1685
90,-0.6248370585679348,-0.7521007667233757,0.2858561928957589,0.7910326633101906,1,2,1,1,12.3,2227
91,-0.577778161220645,-0.6333974190514392,0.1310174217438895,0.16456060101101316,1,2,0,1,12.915,2252
92,-0.3790860848409172,-0.40054956961138244,-0.6967744701834124,0.012598232889223536,1,2,0,2,15.511653,3249
93,0.23267958067385214,0.20494336021245133,-0.9528539763191964,2.0820258935408615,1,2,0,2,23.506653,3115
94,-0.2666655163380647,-0.32831989377446436,0.07543268503530891,2.107425884891025,1,2,2,1,16.980847,1795
95,-0.3398703370515091,-0.3679405432071443,-0.7404485321880028,0.8353503565513609,1,2,1,2,16.024153,2808
96,-0.19346383288444363,-0.19795017911727691,-0.11116470914727912,-0.18991988724683317,1,2,1,2,17.9375,3141
97,-0.5124196273249055,-0.6007847042605479,1.0004966751351563,0.46828181168287647,1,2,1,1,13.769153,1471
98,-0.49150351608394666,-0.5378977118171298,1.1970228077509906,-0.4873623340312565,1,2,0,1,14.0425,2455
99,-0.22744976854865645,-0.22361766183949075,1.101737410119071,-0.3481101378631341,1,2,0,1,17.493347,2895
100,0.3027000826667963,0.287150121947284,0.4321478638800451,1.460285800784082,1,2,0,1,24.421732,3348
101,0.010458055620479448,0.020985075865503022,0.5379670622201738,0.9555932643212043,1,2,2,1,20.6025,2034
102,-0.27189532846326014,-0.2584876692623689,0.9191086527478524,0.7086963932724623,1,2,1,1,16.9125,2162
103,-0.09934603818986369,-0.09081730037759851,-0.408931576747028,-0.7151379776172753,1,2,1,2,19.1675,3267
104,-0.16470457208560316,-0.16764270598486844,0.2143921446718192,0.4620030477954365,1,2,1,2,18.313347,3126
105,-0.21437994412540254,-0.22820970322318893,1.2486341433783195,1.6265051352045814,1,2,0,0,17.664153,795
106,-0.1333319738540765,-0.15368953927440207,-0.6987611707240379,1.246807828611116,1,2,0,2,18.723347,3744
107,0.04183065385200609,0.058208273973360675,-0.3990076025836635,-0.17714865762165094,1,2,0,2,21.0125,3429
108,0.020914542611047474,0.006983960128540446,0.1885840947232135,-0.23409511258780227,1,2,2,1,20.739153,3204
109,0.30065458926210087,0.2841072029580862,-0.057566672979324315,0.6202441798046661,1,2,1,2,24.395,3944
110,-0.1254888242961949,-0.12345952226171857,-1.0441707371397466,1.4682640031953516,1,2,1,2,18.825847,4189
111,-0.5098031526323962,-0.6100978805608194,0.49230629967495737,0.3922548343683457,1,2,1,1,13.803347,1683
112,-0.12287548686350874,-0.13736842833234217,1.246652207107576,0.5062698596436775,1,2,0,1,18.86,4036
113,0.2588255040400065,0.2375265679101141,0.879403227554631,0.11397432016098859,1,2,0,1,23.848347,4191
114,0.33725699961882294,0.32138941525240117,0.7166271827800231,0.04434822207692752,1,2,0,2,24.873347,4073
115,0.41568849519763973,0.393619091089319,0.490324363404214,1.480902941198918,1,2,2,2,25.898347,4400
116,0.37908608484091766,0.323757359483995,0.9965280383237871,1.3353821574219416,1,2,1,1,25.42,3872
117,0.37124293528303576,0.33772527974107536,0.35533354057907285,1.4239971913471101,1,2,1,1,25.3175,4058
118,0.033987504294124504,0.037247172621105884,-0.8059572430599474,0.6012959490779018,1,2,1,2,20.91,4595
119,-0.0836597390741005,-0.0860998538476789,-0.5856097610361333,0.5505366714919189,1,2,0,2,19.3725,5312
120,-0.14901827296983997,-0.1444390655472413,0.6471450708268268,-0.7593640843511732,1,2,0,1,18.518347,3351
121,0.15686455978754493,0.16770540855797916,0.49429300021558314,0.025226994614204565,1,2,0,1,22.515847,4401
122,0.3686295978503496,0.34934369769983015,0.3374675285230879,1.6454228370955881,1,2,2,1,25.283347,4451
123,-0.2666655163380647,-0.30508305785695505,0.5280383237869273,1.5063029325490815,1,2,1,1,16.980847,2633
124,-0.1254888242961949,-0.16762795243825418,-0.8674925528506413,1.1643392669517723,1,2,1,2,18.825847,4433
125,-0.06274362783314161,-0.04886190219320673,-0.17270478320785435,0.48104286502947297,1,2,1,2,19.645847,4608
126,0.06536010252565115,0.09315573751596379,-0.4049629399356585,-0.20886811797359772,1,2,0,2,21.32,4714
127,0.09150288863198236,0.11643683407331615,0.025808049948605374,-1.0821200241177802,1,2,0,2,21.661653,4333
128,0.1045758503150594,0.1397216190173217,-0.17866012055984934,-0.05062698596436781,1,2,0,2,21.8325,4362
129,0.1045758503150594,0.1304084427170502,-0.6531004081788221,-0.6645516967672507,1,2,2,2,21.8325,4803
130,0.13594844854658605,0.15135479052269074,0.031763387300600354,-0.6139654159172261,1,2,1,2,22.2425,4182
131,0.11241899987294099,0.132776386948644,0.5776677231435129,0.0884522134677959,1,2,1,2,21.935,4864
132,0.04183065385200609,0.025580805635854884,1.12952739633842,-0.012720348232253239,1,2,1,1,21.0125,4105
133,0.06797343995833731,0.048924604766317714,1.4114149524228097,-0.46836322191156293,1,2,0,1,21.354153,3409
134,0.19869364500963935,0.17938652908984468,1.1473934083944048,-0.2848950952881285,1,2,0,1,23.0625,4553
135,0.24575254235692917,0.23291239620649454,0.7702252189479779,-0.550577376606262,1,2,0,2,23.6775,3958
136,0.1960803075769532,0.18871445893673042,1.008438713027777,0.9807795538210653,1,2,2,1,23.028347,4123
137,0.1594778972202311,0.14677381429895314,1.1612907836390207,0.20878670774491123,1,2,1,1,22.55,3855
138,0.09934603818986396,0.08622525899390035,0.9687332878345556,-0.7404463824601663,1,2,1,1,21.764153,4575
139,0.11764881199813669,0.15372273475428452,0.44466360085899753,-0.5694849022186831,1,2,1,2,22.003347,4917
140,0.32418403793574596,0.31207623895212944,0.0019867005406254646,-0.6138840056885396,1,2,0,2,24.7025,5805
141,0.32941385006094137,0.32138941525240117,0.587591697306877,-0.33548137613815304,1,2,0,2,24.770847,4660
142,0.41568849519763973,0.3796511708322386,0.8754345907432618,0.5379893199956243,1,2,0,1,25.898347,4274
143,0.504576477767024,0.4331954798821562,0.5459043358429122,0.2657738678254055,1,2,2,1,27.06,4492
144,0.5071898151997101,0.4727681802883399,0.33349889171171876,-0.2721340419415323,1,2,1,2,27.094153,4978
145,0.6562096567994617,0.6171537642291045,0.2441688314317941,0.1899605923611764,1,2,1,2,29.041653,4677
146,0.5725514863552726,0.5519430881939357,0.1310174217438895,0.6075645366867561,1,2,1,2,27.948347,4679
147,0.49150351608394693,0.4611018133030889,0.49230629967495737,0.4998282752988646,1,0,0,2,26.889153,4758
148,0.528105926440669,0.4727976873815684,0.9171219522072266,0.3354406710238098,1,2,0,2,27.3675,4788
149,0.7346411523782782,0.6776580588943142,0.279900855543764,-0.5062698596436775,1,2,0,2,30.066653,4098
150,0.8653613574295803,0.8779042587034405,0.04962939935658529,-0.7087370983868054,1,2,2,2,31.775,3982
151,0.8313754217653675,0.8616163432412622,0.2421821308911683,0.2657738678254055,1,2,1,1,31.330847,3974
152,0.6771257680404207,0.57751836124981,-1.5305216994627093,1.132741921942855,1,2,1,2,29.315,4968
153,0.37908608484091766,0.36798480384698734,-1.2962768421942796,0.7341777948513117,1,2,1,2,25.42,5312
154,0.42614498218820746,0.3958800721079593,-0.809925879871317,-0.5885247194527197,1,2,0,2,26.035,5342
155,0.4679740674103019,0.4774229242451488,0.12506208439189453,-0.43028358744349,1,2,0,1,26.581653,4906
156,0.5620918621048818,0.4960640303923063,-0.12506208439189453,-0.6012043625706296,1,2,0,2,27.811653,4548
157,0.6535963193667756,0.6218085081859134,-0.13498605855525903,0.06953451157678885,1,2,2,2,29.0075,4833
158,0.8679746948622664,0.8848974397986147,-0.019852712596610398,-0.4493641097918697,1,2,1,2,31.809153,4401
159,0.969935639114728,0.9966555554018734,-0.27593221873239443,-0.31640085378977334,1,2,1,1,33.141653,3915
160,0.802616160966527,0.7964241091393615,-0.10124073498391463,-0.41133535671672544,1,2,1,2,30.955,4586
161,0.7084983662719473,0.7032775925900313,0.1349860585552587,-0.265855278054092,1,2,0,2,29.725,4966
162,0.6065374220194855,0.5752426266845555,0.5796544236841387,-0.17714865762165094,1,2,0,2,28.3925,4460
163,0.42614498218820746,0.42154386644351943,-0.6272971225000982,1.265674649109194,1,2,0,2,26.035,5020
164,0.32941385006094137,0.3842616541492047,-0.5677437489801483,0.8986468093550529,1,2,2,2,24.770847,4891
165,0.40000219608187626,0.37027529195885617,-0.7364751311067518,-0.13293272716633886,1,2,1,2,25.693347,5180
166,0.4052288709472486,0.39827752343278156,0.2957801670591231,0.25945439882362226,1,2,1,1,25.761653,3767
167,0.47059054210281115,0.41685592700682833,0.5220829864349322,-0.3861490672168641,1,2,1,2,26.615847,4844
168,0.6196103837025628,0.5775626218896528,0.21042350786045003,-0.6265229436921064,1,2,0,2,28.563347,5119
169,0.6274535332604444,0.5845410494382127,0.1925574958044651,-0.8036716013137576,1,2,0,1,28.665847,4744
170,0.42614498218820746,0.39827752343278156,0.5717123857915178,-0.25949510393796554,1,2,0,1,26.035,4010
171,0.5699350116627634,0.5542962788789152,0.6868504960200482,-0.10125397192873561,2,2,2,1,27.914153,4835
172,0.7346411523782782,0.7615209062366013,0.38709692787967354,-0.08866591531809782,2,2,1,2,30.066653,4507
173,0.7189548532625151,0.7615356597832156,0.36724421528306284,0.5884840143383764,2,2,1,1,29.861653,4790
174,0.7058850288392612,0.624143256937625,-0.2521108693244145,0.41773623594719517,2,2,1,2,29.690847,4991
175,0.6143805715773674,0.5751983660447126,-0.680895158668053,0.2910008624396101,2,2,0,2,28.495,5202
176,0.5673216742300773,0.5542335763058045,-0.5379670622201734,-0.8796548206303696,2,2,0,2,27.88,5305
177,0.5751648237879591,0.5519283346473214,0.15285207061124362,-0.7468065565762929,2,2,0,1,27.9825,4708
178,0.7686302253023142,0.7568329667999097,0.037718724652595334,-0.37338801387026765,2,2,2,2,30.510847,4648
179,0.7189548532625151,0.6171537642291045,-0.6114130467148573,0.8227114185477944,2,2,1,2,29.861653,5225
180,0.6196103837025628,0.5519430881939357,-0.9151352516666011,0.04413452022662561,2,2,1,2,28.563347,5515
181,0.7006552167140655,0.6078368995421793,-1.095782072767076,-0.7974844239335895,2,2,1,2,29.6225,5362
182,0.7503274514940417,0.6637012037971944,-0.8655106165798973,-0.6707490504260045,2,2,0,2,30.271653,5119
183,0.6823555801656161,0.6683743896872713,0.267990180839774,0.48727074752398425,2,2,0,1,29.383347,4649
184,0.7137281783971428,0.6567264646352882,0.05558473670858027,-1.0124969789172948,2,0,0,1,29.793347,6043
185,0.7764733748601961,0.7707750683504152,-0.1707180826672289,-0.5568154353793588,2,2,2,2,30.613347,4665
186,0.6928120671561838,0.7312908892239176,0.5578150105469021,-0.31640085378977334,2,2,1,2,29.52,4629
187,0.7869298618507639,0.735857111901041,0.11910674703989955,-0.22158846620585096,2,2,1,2,30.75,4592
188,0.658826131491971,0.6754118314222882,0.6272971225000985,0.44932340467752646,2,2,1,1,29.075847,4040
189,0.7346411523782782,0.6520827858384399,-0.08138802238730422,-0.13293272716633886,2,2,0,2,30.066653,5336
190,0.7790867122928822,0.7474902834064097,-0.22828951991643462,0.025399991350163242,2,2,0,2,30.6475,4881
191,0.826145609640172,0.8942106160988861,0.045655998275334356,1.0314879500141194,2,2,0,2,31.2625,4086
192,0.9254932164599476,0.9291433260948747,-0.31960151646710333,0.19618847485568772,2,2,2,2,32.560847,4258
193,0.7764733748601961,0.745199795294541,0.025808049948605374,-0.3545618984865331,2,2,1,2,30.613347,4342
194,0.5699350116627634,0.5449204000055328,-0.7146404822393974,0.6074424213437267,2,2,1,2,27.914153,5084
195,0.515032964757592,0.5053329460527349,-0.16674944585585938,0.018907525612421046,2,2,1,2,27.196653,5538
196,0.5882377854710361,0.5565720134441697,-0.19652613261583426,0.2784942160576588,2,2,0,2,28.153347,5923
197,0.6901987297234977,0.673014380097466,-0.10520937179528414,0.651872053649341,2,2,0,2,29.485847,5302
198,0.7764733748601961,0.7987588578910729,0.11910674703989955,0.3544296068649176,2,2,0,2,30.613347,4458
199,0.870591169554776,0.959402850200787,0.11513811022853038,-0.5126300337598043,2,2,2,2,31.843347,4541
200,0.8444452461886217,0.9570828549956897,0.38511022733904776,-0.6834185172653287,2,2,1,2,31.501653,4332
201,0.9908517503556868,1.2503870500744598,0.30967754230373884,0.41769553083285194,2,2,1,1,33.415,3784
202,1.0954260320408347,1.3039608662176063,-0.21836078148318872,-0.4871893372952978,2,2,1,2,34.781653,3387
203,1.098042506733344,1.168932719216956,-0.6014890725514928,-0.5063105647580207,2,2,0,2,34.815847,3285
204,1.037910647702977,1.1340479582474636,-0.3593069416603241,-0.12012079242681342,2,2,0,2,34.03,3606
205,0.7660137506098049,0.86158314776138,0.6233237214188468,-0.917561458362484,2,2,0,2,30.476653,3840
206,0.8549048704390125,0.7731393241953559,-0.40694964047628396,0.19622917997003095,2,2,2,2,31.638347,4590
207,0.8653613574295803,0.7498582276380035,-1.0640186854664755,0.025318581121476773,2,2,1,2,31.775,4656
208,0.8784343191126576,0.9314485677533577,-0.2044681705084547,-0.025399991350163242,2,2,1,2,31.945847,4390
209,1.0640534338093082,1.1013614757235004,-0.3990076025836635,-0.06957521669113209,2,2,1,2,34.371653,3846
210,0.956865814691474,0.8895374302088093,-0.7642698815959826,-0.1265725530502124,2,2,0,2,32.970847,4475
211,0.9620924895568463,0.8941811090056576,-0.6928058333720429,-0.16446901450374093,2,2,0,2,33.039153,4302
212,0.8549048704390125,0.7964241091393615,-0.3593069416603241,-0.24685616593439874,2,2,0,2,31.638347,4266
213,0.8915041435359115,0.8103625223032133,-0.6431764340154577,0.25313492982183877,2,2,2,2,32.116653,4845
214,0.7294144775129059,0.7102818388451666,0.14888343379987445,-0.46192163756675003,2,2,1,1,29.998347,3574
215,0.6614394689246572,0.6544064694301909,0.6253104219594727,0.1646013061253564,2,2,1,1,29.11,4576
216,0.6640528063573433,0.6240842427511679,0.021834648867354447,0.03786593261777133,2,2,1,2,29.144153,4866
217,0.6823555801656161,0.6963286721347,0.6133997472554827,0.4810835701438162,2,2,0,1,29.383347,4294
218,0.7634004131771187,0.8406847489822362,0.6034757730921185,0.20873582635198226,2,2,0,2,30.4425,3785
219,0.8339887591980536,0.7963909136594792,-0.16278080904448985,0.11397432016098859,2,2,0,2,31.365,4326
220,0.8653613574295803,0.873249514746631,-0.26600348029914855,-0.3038026209005498,2,2,2,2,31.775,4602
221,0.8392185713232494,0.7288934378990953,-0.962777950482561,0.19622917997003095,2,2,1,2,31.433347,4780
222,0.6849689175983023,0.6054726436972392,-0.9647646510231864,-0.16464201123969963,2,2,1,2,29.4175,4792
223,0.6562096567994617,0.6147710664508964,-1.0064520124871512,-0.563297724838515,2,2,1,2,29.041653,4905
224,0.5856213107785269,0.5845853100780559,0.49230629967495737,0.31016279501667626,2,2,0,1,28.119153,4150
225,0.5568651872395095,0.5053956486258457,0.9111666148552316,0.4239234133273632,2,2,0,1,27.743347,3820
226,0.5228761143154735,0.47507342194682295,0.4089315767470277,0.2847220985521698,2,2,0,2,27.299153,4338
227,0.6326802081258167,0.5845078539583305,-0.22828951991643462,0.563297724838515,2,2,2,2,28.734153,4725
228,0.7032685541467516,0.6613517014988686,-0.24218213089116863,-0.37965660147912217,2,2,1,2,29.656653,4694
229,0.6666692810498527,0.6450748511966514,0.1349860585552587,0.5315375593722254,2,2,1,2,29.178347,3805
230,0.5830079733458408,0.5379751679368551,0.4605476766442391,-0.4240149998346354,2,2,1,1,28.085,4153
231,0.6222237211352489,0.5961594673969677,0.22828951991643495,-0.7785667220425826,2,2,0,2,28.5975,5191
232,0.6640528063573433,0.6940086769296027,0.6848637954794224,0.689737986267112,2,2,0,2,29.144153,3873
233,0.6039240845867994,0.5565388179642875,-0.7444171689993723,0.9746330815552405,2,2,0,2,28.358347,4758
234,0.4444446187366568,0.4378207167457365,-0.8138945166826865,-0.34815084297747734,2,2,2,2,26.274153,5895
235,0.5464055629891187,0.5286472380899693,-0.10124073498391463,0.7340455032296963,2,2,1,2,27.606653,5130
236,0.5803946359131545,0.5845705565314417,0.6928058333720433,0.30384332601489306,2,2,1,1,28.050847,3542
237,0.6300668706931306,0.6357616748963795,0.6431764340154577,-0.9872262263051713,2,2,1,2,28.7,4661
238,0.5673216742300773,0.5465875507729477,1.066005386007101,1.9807312164977828,2,2,0,1,27.88,1115
239,0.6522127877847654,0.5923346104372125,-0.30722394331471703,1.2586428406064043,2,2,0,2,28.989419,4334
240,0.4313747943134029,0.444795455907643,-0.3414409296043392,-0.2152282920897242,2,2,0,2,26.103347,4634
241,0.4392179438712845,0.3959095792011878,-0.3712176163643141,-0.5695357836116121,2,2,2,2,26.205847,5204
242,0.4941199907764562,0.456461822892894,-0.13498605855525903,-0.9936291407913583,2,2,1,2,26.923347,5058
243,0.4888901786512608,0.4704776921764711,0.061540074060575246,-0.39869641871315864,2,2,1,2,26.855,5115
244,0.4522877682945387,0.43317703794888845,0.4803956249709674,-0.4176955308328522,2,2,1,1,26.376653,4727
245,0.5333357385658645,0.5379456608436265,0.4307709898842642,0.04426681184824105,2,0,0,2,27.435847,4484
246,0.658826131491971,0.656770725275131,0.5518596731949071,0.259413693709279,2,2,0,2,29.075847,4940
247,0.5464055629891187,0.5100356390360403,0.7821358936519679,0.32280173302024306,2,2,0,1,27.606653,3351
248,0.12810529898870446,0.10266808669552852,1.2420785080212438,1.658407768571072,2,2,2,0,22.14,2710
249,0.3137275509451782,0.20973826286209593,1.3856069024742041,-0.8543413276481857,2,2,1,0,24.565847,1996
250,0.42273478076044047,0.25079738308966937,1.4927172179522454,0.11980532779065356,2,2,1,0,25.990433,1842
251,0.4732038795354973,0.33778798231418605,1.294294905923536,-0.5759366628420821,2,2,1,1,26.65,3544
252,0.504576477767024,0.44481020945425725,0.6074444099034877,-0.2784942160576588,2,2,0,2,27.06,5345
253,0.48366036652606537,0.4494833953443341,0.41687361463964845,-0.6708304606546908,2,2,0,2,26.786653,5046
254,0.45547208701503866,0.42329953849062024,0.31407972767433345,-0.9368485591661557,2,2,0,2,26.418268,4713
255,0.47581721696818347,0.4285518010853081,0.41091827728765346,-0.3986150084844722,2,2,2,2,26.684153,4763
256,0.5464055629891187,0.5146608758996207,0.3374675285230879,-0.13916060966085017,2,2,1,2,27.606653,4785
257,0.24575254235692917,0.24456400964513128,0.39503896577229436,0.9176052163604033,2,2,1,1,23.6775,3659
258,-0.09411622606466825,-0.09549048626767535,-0.1707180826672289,-0.17088007001279668,2,2,1,1,19.235847,4760
259,-0.02352788004373336,-0.032651442850754026,0.43870826350700254,0.08853362369648238,2,2,0,1,20.158347,4511
260,0.02614435473624291,0.01170140665846006,0.32754355435972377,-0.025359286235820008,2,2,0,2,20.8075,4274
261,0.15686455978754493,0.1560574835059961,0.30372220495174385,-0.2974831518987663,2,2,0,1,22.515847,4539
262,0.1960803075769532,0.1654333623793783,1.2148888198069754,-0.4683225167972197,2,2,2,1,23.028347,3641
263,0.30065458926210087,0.23298985232621952,1.3042188800869001,-0.8606160210241915,2,2,1,1,24.395,4352
264,0.4052288709472486,0.24932940520154737,1.3141428542502642,-0.5378163232596657,2,2,1,1,25.761653,4795
265,0.34510014917670484,0.12821016427152065,1.6496284465026088,-1.0441706460156053,1,2,1,1,24.975847,2395
266,0.33725699961882294,0.2841809706911578,1.1255587595270509,-1.044001719791081,1,2,0,1,24.873347,5423
267,0.4235316447555213,0.3145179509167948,1.042184036599121,-1.3289792429357548,1,2,0,1,26.000847,5010
268,0.47059054210281115,0.37502593396865824,1.0580633481144803,-0.7151379776172753,1,2,0,1,26.615847,4630
269,0.4313747943134029,0.32148162491874044,1.2347415324035862,-0.6391110003027444,1,2,2,1,26.103347,4120
270,0.42614498218820746,0.323816373670452,1.060050048655106,-0.32916190713636984,1,2,1,1,26.035,3907
271,0.3686295978503496,0.321433675892244,0.3473962669563345,-0.0823464463163143,1,2,1,2,25.283347,4839
272,0.20392345713483478,0.21195129485423975,0.10124073498391463,0.25949510393796527,1,2,1,2,23.130847,5202
273,-0.279738478021142,-0.27479033827116106,0.6074444099034877,1.1328335084501273,1,2,0,1,16.81,2429
274,-0.44705795616934285,-0.5239261031733957,0.7880912310039628,0.4176141206041657,1,2,0,1,14.623347,2918
275,-0.3607833110326446,-0.35157148323858795,0.6411897334748318,-0.9935019373090358,1,2,0,1,15.750847,3570
276,-0.047057328717378145,-0.053505580990055056,0.3990076025836635,0.253175634936182,1,2,2,2,19.850847,4456
277,0.12287548686350902,0.1467000465658816,0.10322743552454043,-0.03790663773211457,1,2,1,2,22.071653,4826
278,-0.015684730485851766,-0.02559555918246914,-0.025808049948605374,-0.4683225167972197,1,2,1,2,20.260847,4765
279,0.03660084172681066,0.06284826438355531,0.27593221873239476,-1.6137878398559038,1,2,1,2,20.944153,4985
280,0.07058991465084659,0.09544622562783259,0.3573202411196987,-1.3796062289001223,1,0,0,2,21.388347,5409
281,0.13071863642139062,0.1350631866738591,0.4823823255115932,-1.1959671407964465,1,2,0,2,22.174153,5511
282,0.22483643111597054,0.20492860666583682,0.5121590122715681,-1.4111526925161104,1,2,0,2,23.404153,5117
283,0.21176660669271638,0.2166244807443166,0.8694792533912667,-0.38601677559524866,1,2,2,1,23.233347,4563
284,0.1385617859792722,0.11195175590257148,1.333995566846875,0.6835915140012871,1,2,1,0,22.276653,2416
285,0.2823549527136515,0.23767779176291062,1.288339568571541,-0.3987880052204309,1,2,1,1,24.155847,2913
286,0.16209123465291725,0.1560574835059961,0.4287842893436384,0.4366437615596165,1,2,1,1,22.584153,3644
287,0.023531017303556747,0.04190191657791504,-0.680895158668053,0.7846724891940644,1,2,0,2,20.773347,5217
288,0.039217316419319935,0.05823778106658919,-0.6650110828828121,1.025178657290922,1,2,0,2,20.978347,5041
289,0.10980566244025483,0.08616255642078963,-0.22233418256443965,-0.056946454966151056,1,2,0,2,21.900847,4570
290,0.1045758503150594,0.1304084427170502,0.35930694166032445,-0.7213760363903722,1,2,2,1,21.8325,4748
291,0.1335609938211669,0.09768138793989779,1.2814313772432264,0.6346334377249908,1,2,1,0,22.211299,2424
292,-0.07320325208353247,-0.07686413366713214,0.047642698815959825,2.455536022754159,1,2,1,2,19.509153,4195
293,-0.2248364311159703,-0.23520288431836306,-0.2481374682431636,0.41133535671672544,1,2,1,2,17.5275,4304
294,-0.24052273023173348,-0.22820970322318893,0.01389737524461542,-0.8986498622386286,1,2,0,2,17.3225,4308
295,-0.24313606766441964,-0.23986131666182567,0.547891036383538,-0.8289850942959414,1,2,0,2,17.288347,4381
296,-0.11241899987294099,-0.1117488946366248,0.6947877696427867,-0.6327915313009609,1,2,0,2,18.996653,4187
297,-0.08627307650678666,-0.08848255162588695,-0.01587931151535947,-0.14569378051293536,1,2,2,2,19.338347,4687
298,-0.047057328717378145,-0.05354984162989809,0.44863700194024914,-0.32902961551475435,1,2,1,1,19.850847,3894
299,-0.0915028886319821,-0.11182635075634977,0.8893319659878776,0.17083936489845344,1,2,1,1,19.27,2659
300,-0.5281059264406689,-0.6216867914263453,-0.19255749580446477,0.4935902165257675,1,2,1,1,13.564153,3747
301,-0.7686270880424909,-0.956957449849468,1.2208441571589705,1.7339971659064137,1,2,0,0,10.420847,627
302,-0.5647051995375678,-0.6124031222193024,-0.011910674703989956,-0.04434822207692752,1,2,0,2,13.085847,3331
303,-0.4993466656418284,-0.48429070019410153,0.36724421528306284,-0.7594047894655164,1,2,0,2,13.94,3669
304,-0.3084977388199825,-0.3329746377312735,0.273945518191769,-0.4620437529097797,1,2,2,2,16.434153,4068
305,-0.38169942227360354,-0.35862736690687286,0.44069496404762837,-1.0062640082834906,1,2,1,2,15.4775,4186
306,-0.2849682901463374,-0.30039511842026395,0.36128887793106784,-0.4493641097918697,1,2,1,2,16.741653,3974
307,-0.3006545892621006,-0.3097230482671499,-0.017866012055984933,0.9240468007052159,1,2,1,1,16.536653,4046
308,-0.5411757508639228,-0.6030899459190309,-0.5101723117309427,0.08229556492338533,1,2,0,2,13.393347,3926
309,-0.4732038795354972,-0.4610723062098601,0.5161276490829373,-0.9048828328724327,1,2,0,2,14.281653,3649
310,-0.32679737536843184,-0.31902147102080713,0.6312657593114677,-1.2593144749930674,1,2,0,2,16.195,4035
311,-0.2849682901463374,-0.2770660728364154,0.45459233929224413,-1.1391071841982745,1,2,2,2,16.741653,4205
312,-0.31111107625266865,-0.28874719336828086,0.6292790587708419,-1.20873022939876,1,2,1,2,16.4,4109
313,-0.3738562727157218,-0.4191611686653111,0.8913139022586208,0.0823464463163143,1,2,1,1,15.58,2933
314,-0.5490189004218046,-0.6659289893359522,-0.8575685786872768,1.3605684469218027,1,0,1,2,13.290847,3368
315,-0.44705795616934285,-0.47736022167203807,-0.34937820322707824,0.31634997239684437,1,0,0,2,14.623347,4067
316,-0.18300734589387588,-0.2095538435294172,-0.8000019057079525,1.025219362405265,1,2,0,2,18.074153,3717
317,0.0967327007571778,0.13738318187895643,-0.18660215845246977,1.2783542922271038,1,2,0,2,21.73,4486
318,0.0967327007571778,0.07455889200864935,0.2977668675997489,0.18986900585390418,1,2,2,1,21.73,4195
319,-0.1333319738540765,-0.1304822104501215,1.4471469765347795,-0.44924199444884,1,2,1,0,18.723347,1817
320,-0.4941168535166328,-0.6054246946707424,-0.24020019462042458,1.2657967644522239,1,2,1,1,14.008347,3053
321,-0.7058818915794376,-0.7916882206761737,-1.0302733618951312,-0.12661325816455563,1,2,1,2,11.240847,3392
322,-0.5333326013060412,-0.6007699507139334,-0.5915650983881283,0.4428818203327135,1,2,0,2,13.495847,3663
323,-0.11241899987294099,-0.11178209011650674,0.27791415500313815,0.05062698596436781,1,2,0,1,18.996653,3520
324,-0.162091234652917,-0.15602797641276733,1.35186157890286,-0.4367760531812319,1,2,0,0,18.3475,2765
325,-0.2588223667801831,-0.24221081896015148,1.601985747686649,-0.6327915313009609,1,0,2,0,17.083347,1607
326,-0.18300734589387588,-0.20960179255591366,0.6272971225000985,1.5757967390115268,1,2,1,1,18.074153,2566
327,-0.3947723839566806,-0.42377165198227723,-0.36724421528306317,-0.13911990454650694,1,2,1,2,15.306653,1495
328,-0.3895425718314851,-0.3935268814229795,0.08337472292792969,-0.8352608052998058,1,2,1,2,15.375,2792
329,-0.38692923439879895,-0.3772389659608018,0.26402154402840483,-1.145382895202139,1,2,0,2,15.409153,3068
330,-0.1254888242961949,-0.11642208052670164,0.3434228658750829,0.2847220985521698,1,2,0,2,18.825847,3071
331,0.013526295727522784,0.010170726197227338,0.5564333722812395,-0.3953789518941871,1,2,0,2,20.642598,3867
332,-0.12810529898870418,-0.1327431914687615,0.9746886251865505,0.7847640757013363,1,2,2,1,18.791653,2914
333,-0.5464055629891184,-0.6496853345136172,-0.061540074060575246,0.9177273317034327,1,2,1,2,13.325,3613
334,-0.5856213107785266,-0.6705874216794149,-0.48436902605221865,0.39873712382750187,1,2,1,2,12.8125,3727
335,-0.5803914986533312,-0.5751356634716017,-0.0019867005406254646,-0.8163512444316676,1,2,1,2,12.880847,3940
336,-0.627450396000621,-0.6519610690788716,-0.0635220103313193,-0.8669344723981164,1,2,0,2,12.265847,3614
337,-0.5281059264406689,-0.5099729364629296,0.7126537816987716,-0.9872689666752317,1,2,0,2,13.564153,3485
338,-0.3555566361672723,-0.34464100471652453,0.9568226131305656,-1.2086030259164375,1,2,0,1,15.819153,3811
339,-0.11503233730562715,-0.11420904853455781,1.5404456736260734,0.5251773852560988,1,2,2,0,18.9625,2594
340,-0.279738478021142,-0.3213267126792902,1.6397044723392447,0.8670189355103787,1,2,1,0,16.81,705
341,-0.732027814945592,-0.8499020272295147,-0.22034748202381418,0.6012450676849729,1,2,1,2,10.899153,3322
342,-0.6535963193667753,-0.6263710424763829,0.331512191171093,-0.9999038341673641,1,2,1,2,11.924153,3620
343,-0.7032685541467515,-0.814958252073565,-0.5657570484395229,0.5316698509938408,1,2,0,2,11.275,3190
344,-0.8732045069874619,-0.8638588823266344,-0.6491317713674526,-1.1645051402927207,1,2,0,2,9.054153,2743
345,-0.8183024600822901,-0.8010013969764452,0.2124054441311934,-1.1959671407964465,1,2,0,2,9.771653,3310
346,-0.6797391054731066,-0.6868753371415927,-0.17270478320785435,-0.4113760618310687,1,2,2,2,11.5825,3523
347,-0.5699350116627633,-0.5495788323489953,0.17866012055984934,-1.2213233741486909,1,2,1,1,13.0175,3740
348,-0.24052273023173348,-0.27709926831629755,0.037718724652595334,0.8860180476300719,1,2,1,1,17.3225,3709
349,-0.3895425718314851,-0.47041498960336015,-0.5995023720108673,0.8100317754298844,1,2,1,1,15.375,3577
350,-0.7555572636192369,-0.8778120490371008,-0.31166424284436434,0.6328831178082331,1,2,0,1,10.591653,2739
351,-0.8183024600822901,-0.8917984112274492,-0.1905707952638393,-0.11393361504664562,1,2,0,2,9.771653,2431
352,-0.698038742021556,-0.761399189477033,0.0535980361679548,-0.08221415469469885,1,2,0,2,11.343347,3403
353,-0.3555566361672723,-0.3353130748696385,-0.14689673325924898,-1.2150904035148864,1,2,2,1,15.819153,3750
354,-0.22222309368328413,-0.21889652692291744,1.10570604693044,0.4113760618310687,0,2,1,1,17.561653,2660
355,-0.2379093927990473,-0.2258897080180916,0.6253104219594727,-1.360568446921803,0,2,1,1,17.356653,3068
356,-0.3947723839566806,-0.4051748064749628,0.2858561928957589,0.949151679976391,0,2,1,2,15.306653,2209
357,-0.6169939090100532,-0.6938685182367669,-0.3990076025836635,0.09493450292695209,0,2,0,2,12.4025,1011
358,-0.7039493395283757,-0.764984301304306,0.262292114061385,-0.2634027949149136,0,0,0,2,11.266103,754
359,-0.556636167272419,-0.6337736344901037,-0.5683440469852294,0.595210534483592,0,2,0,2,13.191299,1317
360,-0.5464055629891184,-0.5891515327551788,0.6491317713674526,0.07606768242887428,0,2,2,1,13.325,1162
361,-0.6275664746140778,-0.7649363522778094,-0.5828464845048076,1.1497770122954887,0,2,1,2,12.26433,2302
362,-0.7869298618507635,-0.8242529864405688,-0.2481374682431636,-0.6264822385777634,0,2,1,2,10.181653,2423
363,-0.5882346482112127,-0.6216867914263453,0.04962939935658529,-0.47460128068466,0,2,1,2,12.778347,2999
364,-0.279738478021142,-0.2701503478609662,-0.04962939935658529,0.39869641871315864,0,2,0,2,16.81,2485
365,-0.40522887094724847,-0.4121532340235227,0.31563287965573383,0.11389290993230239,0,0,0,2,15.17,2294
366,-0.7094081716206613,-0.8669940109821714,-1.1669888504174093,1.513110862922983,0,2,0,2,11.194763,1951
367,-1.0954260320408344,-1.33183769254531,-0.8813899280952567,1.8795179496833903,0,2,2,2,6.15,2236
368,-1.2287595745248228,-1.3574277191477986,-1.0084387130277768,0.03790663773211457,0,2,1,1,4.4075,2368
369,-0.732027814945592,-0.7706976122306902,-0.4863509623229627,-0.5188680925329011,0,2,1,2,10.899153,3272
370,-0.5176463021902779,-0.542552455773939,-0.40099430312428896,-0.13297343228068212,0,2,1,2,13.700847,4098
371,-0.33202718749362725,-0.3562446691286648,-0.45061893821099286,-0.06326592396793458,0,2,0,2,16.126653,4521
372,-0.50718981519971,-0.5425856512538212,-0.7682385184073521,0.10753273581617563,0,2,0,2,13.8375,3425
373,-0.8627448827370708,-0.8847904765856606,0.35930694166032445,-0.8352180649297456,0,2,0,1,9.190847,2376
374,-0.5975554471457994,-0.6216351540131954,0.09658127903971345,0.06692938425882348,0,2,2,2,12.656536,3598
375,-0.7058818915794376,-0.7544355154750874,1.0540947113031112,-0.5063105647580207,0,2,1,1,11.240847,2177
376,-0.3660131231578402,-0.3888536955329026,0.8416892671719177,-8.141022868646821e-05,0,2,1,1,15.6825,4097
377,-0.7058818915794376,-0.8778452445169829,-0.5657570484395229,2.0060803264550167,0,2,1,2,11.240847,3214
378,-1.0013082373462547,-1.1222930699825264,-0.803970542519322,0.06317433746066237,0,2,0,2,7.38,2493
379,-1.0431373225683491,-1.201453224341508,-0.9865992998905408,0.7152193878459614,0,2,0,2,6.833347,2311
380,-0.969935639114728,-1.0943498526950584,-0.49429300021558314,0.5127114439884904,0,2,0,2,7.79,2298
381,-0.3956821893053949,-0.4539906038350002,0.4280077133529382,1.7111921255956302,0,2,2,1,15.294763,2935
382,-0.6143805715773671,-0.7823455372826734,-0.8714659539318922,2.385869219555754,0,2,1,2,12.436653,3376
383,-0.969935639114728,-1.0966550943535414,-0.6133997472554827,0.39873712382750187,0,2,1,2,7.79,3292
384,-0.8836609939780297,-0.9826101790250674,-0.8397025666312918,0.22158846620585096,0,2,1,1,8.9175,3163
385,-1.0222243485872133,-1.152582101181667,0.9766753257271764,0.4240149998346354,0,0,0,1,7.106653,1301
386,-1.0562102842514263,-1.199147982683025,0.809925879871317,0.18991988724683317,0,2,0,1,6.6625,1977
387,-0.8810476565453434,-0.9010968339811064,1.357816916254855,-0.7150565673885888,0,2,0,1,8.951653,2432
388,-0.49150351608394666,-0.5099434293697008,0.9985099745945305,-0.5821645453365931,0,2,2,2,14.0425,4339
389,-0.6431366951163844,-0.7101748756322127,0.08337472292792969,-0.20254864897181418,0,2,1,2,12.060847,4270
390,-0.4941168535166328,-0.484338649220598,0.6828770949387967,-1.0947559092377712,0,2,1,1,14.008347,4075
391,-0.2326795806738519,-0.2654956039041573,0.547891036383538,1.6454228370955881,0,2,1,1,17.425,3456
392,-0.5751648237879587,-0.5937767696187591,-0.395038965772294,0.3038026209005498,0,2,0,2,12.949153,4023
393,-0.6797391054731066,-0.7916882206761737,-1.5007450127027344,0.6011636574562864,0,2,0,2,11.5825,3243
394,-0.721568190695201,-0.8289261723306456,-1.0739474238997215,0.3543074915218879,0,2,0,2,11.035847,3624
395,-0.34248367448419514,-0.39114418364477144,-0.9985099745945308,0.8226707134334509,0,2,2,2,15.99,4509
396,-0.09411622606466825,-0.07681618464063594,-0.5637703478988975,0.0823464463163143,0,2,1,2,19.235847,4579
397,-0.3137244136853548,-0.3260294056625956,0.22233418256443999,0.0632150425750056,0,2,1,1,16.365847,3761
398,-0.5830079733458404,-0.6566010594890663,-0.4744402876189728,-0.025226994614204565,0,2,1,2,12.846653,4151
399,-0.7372544898109643,-0.7916734671295593,0.7305197937547565,-0.6012043625706296,0,2,0,1,10.830847,2832
400,-0.732027814945592,-0.8219329912354714,0.29379823078837974,-0.05066769107871104,0,2,0,1,10.899153,2947
401,-0.679397144152383,-0.7042550150532281,-0.019419164037385327,-0.2765403705691846,0,2,0,2,11.586969,3784
402,-0.4549011057272246,-0.4656975430734405,-0.6193550846074777,-0.34188225536862304,0,2,2,2,14.520847,4375
403,-0.7607839384846093,-0.8149250565936829,0.4605476766442391,-0.4808698682935143,0,2,1,1,10.523347,2802
404,-0.7346411523782781,-0.8312756746289716,-0.30570890549236934,0.13292255088775312,0,2,1,2,10.865,3830
405,-0.684968917598302,-0.7148333079756752,-0.41091827728765346,-0.6517499383063111,0,2,1,1,11.514153,3831
406,-0.8627448827370708,-1.0198296887462714,0.5002483375675781,1.107392811985621,0,2,0,0,9.190847,2169
407,-1.1660143780617696,-1.4226347067963139,-0.7702252189479776,2.32260329558782,0,2,0,2,5.2275,1529
408,-0.8679746948622663,-0.956957449849468,-1.0243180245431363,-0.13933360639680886,0,2,0,2,9.1225,3422
409,-0.5647051995375678,-0.5658667478111733,-0.559801711087528,-0.40497518260059895,0,2,2,1,13.085847,3922
410,-0.4732038795354972,-0.5006450066160436,-0.4526056387516183,0.006360174116126484,0,2,1,2,14.281653,4169
411,-0.5725483490954495,-0.579823602908293,0.6034757730921185,-0.9112857473586197,0,2,1,1,12.983347,3005
412,-0.4888901786512605,-0.5006450066160436,0.03970066092333938,0.25309422470749554,0,2,1,2,14.076653,4154
413,-0.4784305544008695,-0.48664389087908105,-0.43672632723625887,0.10129467704307858,0,0,0,2,14.213347,4318
414,-0.6875822550309881,-0.8172598053453944,-0.5260563875161836,0.7340862083440398,0,2,0,1,11.48,2689
415,-0.6875822550309881,-0.7892170016182799,-0.5642038964581225,0.4895604102057898,0,2,0,2,11.48,3129
416,-0.6630300596549955,-0.7090978667293695,-0.1519897377626749,0.2517814847699271,0,2,2,2,11.800866,3777
417,-0.3241840379357457,-0.3492809951267192,-0.2779141550031385,0.544390199226094,0,2,1,2,16.229153,4773
418,-0.1411751234119581,-0.1583000225913682,-0.3414409296043392,0.1011318565857059,0,2,1,2,18.620847,5062
419,-0.28758162757902356,-0.281768765819721,0.530025024327553,0.5758959577277386,0,2,1,1,16.7075,3487
420,-0.6535963193667753,-0.8545604595729772,-1.0977687733077013,2.449094438409346,0,2,0,2,11.924153,2732
421,-0.6901955924636743,-0.8079650709783909,-1.0302733618951312,0.2468154608200555,0,2,0,2,11.445847,3389
422,-0.41568535793781636,-0.47731596103219504,-0.6451631345560831,0.8859264611227994,0,2,0,2,15.033347,4322
423,-0.43921480661146123,-0.49365182552086945,-1.0977687733077013,0.12661325816455563,0,2,2,2,14.725847,4363
424,-0.04183065385200582,-0.04423666532962635,-0.051611335627329336,0.4682309302899475,0,2,1,2,19.919153,4990
425,-0.45751758041973384,-0.4703522870302494,0.14689673325924865,-0.3670685448684844,0,2,1,1,14.486653,3194
426,-0.2666655163380647,-0.2724703430660635,-0.023821349407979912,-0.20246723874312772,0,2,1,1,16.980847,4066
427,-0.5437922255564323,-0.679930105072915,-1.0620367491957314,1.563035685664931,0,2,0,2,13.359153,3423
428,-0.8026161609665269,-0.9080568195963985,-0.5717123857915178,0.48727074752398425,0,2,0,2,9.976653,3333
429,-0.7555572636192369,-0.8568952083246888,-0.8079391793306915,0.20250794385747095,0,2,0,2,10.591653,3956
430,-0.29803811456959134,-0.37719101693430535,-0.5379670622201734,1.677091416054606,0,2,2,2,16.570847,4916
431,0.0888895511992962,0.1373536747857279,-0.279900855543764,2.6518160841171183,0,2,1,2,21.6275,5382
432,-0.27712514058845583,-0.3329930796645412,-1.0441707371397466,2.3794683403252845,0,2,1,1,16.844153,4569
433,-0.6640528063573432,-0.7730766216222448,-1.3141428542502647,0.4556428736793097,0,2,1,2,11.7875,4118
434,-0.4311457743463126,-0.47098668953466405,-0.7112721434331088,0.4234553045124162,0,2,0,2,14.831299,4911
435,-0.10195937562254985,-0.10243571833635305,-0.6531004081788221,0.27209333682718906,0,2,0,2,19.133347,5298
436,0.20653679456752094,0.20494336021245133,-0.041687361463964845,0.5696171938402985,0,2,0,2,23.165,5847
437,0.23006624324116598,0.2259229034979738,-0.5677437489801483,-0.6707490504260045,0,2,2,2,23.4725,6312
438,0.18300734589387616,0.16767590146475064,-0.22233418256443965,-0.31640085378977334,0,2,1,2,22.8575,6192
439,-0.19869364500963907,-0.18860749572377666,1.0282866613545054,-0.6897786913814552,0,2,1,1,17.869153,4378
440,0.04706046597720153,0.06521620861514936,0.6173683840668519,-0.715097272502932,0,2,1,1,21.080847,7836
441,-0.0836597390741005,-0.08617730996740389,0.8754345907432618,-0.5504552612632324,0,2,0,1,19.3725,5892
442,0.14379159810446765,0.16766114791813638,0.4883376628635882,-0.18986900585390418,0,2,0,2,22.345,6153
443,0.1934638328844439,0.18872921248334468,0.8655106165798976,-0.6075645366867564,0,2,0,2,22.994153,6093
444,0.10196251288237324,0.09550523981428988,0.9290326269112166,-0.9302818065947372,1,2,2,1,21.798347,6230
445,0.17255085890330812,0.163035911054556,0.9766753257271764,-0.645308353961498,1,2,1,2,22.720847,6871
446,0.3215707005030598,0.3050387972171125,0.3235749175483546,-0.658150817536781,1,2,1,1,24.668347,8362
447,0.010458055620479448,-0.002329216171731293,1.2347415324035862,0.12016149754115665,1,2,1,1,20.6025,3372
448,-0.19346383288444363,-0.18396381692692831,1.2129021192663496,0.4050158877149422,1,2,0,1,17.9375,4996
449,-0.1673210467781124,-0.17930907297011944,-0.7066984443467769,2.094746241773115,1,2,0,2,18.279153,5558
450,-0.5516353751143138,-0.6333347164783285,-1.601985747686649,0.06326592396793458,1,2,0,2,13.256653,5102
451,-0.047057328717378145,-0.06054302272507225,-0.6908191328314174,1.1264733343340008,1,2,2,2,19.850847,5698
452,-0.015684730485851766,-0.018665080660405443,-0.8913139022586212,1.4111954328861707,1,2,1,2,20.260847,6133
453,-0.40522887094724847,-0.4121532340235227,-0.21637884521244466,-0.4366437615596165,1,2,1,1,15.17,5459
454,-0.23529291810653805,-0.24216655832030873,0.5339936611389222,0.7086963932724623,1,2,1,1,17.390847,6235
455,-0.23006624324116573,-0.25847291571575437,0.2382134940797991,-0.08861503392516884,1,2,0,1,17.459153,6041
456,-0.20471718387009222,-0.22075547379631805,-0.5807740271063133,1.3347614044282075,1,2,0,2,17.790433,5936
457,-0.10195937562254985,-0.09546097917444685,-1.0937953722264504,-0.822670713433451,1,2,0,2,19.133347,6772
458,0.1333351111138999,0.1699811431232337,-0.7464038695399977,0.0,1,2,2,2,22.208347,6436
459,-0.20130698244232523,-0.2072928625107769,-1.20099144456236,0.3923362445970322,1,2,1,2,17.835,6457
460,-0.3006545892621006,-0.35628892976850757,-1.187098833587626,1.2151799547664417,1,2,1,2,16.536653,6460
461,-0.19346383288444363,-0.2258602009248628,-1.772703830353878,0.9555118540925178,1,2,1,2,17.9375,6857
462,0.0026149060625978533,0.018665080660405706,-1.6694811590992193,0.5253096768777142,1,2,0,2,20.5,5169
463,-0.031371029601614954,-0.039563479439549507,-1.4709683259427595,1.8034502672545163,1,2,0,2,20.055847,5585
464,-0.16470457208560316,-0.1885927421771624,-0.9111666148552316,0.6960574552688953,1,2,0,2,18.313347,5918
465,-0.4720650542196928,-0.5535917970280825,-0.7464896263978665,1.1631384660786472,1,2,2,2,14.296536,4862
466,-0.3189542258105502,-0.3679552967537588,-0.7622831810553572,1.1138343963304336,1,2,1,2,16.2975,5409
467,-0.17777753376868044,-0.20491385311922256,-1.0382153997877517,-0.2595358090523088,1,2,1,2,18.1425,6398
468,-0.013071393053165336,0.002329216171731293,-0.5875916973068773,0.10117256170004915,1,2,1,2,20.295,7460
469,0.33725699961882294,0.3190841735939181,-0.5637703478988975,0.44932340467752646,1,2,0,2,24.873347,7132
470,0.5176494394501012,0.47049244572308535,-0.3076908417631134,1.0568472362499393,1,2,0,2,27.230847,6370
471,0.3424836744841953,0.40986274591165417,-1.1235720589864253,0.9428729160889507,1,2,0,2,24.941653,6691
472,-0.11241899987294099,-0.11185585784957829,-0.2719588176511435,-0.13293272716633886,1,2,2,1,18.996653,4367
473,-0.0026149060625975814,0.02095556877227451,-0.06550871087194475,-1.1707381109265247,1,2,1,2,20.431653,6565
474,0.08627621376661004,0.10478890902133284,0.325556853819098,-0.31652296913280303,1,2,1,2,21.593347,7290
475,0.22222309368328438,0.20491385311922256,0.2699768813803998,1.0442082982463727,1,2,1,2,23.37,6624
476,-0.3215675632432364,-0.36094736211197015,0.9965280383237871,1.6645440645583114,1,2,0,0,16.263347,1027
477,-0.5568620499796861,-0.6869232861680891,0.6689844839640633,1.246807828611116,1,2,0,1,13.188347,3214
478,-0.269281991030574,-0.3027483091052435,-0.8198498540346815,0.6961388654975817,1,2,0,2,16.946653,5633
479,-0.0705867773910232,-0.06287777147678382,-0.9449119384265761,-0.6327915313009609,1,2,2,2,19.543347,6196
480,-0.0026149060625975814,-0.01394763413048583,0.6213417851481035,-0.04426681184824105,1,2,1,1,20.431653,5026
481,-0.13071863642139034,-0.12808844751195264,-1.0739474238997215,1.6959582365526837,1,2,1,2,18.7575,6233
482,-0.3843127597062897,-0.405208001954845,-0.651118471908078,-0.5189902078759308,1,2,1,1,15.443347,4220
483,-0.12810529898870418,-0.13736842833234217,-0.18660215845246977,-0.6519636401566129,1,2,0,2,18.791653,6304
484,-0.10980252518043145,-0.10942889943152748,-0.267990180839774,-0.09501591315563856,1,2,0,1,19.030847,5572
485,0.3581699735999587,0.3306878380060584,0.1588074079632386,-0.253175634936182,1,2,0,1,25.146653,5740
486,0.20392345713483478,0.18637971018501884,0.8138945166826862,-0.4367353480668887,1,2,2,2,23.130847,6169
487,0.19085049545175775,0.18396750531358227,0.6769217575868016,-0.48112427525815943,1,2,1,1,22.96,6421
488,0.4026155335145624,0.3819416589441074,0.5201010501641888,-0.18354953685212094,1,2,1,2,25.7275,6296
489,0.38431589696611307,0.3586716275467159,0.6213417851481035,-0.2847628036665133,1,2,1,1,25.488347,6883
490,0.19869364500963935,0.21898873658925666,0.541935699031543,-0.31644155890411657,1,2,0,1,23.0625,6359
491,0.12026214943082285,0.14671480011249585,0.18064682110047514,0.5062291545293343,1,2,0,1,22.0375,6273
492,0.2588255040400065,0.2585798789287084,0.28386949235513315,1.1708215564109286,1,2,0,1,23.848347,5728
493,0.23790939279904758,0.24218131186692324,0.5617884116281537,0.3606167842450854,1,2,2,1,23.575,4717
494,0.020914542611047474,0.01629713642881192,-0.3533516043083292,1.354340564427292,1,2,1,2,20.739153,6572
495,0.10718918774774555,0.12344476871510457,-1.2665001554343047,0.5694849022186831,1,2,1,2,21.866653,7030
496,0.20392345713483478,0.21190703421439672,-0.694787769642787,-0.5886163059599918,1,2,1,2,23.130847,7429
497,0.35555663616727257,0.3609953111384669,-0.2382134940797991,0.44920128933449677,1,2,0,2,25.1125,6118
498,0.23267958067385214,0.23065510357450794,0.7781624925707163,0.32276102790589983,1,2,0,1,23.506653,2843
499,0.3529432987345864,0.32841210344080385,0.8019838419786962,-0.3417499637470076,1,2,0,1,25.078347,5115
500,0.4313747943134029,0.4005975186378789,0.3414409296043395,-0.5949357749617753,1,2,2,2,26.103347,7424
501,0.29542477713690546,0.31442942963710896,-0.5062036749195731,0.4935495114114243,1,2,1,2,24.326653,7384
502,0.20392345713483478,0.2351586236785203,-0.49032436340421365,-0.4493641097918697,1,2,1,2,23.130847,7639
503,0.31634088837786434,0.2933871837784758,-0.809925879871317,-0.9870990228228489,1,2,1,2,24.6,8294
504,0.3816994222736038,0.3563073717017758,-0.45657427556298785,0.7468574379692218,1,2,0,2,25.454153,7129
505,0.31111107625266865,0.2888098959413916,0.8813899280952567,0.5314968542578821,1,2,0,1,24.531653,4359
506,0.3633997857251542,0.34471846083624974,0.6650110828828117,-0.6391517054170875,1,2,0,1,25.215,6073
507,0.38431589696611307,0.3586863810933301,0.7066984443467765,-0.8036716013137576,1,2,2,1,25.488347,5260
508,0.4888901786512608,0.4401554654974484,0.4307709898842642,-0.08221415469469885,1,2,1,2,26.855,6770
509,0.5673216742300773,0.516980871104718,0.575681022602887,-0.4113760618310687,1,2,1,2,27.88,6734
510,0.6065374220194855,0.5729226314794581,0.5062036749195731,0.18334601128040476,1,2,1,2,28.3925,6536
511,0.5986942724616039,0.568234692042767,0.3374675285230879,0.3479880225201044,1,0,0,2,28.29,6591
512,0.6692826184825388,0.7079323365468407,0.2382134940797991,0.15820042689488667,1,2,0,2,29.2125,6043
513,0.7006552167140655,0.6846659935361027,0.27791415500313815,1.1644206771804582,1,2,0,2,29.6225,5743
514,0.4941199907764562,0.4564913299861228,0.20843680731982422,-0.4746826909133465,1,2,2,1,26.923347,6855
515,0.5673216742300773,0.5309967403882951,-0.6352343961228372,0.1455614888913199,1,2,1,2,27.88,7338
516,0.4862768412185746,0.44481020945425725,0.6153864477961085,0.5758552526133957,1,2,1,1,26.820847,4127
517,0.2640521789053788,0.2911003840532604,-0.36724421528306317,0.05685486845887885,1,2,1,2,23.916653,8120
518,0.32418403793574596,0.32372416400411275,-0.6332524598520931,0.031668578959017514,1,2,0,2,24.7025,7641
519,0.3084977388199825,0.3353425819628673,-0.663029146612068,1.0568879413642829,1,2,0,2,24.4975,6998
520,0.13071863642139062,0.14210431679552973,-0.061540074060575246,0.29104156755395333,1,2,0,1,22.174153,7001
521,0.17255085890330812,0.20259385791412524,-0.07146404822393973,-1.0568065311355963,1,2,2,2,22.720847,7055
522,0.32418403793574596,0.30273355555862946,-0.2818875560843894,-0.24041458158958554,1,2,1,2,24.7025,7494
523,0.47059054210281115,0.4075575042531711,-0.7543411431627367,-0.056905749851808095,1,2,1,2,26.615847,7736
524,0.6640528063573433,0.5938394721918698,-0.9012426406918671,-0.3733473087559244,1,2,1,2,29.144153,7498
525,0.7137281783971428,0.6497185299934992,-0.4188603151802739,-0.4808698682935143,1,2,0,2,29.793347,6598
526,0.69542540458887,0.6357174142565367,-0.18262875737121884,0.27209333682718906,1,2,0,1,29.554153,6664
527,0.48366036652606537,0.4076054532796676,0.9865992998905405,0.3416278484039779,1,2,0,1,26.786653,4972
528,0.49150351608394693,0.45644706934627977,-0.2104235078604497,1.6516507195900996,1,2,2,2,26.889153,7421
529,0.4679740674103019,0.5053772066925778,-0.2699768813803995,0.7404056773458231,1,2,1,2,26.581653,7363
530,0.4392179438712845,0.414535931801731,-0.17469148374847981,-0.04434822207692752,1,2,1,2,26.205847,7665
531,0.41568849519763973,0.39592433274780203,-0.5816363599548824,-0.14560219400566313,1,2,1,2,25.898347,7702
532,0.2928114397042193,0.31207623895212944,-0.1310174217438895,-0.3670685448684844,1,2,0,2,24.2925,6978
533,0.21699328155808897,0.2119992438807362,0.7225825201320182,-0.06338803931096428,1,2,0,1,23.301653,5099
534,0.5934644603364084,0.6171685177757187,0.30372220495174385,-0.33538978963088084,1,2,0,2,28.221653,6825
535,0.8888908061032256,0.8616458503344908,-0.16278080904448985,-0.6834693986582577,1,2,2,2,32.0825,6211
536,0.9620924895568463,0.9780771518278264,-0.2779141550031385,-0.63284241269389,2,2,1,2,33.039153,5905
537,0.8732045069874621,0.873249514746631,-0.25012416878378907,0.018999112119693254,2,2,1,2,31.8775,5823
538,0.7294144775129059,0.6101605831339303,-0.43672632723625887,-0.012761053346596472,2,2,1,2,29.998347,7458
539,0.7660137506098049,0.6893207374929116,-0.7007431069947819,-0.36074907586670085,2,2,0,2,30.476653,6891
540,0.6797391054731068,0.6147710664508964,-0.5816363599548824,1.2151290733735127,2,2,0,2,29.349153,6779
541,0.4130720205051304,0.3959095792011878,-1.204964845643611,1.6960498230599563,2,2,0,2,25.864153,7442
542,0.6222237211352489,0.5658999432910554,-1.2684868559749303,0.924006095590873,2,2,2,2,28.5975,7335
543,0.7843165244180776,0.6939607279031061,-0.9707199883751814,-0.09489379781260886,2,2,1,2,30.715847,6879
544,1.0509836093860543,1.1037441735017084,-0.6550871087194475,-0.15832254223791636,2,2,1,2,34.200847,5463
545,0.8339887591980536,0.7382066141993667,-0.11910674703989955,-0.20254864897181418,2,2,1,2,31.365,5687
546,0.9934650877883733,0.9710212681595415,-0.5121590122715681,-0.12665396327889886,2,2,0,2,33.449153,5531
547,0.8862774686705391,0.791798872275781,-0.8535999418759073,0.1454393735482902,2,2,0,2,32.048347,6227
548,0.8836609939780299,0.7940561649077676,-0.639207797204088,-0.5570291372296607,2,2,0,2,32.014153,6660
549,0.909806917344184,0.903553299492386,-0.41687361463964845,-0.46836322191156293,2,0,2,2,32.355847,7403
550,1.0300674981450955,1.0106271640456075,-0.8019838419786965,0.13284114065906666,2,2,1,2,33.9275,6241
551,1.0326808355777812,0.9780439563479442,-0.8357339298199223,-0.3544703119792608,2,2,1,2,33.961653,6207
552,1.1372582545227523,1.1712416492620925,-0.639207797204088,-0.1772809492432664,2,2,1,2,35.328347,4840
553,1.0143811990293317,1.1176973402121746,-0.25012416878378907,-0.5632163146098289,2,2,0,2,33.7225,4672
554,0.6640528063573433,0.6148153270907392,0.27195881765114316,0.0,2,2,0,1,29.144153,6569
555,0.69542540458887,0.6544359765234194,0.19652613261583426,-0.29753403329169553,2,2,0,1,29.554153,6290
556,0.6823555801656161,0.6008621603802731,0.0337453235713444,-0.2975747384060385,2,2,2,2,29.383347,7264
557,0.6797391054731068,0.6171353222958366,-0.46054767664423873,-0.34802872763444764,2,2,1,2,29.349153,7446
558,0.7294144775129059,0.6660064454556774,-0.668984483964063,-1.0188998934034819,2,2,1,1,29.998347,7499
559,0.6405233576836983,0.6590317062937713,0.3473962669563345,-0.3795344861360925,2,2,1,1,28.836653,6969
560,0.7738569001676868,0.803446797327764,0.4367263272362592,-0.14560219400566313,2,2,0,2,30.579153,6031
561,0.8287589470728582,0.8732642682932453,0.08933006027992467,-0.17083936489845344,2,2,0,2,31.296653,6830
562,1.001308237346255,0.9896623743066987,-0.5736990863321434,-0.6771906347708174,2,2,0,2,33.551653,6786
563,0.9228767417674384,0.9524096691056128,-0.2342448572684296,-0.443003935675743,2,2,2,2,32.526653,5713
564,0.8496750583138171,0.8382872976574139,-0.12307538385126907,-0.15820042689488667,2,2,1,2,31.57,6591
565,0.5228761143154735,0.46348451108129696,1.038215399787752,0.2848543901737853,2,2,1,1,27.299153,5870
566,0.303267926694787,0.23069936421435072,1.1394561347716665,0.3289482052860679,2,2,1,0,24.429153,4459
567,0.528105926440669,0.5007372162823831,0.6491317713674526,-0.8858877912641737,2,2,0,1,27.3675,7410
568,0.7607870757444326,0.7474607763131812,0.3235749175483546,-0.4303751739507622,2,2,0,2,30.408347,6966
569,0.78954319928345,0.8080720341913444,0.1369727590958845,0.31016279501667626,2,2,0,2,30.784153,7592
570,0.7058850288392612,0.6148153270907392,-0.8397025666312918,-0.1646013061253564,2,2,2,2,29.690847,8173
571,0.870591169554776,0.929099065455032,-0.140941395907254,1.056684415792567,2,2,1,2,31.843347,6861
572,0.8862774686705391,0.9104874664011032,-0.15087013434049992,-0.2847628036665133,2,2,1,2,32.048347,6904
573,0.8052294983992134,0.7754445658538389,-0.061540074060575246,-0.24041458158958554,2,2,1,2,30.989153,6685
574,0.6980418792813793,0.6660064454556774,-0.011910674703989956,-0.10765485115920533,2,2,0,2,29.588347,6597
575,0.7267980028203966,0.7289081914457095,0.20248146996782926,-0.2784026295503866,2,2,0,2,29.964153,7105
576,0.671895955915225,0.6474280418816305,0.37121761636431444,-0.1582411320092299,2,2,0,2,29.246653,7216
577,0.6849689175983023,0.6637012037971944,0.2441688314317941,-0.40497518260059895,2,2,2,2,29.4175,7580
578,0.7947730114086454,0.810425224876324,0.1588074079632386,-0.5253096768777142,2,2,1,2,30.8525,7261
579,0.8366020966307398,0.8686242778830506,0.07741938557593471,0.3543074915218879,2,2,1,1,31.399153,7175
580,0.9228767417674384,0.973374458844521,-0.061540074060575246,0.7783123150779376,2,2,1,2,32.526653,6824
581,0.847061720881131,0.8989133090821915,0.12506208439189453,1.1137529861017477,2,2,0,2,31.535847,5464
582,0.7947730114086454,0.8220731499283076,0.1330041222845153,-0.5253096768777142,2,2,0,1,30.8525,7013
583,0.7424843019361601,0.7755072684269496,0.3692309158236886,-0.6519636401566129,2,2,0,1,30.169153,7273
584,0.7869298618507639,0.8127452200814212,0.22233418256443999,-0.7151379776172753,2,2,2,1,30.75,7534
585,0.8052294983992134,0.7824672540422416,-0.027789986219349423,-0.25313492982183877,2,2,1,2,30.989153,7286
586,0.6797391054731068,0.6660396409355597,0.4267975888030126,0.5885756008456489,2,2,1,1,29.349153,5786
587,0.6065374220194855,0.556586766990784,0.508190375460199,0.2595358090523085,2,2,1,1,28.3925,6299
588,0.6326802081258167,0.5798678635481358,-0.45657427556298785,-0.5949357749617753,2,2,0,2,28.734153,6544
589,0.69542540458887,0.6450600976500367,-0.3851102273390481,-0.4555207583362803,2,2,0,2,29.554153,6883
590,0.7137281783971428,0.698633913793183,0.28784289343638475,-0.12025308404842887,2,2,0,2,29.793347,6784
591,0.6509829819340894,0.6147526245176285,-0.031763387300600354,-0.11401502527533208,2,2,2,2,28.973347,7347
592,0.6901987297234977,0.6171537642291045,-0.5101723117309427,-0.39869641871315864,2,2,1,2,29.485847,7605
593,0.7032685541467516,-0.9035237923991575,-0.2640215440284045,0.5126707388741475,2,2,1,2,29.656653,7148
594,0.5620918621048818,0.48209611013522563,-0.10918277287653506,-0.03162787384467428,2,2,1,2,27.811653,7865
595,0.4287583196208936,0.4285518010853081,0.4069496404762843,-0.9619127333229874,2,2,0,1,26.069153,4549
596,0.4287583196208936,0.4005680115446504,0.5141457128121939,-0.5189495027615876,2,2,0,1,26.069153,6530
597,0.47059054210281115,0.4192238712384221,0.22630281937580915,-1.1011160833538978,2,2,0,2,26.615847,7006
598,0.528105926440669,0.496049276845692,0.2421821308911683,-1.1264295763360819,2,2,2,2,27.3675,7375
599,0.6169939090100536,0.5519430881939357,0.045655998275334356,-0.9807815890767825,2,2,1,2,28.529153,7765
600,0.6379100202510122,0.589166286301793,-0.0535980361679548,-1.1074762574700245,2,2,1,1,28.8025,7582
601,0.5098062898922197,0.4844013517937087,0.4129049778282793,0.6455118795332142,2,2,1,1,27.128347,6053
602,0.48366036652606537,0.4006749747576041,1.0461526734104902,0.48727074752398425,2,2,0,1,26.786653,5255
603,0.6405233576836983,0.6171537642291045,0.496279700756209,-0.5316291458794975,2,2,0,2,28.836653,6917
604,0.7189548532625151,0.6590612133869997,-0.02977668675997489,0.10125397192873561,2,2,0,2,29.861653,7040
605,0.5830079733458408,0.5472403952106303,-0.3533516043083292,-0.6961897468905108,2,2,2,2,28.085,7697
606,0.6509829819340894,0.6101126341074339,-0.1707180826672289,-1.0568909942478586,2,2,1,2,28.973347,7713
607,0.8313754217653675,0.7451850417479267,-0.1846154579118443,-0.12661325816455563,2,2,1,2,31.330847,7350
608,0.7973863488413315,0.7940709184543818,0.057566672979324315,-0.6898295727743842,2,2,1,1,30.886653,6140
609,0.6196103837025628,0.596174220943582,0.8992559401512417,-1.1896497070503802,2,0,0,1,28.563347,5810
610,0.6535963193667756,0.6427548559915536,0.7841178299227113,-0.3038026209005498,2,2,0,2,29.0075,6034
611,0.7111117037046335,0.7359198144741517,0.6133997472554827,0.5632163146098289,2,2,0,2,29.759153,6864
612,0.7451007766286694,0.817414717584845,0.547891036383538,0.06953451157678885,2,2,2,2,30.203347,7112
613,0.6196103837025628,0.6195180200740446,0.8774212912838876,-0.3923362445970322,2,2,1,1,28.563347,6203
614,0.6405233576836983,0.6264337450494938,0.524069686975558,-0.09493450292695209,2,2,1,2,28.836653,7504
615,0.5019631403343378,0.456461822892894,0.8238232551159328,1.0189405985178248,2,2,1,1,27.025847,5976
616,0.347713486609391,0.33771052619446107,-0.3751862531756836,0.4428818203327135,2,2,0,2,25.01,8227
617,0.2640521789053788,0.28876194691489515,-0.5836230604955078,0.7910835447031196,2,2,0,2,23.916653,7525
618,0.24575254235692917,0.24685449775700008,-0.5062036749195731,-0.9048828328724327,2,2,0,2,23.6775,7767
619,0.3137275509451782,0.30506830431034104,-0.2342448572684296,-0.4999503906418943,2,2,2,2,24.565847,7870
620,0.35555663616727257,0.3400452749461729,0.051611335627329336,-0.9998621114251623,2,2,1,2,25.1125,7804
621,0.42091517006301205,0.393619091089319,0.22034748202381418,-0.7847131943084074,2,2,1,2,25.966653,8009
622,0.3424836744841953,0.3633153063435642,-0.5935470346588724,0.6771906347708174,2,2,1,2,24.941653,8714
623,0.253595691914811,0.2794340170680094,-0.267990180839774,-0.9239216324786107,2,2,0,2,23.78,7333
624,0.25620902934749723,0.24227352153326248,0.5161276490829373,-0.2974831518987663,2,2,0,1,23.814153,6869
625,0.3895425718314854,0.28659686394924805,1.1732014583430106,1.7972529135957624,2,2,0,1,25.556653,4073
626,0.1673210467781127,0.1956301839121796,-0.42679758880301294,0.34802872763444764,2,2,2,2,22.6525,7591
627,0.14902141022966334,0.16534115271303906,-0.037718724652595334,-0.6391517054170875,2,2,1,2,22.413347,7720
628,0.3137275509451782,0.3120614854055152,0.20248146996782926,-0.2721747470558755,2,2,1,2,24.565847,8167
629,0.4732038795354973,0.4541270741411824,0.09727209817254545,1.0441675931320293,2,2,1,2,26.65,8395
630,0.09411936332449164,0.11643683407331615,-0.7583145442439877,0.4302835874434897,1,2,0,2,21.695847,7907
631,0.04706046597720153,0.0558735252216491,-0.6352343961228372,-0.39250924133299087,1,2,0,2,21.080847,7436
632,0.1594778972202311,0.20955384352941744,-0.267990180839774,0.5632163146098289,1,2,0,2,22.55,7538
633,0.42614498218820746,0.4029507093228584,0.021834648867354447,0.6454304693045277,1,2,2,2,26.035,7733
634,0.4732038795354973,0.4448581584807537,0.30769084176311307,-0.47455039929173104,1,2,1,1,26.65,7393
635,0.3764727474082312,0.36330055279694995,0.30372220495174385,-0.1709207751271399,1,2,1,1,25.385847,7415
636,0.13594844854658605,0.1583479716178649,-0.397020902043038,0.4745096941773878,1,2,1,2,22.2425,8555
637,0.08627621376661004,0.11175258302327848,-0.2044681705084547,-0.46828181168287675,1,2,0,2,21.593347,6889
638,0.06797343995833731,0.09086524940409524,0.10918277287653541,-0.9176031811046859,1,2,0,1,21.354153,6778
639,0.28758162757902384,0.20274508176692177,1.1692328215316414,-0.7784853118138961,1,2,0,0,24.224153,4639
640,0.49673332820914234,0.4122454436898622,0.798015205167327,-1.1644634175505189,1,2,2,1,26.9575,7572
641,0.49673332820914234,0.4448581584807537,0.4605476766442391,-0.6454711744188709,1,2,1,1,26.9575,7328
642,0.3633997857251542,0.3423652701512702,0.005955337351994978,-0.7594047894655164,1,2,1,2,25.215,8156
643,0.17255085890330812,0.1886849518435019,0.18064682110047514,0.8858450508941129,1,2,1,2,22.720847,7965
644,-0.26143884147269236,-0.24915605102882946,0.39106556469104276,-0.4051481793365576,1,2,0,1,17.049153,3510
645,-0.3633997857251539,-0.3679405432071443,0.3970209020430377,0.08857432881082561,1,2,0,1,15.716653,5478
646,-0.16470457208560316,-0.18166226365509897,0.6451631345560834,0.09489379781260886,1,2,0,1,18.313347,6392
647,0.04706046597720153,0.05819352042674642,0.021834648867354447,0.06966680319840429,1,2,2,2,21.080847,7691
648,-0.20130698244232523,-0.20727810896416263,-0.7761805562999726,0.00631946900178325,1,2,1,2,17.835,7570
649,-0.19346383288444363,-0.20025542077575997,-0.414886914099023,0.5507096682278773,1,2,1,2,17.9375,7282
650,-0.33202718749362725,-0.3539689345634103,-0.6272971225000982,-0.3544703119792608,1,2,1,2,16.126653,7109
651,0.07058991465084659,0.0768641336671324,0.06749541141257057,0.9935813122820047,1,0,0,2,21.388347,6639
652,0.1960803075769532,0.19100494704859922,0.38709692787967354,1.170902966639615,1,2,0,1,23.028347,5875
653,-0.09673270075717753,-0.09781048147277267,-0.32357491754835427,0.012679643117910004,1,2,0,2,19.201653,7534
654,-0.13594844854658578,-0.13741637735883838,0.3176195801963596,-0.8100724805442273,1,2,2,2,18.689153,7461
655,0.07320325208353275,0.0931704910625783,0.4863509623229624,0.5694849022186831,1,2,1,1,21.4225,7509
656,0.2013069824423255,0.18637971018501884,0.8992559401512417,-0.4683225167972197,1,2,1,1,23.096653,5424
657,-0.047057328717378145,-0.053564595176512346,-0.25409280559515857,-0.6455627609261432,1,2,1,2,19.850847,8090
658,-0.10980252518043145,-0.11410208532160432,-0.5538463737355329,-0.15184025277876018,1,2,0,2,19.030847,6824
659,-0.03660084172681039,-0.01631188997542618,-0.27593221873239443,-1.012455256175093,1,2,0,2,19.9875,7058
660,0.14117826067178146,0.15837747871109342,0.07345074876456553,-0.8795276171480471,1,2,0,2,22.310847,7466
661,0.27712514058845583,0.2631903622456745,0.047642698815959825,-1.101030602613777,1,2,2,2,24.0875,7693
662,0.1594778972202311,0.15610543253249257,0.8297785924679277,-0.5759773679564251,1,2,1,1,22.55,7359
663,0.1464049355371538,0.13051540593000371,0.861537215498646,-0.49363092164011074,1,2,1,1,22.379153,7444
664,0.0967327007571778,0.10242096478973906,0.44665030139962336,0.5568154353793588,1,2,1,1,21.73,7852
665,-0.06797343995833705,-0.07226840389678055,0.325556853819098,2.208588270312488,1,2,0,1,19.5775,4459
666,-0.18562068332656204,-0.17691162164529714,1.2089334824549804,1.8034909723688597,1,2,0,0,18.04,22
667,-0.5677954004633732,-0.6545244978031048,0.9490663817633278,0.32598690821759946,1,2,0,1,13.045462,1096
668,-0.4444446187366567,-0.46571229662005476,0.1925574958044651,-0.14560219400566313,1,2,2,1,14.6575,5566
669,-0.4183018326303256,-0.43309958182916325,-0.21240544413119375,-0.24045528670392877,1,2,1,1,14.999153,5986
670,-0.45228776829453843,-0.4843681563138265,-0.49627970075620864,0.8670189355103787,1,2,1,2,14.555,5847
671,-0.4888901786512605,-0.6031194530122594,-0.6431764340154577,0.911326452472963,1,2,1,1,14.076653,5138
672,-0.5437922255564323,-0.5821251561801224,-0.44466360085899787,-0.018999112119693524,1,2,0,2,13.359153,5107
673,-0.5647051995375678,-0.6612889989257574,-0.6292790587708422,0.5632570197241719,1,2,0,2,13.085847,5259
674,-0.684968917598302,-0.7590607523386678,-0.2818875560843894,-0.07593539080725883,1,2,0,2,11.514153,5686
675,-0.6379100202510121,-0.7846802860343851,-0.3751862531756836,1.2530357111056274,1,2,2,1,12.129153,5035
676,-0.46115366455476786,-0.5365625158485363,-1.394844821774619,1.698013844827016,1,2,1,2,14.439134,5315
677,-0.43137165705357955,-0.4866881515189238,-0.40694964047628396,0.3417499637470076,1,2,1,2,14.828347,5992
678,-0.3450970119168813,-0.3445967440766815,0.09131676082055047,-1.252997041247001,1,2,1,2,15.955847,6536
679,-0.24575254235692917,-0.24214811638704076,0.15682547169249522,-0.5441764973757921,1,0,0,2,17.254153,6852
680,-0.04444399128469199,-0.04419240468978358,0.5498777369241638,-0.0758946856929156,1,2,0,2,19.885,6269
681,-0.4888901786512605,-0.6054099411241283,0.17469148374848015,1.639103368093805,1,2,0,1,14.076653,4094
682,-0.6588229942321476,-0.759075505885282,-0.3533516043083292,0.18978759562521771,1,2,2,2,11.855847,5495
683,-0.5568620499796861,-0.6007367552340513,-0.027789986219349423,-0.28481368505944227,1,2,1,1,13.188347,5445
684,-0.4836603665260651,-0.5169661175581037,-0.48436902605221865,-0.10125397192873561,1,2,1,2,14.145,5698
685,-0.5464055629891184,-0.593762016072145,-0.3851102273390481,-0.012679643117910004,1,2,1,2,13.325,5629
686,-0.49150351608394666,-0.5518508785275962,0.3176195801963596,0.47459110440607427,1,2,0,2,14.0425,4669
687,-0.37124293528303565,-0.4121532340235227,-0.01389737524461542,0.5504552612632324,1,2,0,1,15.614153,5499
688,-0.39215590926417127,-0.393541634969594,0.279900855543764,-0.999819371055102,1,2,0,1,15.340847,5634
689,-0.45751758041973384,-0.45172593442970643,-0.05955337351994978,-0.7909919581958476,1,2,2,2,14.486653,5146
690,-0.4993466656418284,-0.5052849970262382,-0.21836078148318872,-1.3036240272113688,1,2,1,2,13.94,2425
691,-0.4104586830724439,-0.40050530897153963,-0.273945518191769,-0.3353490845165376,1,2,1,2,15.101653,3910
692,-0.6928120671561837,-0.8801320442421982,-1.0560814118437365,1.9934922698443793,1,2,1,2,11.411653,2277
693,-0.7947730114086453,-0.8475230178379601,-0.7523592068919926,-0.31012208990233303,1,2,0,2,10.079153,2424
694,-0.5830079733458404,-0.5472108881174015,-0.43275292615500793,-1.3669286210379294,1,2,0,2,12.846653,5087
695,-0.6509798446742661,-0.75909394781855,0.764269881595983,0.5758450763348096,1,2,0,1,11.958347,3959
696,-0.6352935455585027,-0.728834423712638,-0.5717123857915178,0.30372121067186336,1,0,2,2,12.163347,5260
697,-0.6848528389848454,-0.6968929952926968,-0.33634792510091327,-0.6660679622765353,1,2,1,2,11.51567,5323
698,-0.6300668706931304,-0.6030419968925345,0.11116470914727877,-1.2466368671308745,1,2,1,2,12.231653,5668
699,-0.6300668706931304,-0.6287242331613624,0.8595552792279026,-1.2340854451231458,1,2,1,1,12.231653,5191
700,-0.47581721696818335,-0.4726907241686147,0.9389566010745807,-0.5759366628420821,1,2,0,1,14.2475,4649
701,-0.1464049355371538,-0.11643683407331588,0.6729531207754325,-0.9998621114251623,1,2,0,2,18.5525,6234
702,-0.07320325208353247,-0.06753620382024642,0.5121590122715681,-0.06966680319840429,1,2,0,2,19.509153,6606
703,-0.19085049545175747,-0.21891496885618514,-0.6729531207754325,1.4556759465847136,1,2,2,2,17.971653,5729
704,-0.7634004131771186,-0.8452325297260914,-0.559801711087528,-0.06330662908227781,1,2,1,2,10.489153,5375
705,-0.5594785246721954,-0.6100831270142051,0.6570738092600734,-0.5126300337598043,1,2,1,1,13.154153,5008
706,-0.36862646059052634,-0.3609326085653559,1.357816916254855,-0.809991070315541,1,2,1,1,15.648347,5582
707,-0.3607833110326446,-0.3585794178803764,1.3300269300355059,-0.23405440747345904,1,2,0,1,15.750847,3228
708,-0.19869364500963907,-0.19101970059521348,1.4233256271267998,0.09497520804129533,1,2,0,1,17.869153,5170
709,-0.45751758041973384,-0.5495751439623416,-0.140941395907254,1.170902966639615,1,2,0,1,14.486653,5501
710,-0.6326802081258166,-0.7008912064251698,-0.4188603151802739,-0.18355971313070668,1,2,2,1,12.1975,5319
711,-0.6379100202510121,-0.7125096243839243,-0.668984483964063,-0.06966680319840429,1,2,1,2,12.129153,5532
712,-0.6823524429057927,-0.71249487083731,0.07940608611656051,-0.5062291545293343,1,2,1,2,11.548347,5611
713,-0.5490189004218046,-0.5495013762292703,0.11513811022853038,-0.7594047894655164,1,2,1,2,13.290847,5047
714,-0.4287583196208934,-0.4331143353757775,1.0124073498391462,-0.8164733597746971,1,2,0,1,14.8625,3786
715,-0.33202718749362725,-0.31670147581570984,1.3379642036582442,-0.841748182898255,1,2,0,1,16.126653,4585
716,-0.27712514058845583,-0.28642719816318357,0.1905707952638393,0.4114167669454119,1,2,0,2,16.844153,5557
717,-0.5228761143154733,-0.5355629630654182,-0.0039686368113695135,0.03171946035194649,1,2,2,2,13.6325,5267
718,-0.530719263873355,-0.5611788083744819,0.19851283315646007,-0.493671626754454,1,2,1,1,13.53,4128
719,-0.5411757508639228,-0.6845553419364954,-0.3315121911710933,1.9681736887229022,0,2,1,1,13.393347,3623
720,-0.732027814945592,-0.9267126792901702,-0.8813899280952567,2.3036143597467125,0,2,1,2,10.899153,1749
721,-0.7947730114086453,-0.8405593438360145,-0.5280383237869276,-0.4873623340312565,0,2,0,2,10.079153,1787
722,-0.8403542593792304,-0.8426654126152046,0.786361801036943,-1.055733951372653,0,2,0,1,9.483464,920
723,-0.6521186699900704,-0.7114879412808846,0.5170805030592569,-0.12464923639749573,0,0,0,1,11.943464,1013
724,-0.8026161609665269,-0.9849154206835504,0.9389566010745807,1.3796082641558394,0,2,2,0,9.976653,441
725,-0.7686270880424909,-0.9616453892861591,0.12704878493252034,1.7213989330171904,0,2,1,1,10.420847,2114
726,-0.7712435627350002,-0.8568804547780746,-0.17270478320785435,-0.2595358090523088,0,2,1,1,10.386653,3095
727,-0.7712435627350002,-0.9035237923991575,0.6034757730921185,-0.5758959577277388,0,2,1,1,10.386653,1341
728,-0.7634004131771186,-0.9429895295923874,-0.680895158668053,1.7277184020189735,0,2,0,2,10.489153,1796
729,-0.8888908061032252,-0.9732822491781815,-0.23225815672780414,-0.2658959831684352,0,2,0,1,8.849153,2729
