,yr,mnth,atemp,hum,windspeed,dteday,season,yr,mnth,holiday,weekday,weathersit,registered
0,-0.5,-1.0,-0.4563991203197833,0.855581878146651,-0.20890882308794095,2018-01-01,0,0,1,0,0,1,654
1,-0.5,-1.0,-0.4928625107770049,0.33272231572101857,0.6875500863711644,2018-01-02,0,0,1,1,1,1,670
2,-0.5,-1.0,-1.098989843105253,-0.900337429414364,0.6852095422964299,2018-01-03,0,0,1,1,2,2,1229
3,-0.5,-1.0,-1.0152007634960376,-0.17063232580936002,-0.21043526487581127,2018-01-04,0,0,1,1,3,2,1454
4,-0.5,-1.0,-0.9519523091605695,-0.9018429386969482,0.060294450620880104,2018-01-05,0,0,1,1,3,2,1518
5,-0.5,-1.0,-0.9374237541321458,-0.5144887402436686,-0.9302115902724953,2018-01-06,0,0,1,1,3,2,1518
6,-0.5,-1.0,-1.0273097368797173,-0.607701680477094,-0.12464923639749573,2018-01-07,0,0,1,1,0,1,1362
7,-0.5,-1.0,-1.1991332291364107,-0.4307709898842639,0.8734198147408484,2018-01-08,0,0,1,1,0,1,891
8,-0.5,-1.0,-1.3690903977463962,-0.9151352516666011,1.8416520170656192,2018-01-09,0,0,1,1,1,2,768
9,-0.5,-1.0,-1.2410554318409202,-0.682877094938797,0.4303751739507619,2018-01-10,0,0,1,1,2,2,1280
10,-0.5,-1.0,-1.0913954549855465,0.2863993196622606,-0.5988027608243804,2018-01-11,0,0,1,1,3,1,1220
11,-0.5,-1.0,-1.205702245766424,-0.12722982718802056,1.2583171996916585,2018-01-12,0,0,1,1,3,2,1137
12,-0.5,-1.0,-1.2410738737741882,-0.7424304684587467,1.221407837260953,2018-01-13,0,0,1,1,3,2,1368
13,-0.5,-1.0,-1.1026487226655972,-0.421275800010243,-0.5538643145894762,2018-01-14,0,0,1,1,0,2,1367
14,-0.5,-1.0,-0.882455727833949,-0.6074444099034877,-0.23417652281648874,2018-01-15,0,0,1,0,0,1,1026
15,-0.5,-1.0,-0.9337058603853443,-0.6789084581274275,0.0758946856929156,2018-01-16,0,0,1,1,1,2,953
16,-0.5,-1.0,-1.145588920086493,-0.42282895199164344,0.13271902531603696,2018-01-17,0,0,1,1,2,1,883
17,-0.5,-1.0,-0.9406547808406758,1.1215901227156817,-0.34802872763444764,2018-01-18,0,0,1,1,3,1,674
18,-0.5,-1.0,-0.6968929952926968,0.5502207643556386,0.2782398090930136,2018-01-19,0,0,1,1,3,1,1572
19,-0.5,-1.0,-0.8568657012314603,-0.4188603151802739,0.1519216630074464,2018-01-20,0,0,1,1,3,1,1844
20,-0.5,-1.0,-1.2154395865318564,-0.8059572430599474,1.7530369831404506,2018-01-21,0,0,1,1,0,2,1468
21,-0.5,-1.0,-1.50594945988188,-1.077916060711091,-0.09163738866515202,2018-01-22,0,0,1,1,0,2,888
22,-0.5,-1.0,-1.4330318999340705,-0.9039153960954425,0.6678182821932935,2018-01-23,0,0,1,1,1,2,836
23,-0.5,-1.0,-1.3626172791693756,-0.640846706043357,-0.2304418285754991,2018-01-24,0,0,1,1,2,2,1330
24,-0.5,-1.0,-0.9325661489093904,-0.04427436000967136,-0.5208117617427894,2018-01-25,0,0,1,1,3,1,1799
25,-0.5,-1.0,-1.0466331945577858,1.1255587595270509,1.1486474453724647,2018-01-26,0,0,1,1,3,0,472
26,-0.5,-1.0,-0.9872501694352621,0.2918115302477539,-0.6832149916936125,2018-01-27,0,0,1,1,3,2,416
27,-0.5,-1.0,-0.9739092749092889,0.7946468663610385,-0.5869168674361628,2018-01-28,0,0,1,1,0,1,1129
28,-0.5,-1.0,-1.0151860099494232,0.12143647501200015,-0.36237728044042944,2018-01-29,0,0,1,1,0,2,975
29,-0.5,-1.0,-0.8743043933295529,0.4570078241222129,-1.0887844689636224,2018-01-30,0,0,1,1,1,2,956
30,-0.5,-1.0,-1.1106267029972754,-0.1071960723359096,0.06326592396793458,2018-01-31,0,0,1,1,2,1,1459
31,-0.5,-0.8333333333333334,-0.9325513953627761,0.9686475309766874,-1.3001417046793073,2018-02-01,0,0,2,1,3,1,1313
32,-0.5,-0.8333333333333334,-0.8592004499831719,0.7106718454280282,0.8480198233906848,2018-02-02,0,0,2,1,3,1,1454
33,-0.5,-0.8333333333333334,-1.1415058760609877,-0.8977027881698413,0.9848297126982145,2018-02-03,0,0,2,1,3,2,1489
34,-0.5,-0.8333333333333334,-0.9544714772449598,-0.19549228605152782,-0.5407267389352051,2018-02-04,0,0,2,1,0,1,1620
35,-0.5,-0.8333333333333334,-0.9010968339811064,1.4431783397234104,-0.20246723874312772,2018-02-05,0,0,2,1,0,1,905
36,-0.5,-0.8333333333333334,-0.7217932935909672,-0.27593221873239443,-0.3986557135988154,2018-02-06,0,0,2,1,1,2,1269
37,-0.5,-0.8333333333333334,-0.677580602774589,0.5339936611389222,-1.3795645061579207,2018-02-07,0,0,2,1,2,2,1592
38,-0.5,-0.8333333333333334,-1.066380816701015,-0.42084225145101795,1.8416520170656192,2018-02-08,0,0,2,1,3,2,1466
39,-0.5,-0.8333333333333334,-1.2654172256877692,-0.6263442685237791,0.0800262547987513,2018-02-09,0,0,2,1,3,1,1552
40,-0.5,-0.8333333333333334,-1.2459978699567078,-0.8997752455683355,0.41682037087447305,2018-02-10,0,0,2,1,3,2,1491
41,-0.5,-0.8333333333333334,-1.010084971207532,-0.5711692590250158,-0.7370169765767508,2018-02-11,0,0,2,1,0,2,1597
42,-0.5,-0.8333333333333334,-0.938364292728807,-0.3910655646910431,0.22786723009329096,2018-02-12,0,0,2,1,0,2,1184
43,-0.5,-0.8333333333333334,-0.6021346537757555,-0.804489847936416,0.8131660692343115,2018-02-13,0,0,2,1,1,2,1192
44,-0.5,-0.8333333333333334,-0.32831989377446436,-1.193054170939621,2.411096214169959,2018-02-14,0,0,2,1,2,2,1705
45,-0.5,-0.8333333333333334,-0.8597278892746328,-1.4859853046095501,1.1234509795940175,2018-02-15,0,0,2,1,3,2,1675
46,-0.5,-0.8333333333333334,-0.6313208573654777,-0.9660605324309806,0.7206433443321946,2018-02-16,0,0,2,1,3,2,1897
47,-0.5,-0.8333333333333334,-0.2165322710779771,-0.5776677231435129,0.4999503906418943,2018-02-17,0,0,2,1,3,2,2216
48,-0.5,-0.8333333333333334,0.09080254683098452,-0.5220829864349326,0.8542985872781251,2018-02-18,0,0,2,1,0,2,2348
49,-0.5,-0.8333333333333334,-0.35393942747018176,-2.088336710009612,3.3224328429215073,2018-02-19,0,0,2,0,0,2,1103
50,-0.5,-0.8333333333333334,-0.7746884465898561,-1.0406308846177208,0.43004953303601634,2018-02-20,0,0,2,1,1,2,1173
51,-0.5,-0.8333333333333334,-0.7498102786115071,-0.10124073498391463,1.2910746404593574,2018-02-21,0,0,2,1,2,1,912
52,-0.5,-0.8333333333333334,-1.1114270829011008,-0.2309336897007205,0.14967270543998412,2018-02-22,0,0,2,1,3,2,1376
53,-0.5,-0.8333333333333334,-0.8912894138692561,-0.9681329898294749,-0.8839319105199824,2018-02-23,0,0,2,1,3,2,1778
54,-0.5,-0.8333333333333334,-0.730940492491828,0.3389349236466195,0.7074650635635803,2018-02-24,0,0,2,1,3,1,1707
55,-0.5,-0.8333333333333334,-0.5049530422274167,0.4093651253062531,1.6848253877798156,2018-02-25,0,0,2,1,0,1,1341
56,-0.5,-0.8333333333333334,-0.7567555106801848,-0.42084225145101795,0.056946454966151056,2018-02-26,0,0,2,1,0,2,1545
57,-0.5,-0.8333333333333334,-0.5025629676759015,0.25607950613578406,-0.5670934767510194,2018-02-27,0,0,2,1,1,2,1708
58,-0.5,-0.8333333333333334,-0.32179882617094746,1.1916105971654973,1.1062734213411825,2018-02-28,0,0,2,1,2,1,1365
59,-0.5,-0.6666666666666666,-0.8243009354670653,-0.4347396266956334,0.36074907586670085,2018-03-01,0,0,3,1,3,2,1714
60,-0.5,-0.6666666666666666,-0.617043112629497,-0.8416892671719174,1.2909423488377418,2018-03-02,0,0,3,1,3,2,1903
61,-0.5,-0.6666666666666666,-1.059420831085723,-1.4669996891313901,0.45568357879365295,2018-03-03,0,0,3,1,3,2,1562
62,-0.5,-0.6666666666666666,-0.8545457060263628,-0.07543268503530924,0.22765352824298904,2018-03-04,0,0,3,1,0,1,1730
63,-0.5,-0.6666666666666666,-0.40050530897153963,0.776180556299973,0.7214574466190588,2018-03-05,0,0,3,1,0,1,1437
64,-0.5,-0.6666666666666666,-0.4467097285808472,1.5341473088426036,1.651732129818786,2018-03-06,0,0,3,1,1,1,491
65,-0.5,-0.6666666666666666,-0.918052347427581,-0.35706297054609243,1.632041030755258,2018-03-07,0,0,3,1,2,2,1628
66,-0.5,-0.6666666666666666,-0.6822205931847838,-0.9786620262678019,-0.6138840056885396,2018-03-08,0,0,3,1,3,2,1817
67,-0.5,-0.6666666666666666,-0.7404675952180069,0.7106718454280282,0.3986557135988154,2018-03-09,0,0,3,1,3,1,1700
68,-0.5,-0.6666666666666666,-0.3750960133150758,-2.983624013349484,0.8232812901485991,2018-03-10,0,0,3,1,3,0,577
69,-0.5,-0.6666666666666666,-0.6726307878854941,0.11107895228941059,0.5291156050688044,2018-03-11,0,0,3,1,0,1,1730
70,-0.5,-0.6666666666666666,-0.5960967648238564,-0.15087013434049992,0.4050158877149422,2018-03-12,0,0,3,1,0,2,1408
71,-0.5,-0.6666666666666666,-0.395666145682052,-0.47099095622469717,0.9120896733668981,2018-03-13,0,0,3,1,1,2,1435
72,-0.5,-0.6666666666666666,-0.5730443482390258,-0.6159867458011893,-0.4482548954260172,2018-03-14,0,0,3,1,2,2,1687
73,-0.5,-0.6666666666666666,-0.6240252285647107,0.14007906305868528,0.0339277128050658,2018-03-15,0,0,3,1,3,1,1767
74,-0.5,-0.6666666666666666,-0.44420900242972483,0.7159363636471912,0.2253231604468403,2018-03-16,0,0,3,1,3,1,1871
75,-0.5,-0.6666666666666666,-0.2841219565047005,-0.11116470914727912,0.29108227266829656,2018-03-17,0,0,3,1,3,2,2320
76,-0.5,-0.6666666666666666,0.14622424468757061,-0.4813484789472868,0.509241332990732,2018-03-18,0,0,3,1,0,2,2355
77,-0.5,-0.6666666666666666,-0.07686413366713214,-1.1771700951543802,1.9049179410335537,2018-03-19,0,0,3,1,0,2,1693
78,-0.5,-0.6666666666666666,-0.5960967648238564,-0.7265511569433873,0.27217474705587524,2018-03-20,0,0,3,1,1,2,1424
79,-0.5,-0.6666666666666666,-0.28632761172353693,0.5295057189104587,1.097084241778203,2018-03-21,1,0,3,1,2,1,1676
80,-0.5,-0.6666666666666666,-0.17233064542155954,-0.007942037892620442,0.4556428736793097,2018-03-22,1,0,3,1,3,2,2243
81,-0.5,-0.6666666666666666,-0.5511390199034565,1.0162902297926473,0.5422531807230754,2018-03-23,1,0,3,1,3,1,1918
82,-0.5,-0.6666666666666666,-0.7986518946781193,0.855581878146651,0.6391924105314309,2018-03-24,1,0,3,1,3,1,1699
83,-0.5,-0.6666666666666666,-0.8522109572746512,-0.6253104219594727,0.5062698596436775,2018-03-25,1,0,3,1,0,2,1910
84,-0.5,-0.6666666666666666,-0.847567278477803,-1.1057060469304405,0.2910008624396101,2018-03-26,1,0,3,1,0,2,1515
85,-0.5,-0.6666666666666666,-0.8742416907564422,-0.6304891833207674,0.03383612629779359,2018-03-27,1,0,3,1,1,1,1221
86,-0.5,-0.6666666666666666,-0.8475562133178423,-1.5439855261480997,0.3177950039560282,2018-03-28,1,0,3,1,2,2,1806
87,-0.5,-0.6666666666666666,-0.7172307593004976,-1.486847637458119,0.4683225167972197,2018-03-29,1,0,3,1,3,2,2108
88,-0.5,-0.6666666666666666,-0.7008469457853268,0.09727209817254545,-0.08229556492338533,2018-03-30,1,0,3,1,3,1,1368
89,-0.5,-0.6666666666666666,-0.8475525249311887,1.391562239826199,0.3731743120199657,2018-03-31,1,0,3,1,3,0,1506
90,-0.5,-0.5,-0.7521007667233757,0.2858561928957589,0.7910326633101906,2018-04-01,1,0,4,1,0,1,1920
91,-0.5,-0.5,-0.6333974190514392,0.1310174217438895,0.16456060101101316,2018-04-02,1,0,4,1,0,1,1354
92,-0.5,-0.5,-0.40054956961138244,-0.6967744701834124,0.012598232889223536,2018-04-03,1,0,4,1,1,2,1598
93,-0.5,-0.5,0.20494336021245133,-0.9528539763191964,2.0820258935408615,2018-04-04,1,0,4,1,2,2,2381
94,-0.5,-0.5,-0.32831989377446436,0.07543268503530891,2.107425884891025,2018-04-05,1,0,4,1,3,1,1628
95,-0.5,-0.5,-0.3679405432071443,-0.7404485321880028,0.8353503565513609,2018-04-06,1,0,4,1,3,2,2395
96,-0.5,-0.5,-0.19795017911727691,-0.11116470914727912,-0.18991988724683317,2018-04-07,1,0,4,1,3,2,2570
97,-0.5,-0.5,-0.6007847042605479,1.0004966751351563,0.46828181168287647,2018-04-08,1,0,4,1,0,1,1299
98,-0.5,-0.5,-0.5378977118171298,1.1970228077509906,-0.4873623340312565,2018-04-09,1,0,4,1,0,1,1576
99,-0.5,-0.5,-0.22361766183949075,1.101737410119071,-0.3481101378631341,2018-04-10,1,0,4,1,1,1,1707
100,-0.5,-0.5,0.287150121947284,0.4321478638800451,1.460285800784082,2018-04-11,1,0,4,1,2,1,2493
101,-0.5,-0.5,0.020985075865503022,0.5379670622201738,0.9555932643212043,2018-04-12,1,0,4,1,3,1,1777
102,-0.5,-0.5,-0.2584876692623689,0.9191086527478524,0.7086963932724623,2018-04-13,1,0,4,1,3,1,1953
103,-0.5,-0.5,-0.09081730037759851,-0.408931576747028,-0.7151379776172753,2018-04-14,1,0,4,1,3,2,2738
104,-0.5,-0.5,-0.16764270598486844,0.2143921446718192,0.4620030477954365,2018-04-15,1,0,4,1,0,2,2484
105,-0.5,-0.5,-0.22820970322318893,1.2486341433783195,1.6265051352045814,2018-04-16,1,0,4,1,0,0,674
106,-0.5,-0.5,-0.15368953927440207,-0.6987611707240379,1.246807828611116,2018-04-17,1,0,4,1,1,2,2186
107,-0.5,-0.5,0.058208273973360675,-0.3990076025836635,-0.17714865762165094,2018-04-18,1,0,4,1,2,2,2760
108,-0.5,-0.5,0.006983960128540446,0.1885840947232135,-0.23409511258780227,2018-04-19,1,0,4,1,3,1,2795
109,-0.5,-0.5,0.2841072029580862,-0.057566672979324315,0.6202441798046661,2018-04-20,1,0,4,1,3,2,3331
110,-0.5,-0.5,-0.12345952226171857,-1.0441707371397466,1.4682640031953516,2018-04-21,1,0,4,1,3,2,3444
111,-0.5,-0.5,-0.6100978805608194,0.49230629967495737,0.3922548343683457,2018-04-22,1,0,4,1,0,1,1506
112,-0.5,-0.5,-0.13736842833234217,1.246652207107576,0.5062698596436775,2018-04-23,1,0,4,1,0,1,2574
113,-0.5,-0.5,0.2375265679101141,0.879403227554631,0.11397432016098859,2018-04-24,1,0,4,1,1,1,2481
114,-0.5,-0.5,0.32138941525240117,0.7166271827800231,0.04434822207692752,2018-04-25,1,0,4,1,2,2,3300
115,-0.5,-0.5,0.393619091089319,0.490324363404214,1.480902941198918,2018-04-26,1,0,4,1,3,2,3722
116,-0.5,-0.5,0.323757359483995,0.9965280383237871,1.3353821574219416,2018-04-27,1,0,4,1,3,1,3325
117,-0.5,-0.5,0.33772527974107536,0.35533354057907285,1.4239971913471101,2018-04-28,1,0,4,1,3,1,3489
118,-0.5,-0.5,0.037247172621105884,-0.8059572430599474,0.6012959490779018,2018-04-29,1,0,4,1,0,2,3717
119,-0.5,-0.5,-0.0860998538476789,-0.5856097610361333,0.5505366714919189,2018-04-30,1,0,4,1,0,2,3347
120,-0.5,-0.3333333333333333,-0.1444390655472413,0.6471450708268268,-0.7593640843511732,2018-05-01,1,0,5,1,1,1,2213
121,-0.5,-0.3333333333333333,0.16770540855797916,0.49429300021558314,0.025226994614204565,2018-05-02,1,0,5,1,2,1,3554
122,-0.5,-0.3333333333333333,0.34934369769983015,0.3374675285230879,1.6454228370955881,2018-05-03,1,0,5,1,3,1,3848
123,-0.5,-0.3333333333333333,-0.30508305785695505,0.5280383237869273,1.5063029325490815,2018-05-04,1,0,5,1,3,1,2378
124,-0.5,-0.3333333333333333,-0.16762795243825418,-0.8674925528506413,1.1643392669517723,2018-05-05,1,0,5,1,3,2,3819
125,-0.5,-0.3333333333333333,-0.04886190219320673,-0.17270478320785435,0.48104286502947297,2018-05-06,1,0,5,1,0,2,3714
126,-0.5,-0.3333333333333333,0.09315573751596379,-0.4049629399356585,-0.20886811797359772,2018-05-07,1,0,5,1,0,2,3102
127,-0.5,-0.3333333333333333,0.11643683407331615,0.025808049948605374,-1.0821200241177802,2018-05-08,1,0,5,1,1,2,2932
128,-0.5,-0.3333333333333333,0.1397216190173217,-0.17866012055984934,-0.05062698596436781,2018-05-09,1,0,5,1,2,2,3698
129,-0.5,-0.3333333333333333,0.1304084427170502,-0.6531004081788221,-0.6645516967672507,2018-05-10,1,0,5,1,3,2,4109
130,-0.5,-0.3333333333333333,0.15135479052269074,0.031763387300600354,-0.6139654159172261,2018-05-11,1,0,5,1,3,2,3632
131,-0.5,-0.3333333333333333,0.132776386948644,0.5776677231435129,0.0884522134677959,2018-05-12,1,0,5,1,3,2,4169
132,-0.5,-0.3333333333333333,0.025580805635854884,1.12952739633842,-0.012720348232253239,2018-05-13,1,0,5,1,0,1,3413
133,-0.5,-0.3333333333333333,0.048924604766317714,1.4114149524228097,-0.46836322191156293,2018-05-14,1,0,5,1,0,1,2507
134,-0.5,-0.3333333333333333,0.17938652908984468,1.1473934083944048,-0.2848950952881285,2018-05-15,1,0,5,1,1,1,2971
135,-0.5,-0.3333333333333333,0.23291239620649454,0.7702252189479779,-0.550577376606262,2018-05-16,1,0,5,1,2,2,3185
136,-0.5,-0.3333333333333333,0.18871445893673042,1.008438713027777,0.9807795538210653,2018-05-17,1,0,5,1,3,1,3445
137,-0.5,-0.3333333333333333,0.14677381429895314,1.1612907836390207,0.20878670774491123,2018-05-18,1,0,5,1,3,1,3319
138,-0.5,-0.3333333333333333,0.08622525899390035,0.9687332878345556,-0.7404463824601663,2018-05-19,1,0,5,1,3,1,3840
139,-0.5,-0.3333333333333333,0.15372273475428452,0.44466360085899753,-0.5694849022186831,2018-05-20,1,0,5,1,0,2,4008
140,-0.5,-0.3333333333333333,0.31207623895212944,0.0019867005406254646,-0.6138840056885396,2018-05-21,1,0,5,1,0,2,3547
141,-0.5,-0.3333333333333333,0.32138941525240117,0.587591697306877,-0.33548137613815304,2018-05-22,1,0,5,1,1,2,3084
142,-0.5,-0.3333333333333333,0.3796511708322386,0.8754345907432618,0.5379893199956243,2018-05-23,1,0,5,1,2,1,3438
143,-0.5,-0.3333333333333333,0.4331954798821562,0.5459043358429122,0.2657738678254055,2018-05-24,1,0,5,1,3,1,3833
144,-0.5,-0.3333333333333333,0.4727681802883399,0.33349889171171876,-0.2721340419415323,2018-05-25,1,0,5,1,3,2,4238
145,-0.5,-0.3333333333333333,0.6171537642291045,0.2441688314317941,0.1899605923611764,2018-05-26,1,0,5,1,3,2,3919
146,-0.5,-0.3333333333333333,0.5519430881939357,0.1310174217438895,0.6075645366867561,2018-05-27,1,0,5,1,0,2,3808
147,-0.5,-0.3333333333333333,0.4611018133030889,0.49230629967495737,0.4998282752988646,2018-05-28,1,0,5,0,0,2,2757
148,-0.5,-0.3333333333333333,0.4727976873815684,0.9171219522072266,0.3354406710238098,2018-05-29,1,0,5,1,1,2,2433
149,-0.5,-0.3333333333333333,0.6776580588943142,0.279900855543764,-0.5062698596436775,2018-05-30,1,0,5,1,2,2,2549
150,-0.5,-0.3333333333333333,0.8779042587034405,0.04962939935658529,-0.7087370983868054,2018-05-31,1,0,5,1,3,2,3309
151,-0.5,-0.16666666666666666,0.8616163432412622,0.2421821308911683,0.2657738678254055,2018-06-01,1,0,6,1,3,1,3461
152,-0.5,-0.16666666666666666,0.57751836124981,-1.5305216994627093,1.132741921942855,2018-06-02,1,0,6,1,3,2,4232
153,-0.5,-0.16666666666666666,0.36798480384698734,-1.2962768421942796,0.7341777948513117,2018-06-03,1,0,6,1,0,2,4414
154,-0.5,-0.16666666666666666,0.3958800721079593,-0.809925879871317,-0.5885247194527197,2018-06-04,1,0,6,1,0,2,3473
155,-0.5,-0.16666666666666666,0.4774229242451488,0.12506208439189453,-0.43028358744349,2018-06-05,1,0,6,1,1,1,3221
156,-0.5,-0.16666666666666666,0.4960640303923063,-0.12506208439189453,-0.6012043625706296,2018-06-06,1,0,6,1,2,2,3875
157,-0.5,-0.16666666666666666,0.6218085081859134,-0.13498605855525903,0.06953451157678885,2018-06-07,1,0,6,1,3,2,4070
158,-0.5,-0.16666666666666666,0.8848974397986147,-0.019852712596610398,-0.4493641097918697,2018-06-08,1,0,6,1,3,2,3725
159,-0.5,-0.16666666666666666,0.9966555554018734,-0.27593221873239443,-0.31640085378977334,2018-06-09,1,0,6,1,3,1,3352
160,-0.5,-0.16666666666666666,0.7964241091393615,-0.10124073498391463,-0.41133535671672544,2018-06-10,1,0,6,1,0,2,3771
161,-0.5,-0.16666666666666666,0.7032775925900313,0.1349860585552587,-0.265855278054092,2018-06-11,1,0,6,1,0,2,3237
162,-0.5,-0.16666666666666666,0.5752426266845555,0.5796544236841387,-0.17714865762165094,2018-06-12,1,0,6,1,1,2,2993
163,-0.5,-0.16666666666666666,0.42154386644351943,-0.6272971225000982,1.265674649109194,2018-06-13,1,0,6,1,2,2,4157
164,-0.5,-0.16666666666666666,0.3842616541492047,-0.5677437489801483,0.8986468093550529,2018-06-14,1,0,6,1,3,2,4164
165,-0.5,-0.16666666666666666,0.37027529195885617,-0.7364751311067518,-0.13293272716633886,2018-06-15,1,0,6,1,3,2,4411
166,-0.5,-0.16666666666666666,0.39827752343278156,0.2957801670591231,0.25945439882362226,2018-06-16,1,0,6,1,3,1,3222
167,-0.5,-0.16666666666666666,0.41685592700682833,0.5220829864349322,-0.3861490672168641,2018-06-17,1,0,6,1,0,2,3981
168,-0.5,-0.16666666666666666,0.5775626218896528,0.21042350786045003,-0.6265229436921064,2018-06-18,1,0,6,1,0,2,3312
169,-0.5,-0.16666666666666666,0.5845410494382127,0.1925574958044651,-0.8036716013137576,2018-06-19,1,0,6,1,1,1,3105
170,-0.5,-0.16666666666666666,0.39827752343278156,0.5717123857915178,-0.25949510393796554,2018-06-20,1,0,6,1,2,1,3311
171,-0.5,-0.16666666666666666,0.5542962788789152,0.6868504960200482,-0.10125397192873561,2018-06-21,2,0,6,1,3,1,4061
172,-0.5,-0.16666666666666666,0.7615209062366013,0.38709692787967354,-0.08866591531809782,2018-06-22,2,0,6,1,3,2,3846
173,-0.5,-0.16666666666666666,0.7615356597832156,0.36724421528306284,0.5884840143383764,2018-06-23,2,0,6,1,3,1,4044
174,-0.5,-0.16666666666666666,0.624143256937625,-0.2521108693244145,0.41773623594719517,2018-06-24,2,0,6,1,0,2,4022
175,-0.5,-0.16666666666666666,0.5751983660447126,-0.680895158668053,0.2910008624396101,2018-06-25,2,0,6,1,0,2,3420
176,-0.5,-0.16666666666666666,0.5542335763058045,-0.5379670622201734,-0.8796548206303696,2018-06-26,2,0,6,1,1,2,3385
177,-0.5,-0.16666666666666666,0.5519283346473214,0.15285207061124362,-0.7468065565762929,2018-06-27,2,0,6,1,2,1,3854
178,-0.5,-0.16666666666666666,0.7568329667999097,0.037718724652595334,-0.37338801387026765,2018-06-28,2,0,6,1,3,2,3916
179,-0.5,-0.16666666666666666,0.6171537642291045,-0.6114130467148573,0.8227114185477944,2018-06-29,2,0,6,1,3,2,4377
180,-0.5,-0.16666666666666666,0.5519430881939357,-0.9151352516666011,0.04413452022662561,2018-06-30,2,0,6,1,3,2,4488
181,-0.5,0.0,0.6078368995421793,-1.095782072767076,-0.7974844239335895,2018-07-01,2,0,7,1,0,2,4116
182,-0.5,0.0,0.6637012037971944,-0.8655106165798973,-0.6707490504260045,2018-07-02,2,0,7,1,0,2,2915
183,-0.5,0.0,0.6683743896872713,0.267990180839774,0.48727074752398425,2018-07-03,2,0,7,1,1,1,2367
184,-0.5,0.0,0.6567264646352882,0.05558473670858027,-1.0124969789172948,2018-07-04,2,0,7,0,2,1,2978
185,-0.5,0.0,0.7707750683504152,-0.1707180826672289,-0.5568154353793588,2018-07-05,2,0,7,1,3,2,3634
186,-0.5,0.0,0.7312908892239176,0.5578150105469021,-0.31640085378977334,2018-07-06,2,0,7,1,3,2,3845
187,-0.5,0.0,0.735857111901041,0.11910674703989955,-0.22158846620585096,2018-07-07,2,0,7,1,3,2,3838
188,-0.5,0.0,0.6754118314222882,0.6272971225000985,0.44932340467752646,2018-07-08,2,0,7,1,0,1,3348
189,-0.5,0.0,0.6520827858384399,-0.08138802238730422,-0.13293272716633886,2018-07-09,2,0,7,1,0,2,3348
190,-0.5,0.0,0.7474902834064097,-0.22828951991643462,0.025399991350163242,2018-07-10,2,0,7,1,1,2,3138
191,-0.5,0.0,0.8942106160988861,0.045655998275334356,1.0314879500141194,2018-07-11,2,0,7,1,2,2,3363
192,-0.5,0.0,0.9291433260948747,-0.31960151646710333,0.19618847485568772,2018-07-12,2,0,7,1,3,2,3596
193,-0.5,0.0,0.745199795294541,0.025808049948605374,-0.3545618984865331,2018-07-13,2,0,7,1,3,2,3594
194,-0.5,0.0,0.5449204000055328,-0.7146404822393974,0.6074424213437267,2018-07-14,2,0,7,1,3,2,4196
195,-0.5,0.0,0.5053329460527349,-0.16674944585585938,0.018907525612421046,2018-07-15,2,0,7,1,0,2,4220
196,-0.5,0.0,0.5565720134441697,-0.19652613261583426,0.2784942160576588,2018-07-16,2,0,7,1,0,2,3505
197,-0.5,0.0,0.673014380097466,-0.10520937179528414,0.651872053649341,2018-07-17,2,0,7,1,1,2,3296
198,-0.5,0.0,0.7987588578910729,0.11910674703989955,0.3544296068649176,2018-07-18,2,0,7,1,2,2,3617
199,-0.5,0.0,0.959402850200787,0.11513811022853038,-0.5126300337598043,2018-07-19,2,0,7,1,3,2,3789
200,-0.5,0.0,0.9570828549956897,0.38511022733904776,-0.6834185172653287,2018-07-20,2,0,7,1,3,2,3688
201,-0.5,0.0,1.2503870500744598,0.30967754230373884,0.41769553083285194,2018-07-21,2,0,7,1,3,1,3152
202,-0.5,0.0,1.3039608662176063,-0.21836078148318872,-0.4871893372952978,2018-07-22,2,0,7,1,0,2,2825
203,-0.5,0.0,1.168932719216956,-0.6014890725514928,-0.5063105647580207,2018-07-23,2,0,7,1,0,2,2298
204,-0.5,0.0,1.1340479582474636,-0.3593069416603241,-0.12012079242681342,2018-07-24,2,0,7,1,1,2,2556
205,-0.5,0.0,0.86158314776138,0.6233237214188468,-0.917561458362484,2018-07-25,2,0,7,1,2,2,3272
206,-0.5,0.0,0.7731393241953559,-0.40694964047628396,0.19622917997003095,2018-07-26,2,0,7,1,3,2,3840
207,-0.5,0.0,0.7498582276380035,-1.0640186854664755,0.025318581121476773,2018-07-27,2,0,7,1,3,2,3901
208,-0.5,0.0,0.9314485677533577,-0.2044681705084547,-0.025399991350163242,2018-07-28,2,0,7,1,3,2,3784
209,-0.5,0.0,1.1013614757235004,-0.3990076025836635,-0.06957521669113209,2018-07-29,2,0,7,1,0,2,3176
210,-0.5,0.0,0.8895374302088093,-0.7642698815959826,-0.1265725530502124,2018-07-30,2,0,7,1,0,2,2916
211,-0.5,0.0,0.8941811090056576,-0.6928058333720429,-0.16446901450374093,2018-07-31,2,0,7,1,1,2,2778
212,-0.5,0.16666666666666666,0.7964241091393615,-0.3593069416603241,-0.24685616593439874,2018-08-01,2,0,8,1,2,2,3537
213,-0.5,0.16666666666666666,0.8103625223032133,-0.6431764340154577,0.25313492982183877,2018-08-02,2,0,8,1,3,2,4044
214,-0.5,0.16666666666666666,0.7102818388451666,0.14888343379987445,-0.46192163756675003,2018-08-03,2,0,8,1,3,1,3107
215,-0.5,0.16666666666666666,0.6544064694301909,0.6253104219594727,0.1646013061253564,2018-08-04,2,0,8,1,3,1,3777
216,-0.5,0.16666666666666666,0.6240842427511679,0.021834648867354447,0.03786593261777133,2018-08-05,2,0,8,1,0,2,3843
217,-0.5,0.16666666666666666,0.6963286721347,0.6133997472554827,0.4810835701438162,2018-08-06,2,0,8,1,0,1,2773
218,-0.5,0.16666666666666666,0.8406847489822362,0.6034757730921185,0.20873582635198226,2018-08-07,2,0,8,1,1,2,2487
219,-0.5,0.16666666666666666,0.7963909136594792,-0.16278080904448985,0.11397432016098859,2018-08-08,2,0,8,1,2,2,3480
220,-0.5,0.16666666666666666,0.873249514746631,-0.26600348029914855,-0.3038026209005498,2018-08-09,2,0,8,1,3,2,3695
221,-0.5,0.16666666666666666,0.7288934378990953,-0.962777950482561,0.19622917997003095,2018-08-10,2,0,8,1,3,2,3896
222,-0.5,0.16666666666666666,0.6054726436972392,-0.9647646510231864,-0.16464201123969963,2018-08-11,2,0,8,1,3,2,3980
223,-0.5,0.16666666666666666,0.6147710664508964,-1.0064520124871512,-0.563297724838515,2018-08-12,2,0,8,1,0,2,3854
224,-0.5,0.16666666666666666,0.5845853100780559,0.49230629967495737,0.31016279501667626,2018-08-13,2,0,8,1,0,1,2646
225,-0.5,0.16666666666666666,0.5053956486258457,0.9111666148552316,0.4239234133273632,2018-08-14,2,0,8,1,1,1,2482
226,-0.5,0.16666666666666666,0.47507342194682295,0.4089315767470277,0.2847220985521698,2018-08-15,2,0,8,1,2,2,3563
227,-0.5,0.16666666666666666,0.5845078539583305,-0.22828951991643462,0.563297724838515,2018-08-16,2,0,8,1,3,2,4004
228,-0.5,0.16666666666666666,0.6613517014988686,-0.24218213089116863,-0.37965660147912217,2018-08-17,2,0,8,1,3,2,4026
229,-0.5,0.16666666666666666,0.6450748511966514,0.1349860585552587,0.5315375593722254,2018-08-18,2,0,8,1,3,2,3166
230,-0.5,0.16666666666666666,0.5379751679368551,0.4605476766442391,-0.4240149998346354,2018-08-19,2,0,8,1,0,1,3356
231,-0.5,0.16666666666666666,0.5961594673969677,0.22828951991643495,-0.7785667220425826,2018-08-20,2,0,8,1,0,2,3277
232,-0.5,0.16666666666666666,0.6940086769296027,0.6848637954794224,0.689737986267112,2018-08-21,2,0,8,1,1,2,2624
233,-0.5,0.16666666666666666,0.5565388179642875,-0.7444171689993723,0.9746330815552405,2018-08-22,2,0,8,1,2,2,3925
234,-0.5,0.16666666666666666,0.4378207167457365,-0.8138945166826865,-0.34815084297747734,2018-08-23,2,0,8,1,3,2,4614
235,-0.5,0.16666666666666666,0.5286472380899693,-0.10124073498391463,0.7340455032296963,2018-08-24,2,0,8,1,3,2,4181
236,-0.5,0.16666666666666666,0.5845705565314417,0.6928058333720433,0.30384332601489306,2018-08-25,2,0,8,1,3,1,3107
237,-0.5,0.16666666666666666,0.6357616748963795,0.6431764340154577,-0.9872262263051713,2018-08-26,2,0,8,1,0,2,3893
238,-0.5,0.16666666666666666,0.5465875507729477,1.066005386007101,1.9807312164977828,2018-08-27,2,0,8,1,0,1,889
239,-0.5,0.16666666666666666,0.5923346104372125,-0.30722394331471703,1.2586428406064043,2018-08-28,2,0,8,1,1,2,2919
240,-0.5,0.16666666666666666,0.444795455907643,-0.3414409296043392,-0.2152282920897242,2018-08-29,2,0,8,1,2,2,3905
241,-0.5,0.16666666666666666,0.3959095792011878,-0.3712176163643141,-0.5695357836116121,2018-08-30,2,0,8,1,3,2,4429
242,-0.5,0.16666666666666666,0.456461822892894,-0.13498605855525903,-0.9936291407913583,2018-08-31,2,0,8,1,3,2,4370
243,-0.5,0.3333333333333333,0.4704776921764711,0.061540074060575246,-0.39869641871315864,2018-09-01,2,0,9,1,3,2,4332
244,-0.5,0.3333333333333333,0.43317703794888845,0.4803956249709674,-0.4176955308328522,2018-09-02,2,0,9,1,0,1,3852
245,-0.5,0.3333333333333333,0.5379456608436265,0.4307709898842642,0.04426681184824105,2018-09-03,2,0,9,0,0,2,2549
246,-0.5,0.3333333333333333,0.656770725275131,0.5518596731949071,0.259413693709279,2018-09-04,2,0,9,1,1,2,2419
247,-0.5,0.3333333333333333,0.5100356390360403,0.7821358936519679,0.32280173302024306,2018-09-05,2,0,9,1,2,1,2115
248,-0.5,0.3333333333333333,0.10266808669552852,1.2420785080212438,1.658407768571072,2018-09-06,2,0,9,1,3,0,2506
249,-0.5,0.3333333333333333,0.20973826286209593,1.3856069024742041,-0.8543413276481857,2018-09-07,2,0,9,1,3,0,1878
250,-0.5,0.3333333333333333,0.25079738308966937,1.4927172179522454,0.11980532779065356,2018-09-08,2,0,9,1,3,0,1689
251,-0.5,0.3333333333333333,0.33778798231418605,1.294294905923536,-0.5759366628420821,2018-09-09,2,0,9,1,0,1,3127
252,-0.5,0.3333333333333333,0.44481020945425725,0.6074444099034877,-0.2784942160576588,2018-09-10,2,0,9,1,0,2,3595
253,-0.5,0.3333333333333333,0.4494833953443341,0.41687361463964845,-0.6708304606546908,2018-09-11,2,0,9,1,1,2,3413
254,-0.5,0.3333333333333333,0.42329953849062024,0.31407972767433345,-0.9368485591661557,2018-09-12,2,0,9,1,2,2,4023
255,-0.5,0.3333333333333333,0.4285518010853081,0.41091827728765346,-0.3986150084844722,2018-09-13,2,0,9,1,3,2,4062
256,-0.5,0.3333333333333333,0.5146608758996207,0.3374675285230879,-0.13916060966085017,2018-09-14,2,0,9,1,3,2,4138
257,-0.5,0.3333333333333333,0.24456400964513128,0.39503896577229436,0.9176052163604033,2018-09-15,2,0,9,1,3,1,3231
258,-0.5,0.3333333333333333,-0.09549048626767535,-0.1707180826672289,-0.17088007001279668,2018-09-16,2,0,9,1,0,1,4018
259,-0.5,0.3333333333333333,-0.032651442850754026,0.43870826350700254,0.08853362369648238,2018-09-17,2,0,9,1,0,1,3077
260,-0.5,0.3333333333333333,0.01170140665846006,0.32754355435972377,-0.025359286235820008,2018-09-18,2,0,9,1,1,2,2921
261,-0.5,0.3333333333333333,0.1560574835059961,0.30372220495174385,-0.2974831518987663,2018-09-19,2,0,9,1,2,1,3848
262,-0.5,0.3333333333333333,0.1654333623793783,1.2148888198069754,-0.4683225167972197,2018-09-20,2,0,9,1,3,1,3203
263,-0.5,0.3333333333333333,0.23298985232621952,1.3042188800869001,-0.8606160210241915,2018-09-21,2,0,9,1,3,1,3813
264,-0.5,0.3333333333333333,0.24932940520154737,1.3141428542502642,-0.5378163232596657,2018-09-22,2,0,9,1,3,1,4240
265,-0.5,0.3333333333333333,0.12821016427152065,1.6496284465026088,-1.0441706460156053,2018-09-23,1,0,9,1,0,1,2137
266,-0.5,0.3333333333333333,0.2841809706911578,1.1255587595270509,-1.044001719791081,2018-09-24,1,0,9,1,0,1,3647
267,-0.5,0.3333333333333333,0.3145179509167948,1.042184036599121,-1.3289792429357548,2018-09-25,1,0,9,1,1,1,3466
268,-0.5,0.3333333333333333,0.37502593396865824,1.0580633481144803,-0.7151379776172753,2018-09-26,1,0,9,1,2,1,3946
269,-0.5,0.3333333333333333,0.32148162491874044,1.2347415324035862,-0.6391110003027444,2018-09-27,1,0,9,1,3,1,3643
270,-0.5,0.3333333333333333,0.323816373670452,1.060050048655106,-0.32916190713636984,2018-09-28,1,0,9,1,3,1,3427
271,-0.5,0.3333333333333333,0.321433675892244,0.3473962669563345,-0.0823464463163143,2018-09-29,1,0,9,1,3,2,4186
272,-0.5,0.3333333333333333,0.21195129485423975,0.10124073498391463,0.25949510393796527,2018-09-30,1,0,9,1,0,2,4372
273,-0.5,0.5,-0.27479033827116106,0.6074444099034877,1.1328335084501273,2018-10-01,1,0,10,1,0,1,1949
274,-0.5,0.5,-0.5239261031733957,0.7880912310039628,0.4176141206041657,2018-10-02,1,0,10,1,1,1,2302
275,-0.5,0.5,-0.35157148323858795,0.6411897334748318,-0.9935019373090358,2018-10-03,1,0,10,1,2,1,3240
276,-0.5,0.5,-0.053505580990055056,0.3990076025836635,0.253175634936182,2018-10-04,1,0,10,1,3,2,3970
277,-0.5,0.5,0.1467000465658816,0.10322743552454043,-0.03790663773211457,2018-10-05,1,0,10,1,3,2,4267
278,-0.5,0.5,-0.02559555918246914,-0.025808049948605374,-0.4683225167972197,2018-10-06,1,0,10,1,3,2,4126
279,-0.5,0.5,0.06284826438355531,0.27593221873239476,-1.6137878398559038,2018-10-07,1,0,10,1,0,2,4036
280,-0.5,0.5,0.09544622562783259,0.3573202411196987,-1.3796062289001223,2018-10-08,1,0,10,0,0,2,3174
281,-0.5,0.5,0.1350631866738591,0.4823823255115932,-1.1959671407964465,2018-10-09,1,0,10,1,1,2,3114
282,-0.5,0.5,0.20492860666583682,0.5121590122715681,-1.4111526925161104,2018-10-10,1,0,10,1,2,2,3603
283,-0.5,0.5,0.2166244807443166,0.8694792533912667,-0.38601677559524866,2018-10-11,1,0,10,1,3,1,3896
284,-0.5,0.5,0.11195175590257148,1.333995566846875,0.6835915140012871,2018-10-12,1,0,10,1,3,0,2199
285,-0.5,0.5,0.23767779176291062,1.288339568571541,-0.3987880052204309,2018-10-13,1,0,10,1,3,1,2623
286,-0.5,0.5,0.1560574835059961,0.4287842893436384,0.4366437615596165,2018-10-14,1,0,10,1,0,1,3115
287,-0.5,0.5,0.04190191657791504,-0.680895158668053,0.7846724891940644,2018-10-15,1,0,10,1,0,2,3318
288,-0.5,0.5,0.05823778106658919,-0.6650110828828121,1.025178657290922,2018-10-16,1,0,10,1,1,2,3293
289,-0.5,0.5,0.08616255642078963,-0.22233418256443965,-0.056946454966151056,2018-10-17,1,0,10,1,2,2,3857
290,-0.5,0.5,0.1304084427170502,0.35930694166032445,-0.7213760363903722,2018-10-18,1,0,10,1,3,1,4111
291,-0.5,0.5,0.09768138793989779,1.2814313772432264,0.6346334377249908,2018-10-19,1,0,10,1,3,0,2170
292,-0.5,0.5,-0.07686413366713214,0.047642698815959825,2.455536022754159,2018-10-20,1,0,10,1,3,2,3724
293,-0.5,0.5,-0.23520288431836306,-0.2481374682431636,0.41133535671672544,2018-10-21,1,0,10,1,0,2,3628
294,-0.5,0.5,-0.22820970322318893,0.01389737524461542,-0.8986498622386286,2018-10-22,1,0,10,1,0,2,2809
295,-0.5,0.5,-0.23986131666182567,0.547891036383538,-0.8289850942959414,2018-10-23,1,0,10,1,1,2,2762
296,-0.5,0.5,-0.1117488946366248,0.6947877696427867,-0.6327915313009609,2018-10-24,1,0,10,1,2,2,3488
297,-0.5,0.5,-0.08848255162588695,-0.01587931151535947,-0.14569378051293536,2018-10-25,1,0,10,1,3,2,3992
298,-0.5,0.5,-0.05354984162989809,0.44863700194024914,-0.32902961551475435,2018-10-26,1,0,10,1,3,1,3490
299,-0.5,0.5,-0.11182635075634977,0.8893319659878776,0.17083936489845344,2018-10-27,1,0,10,1,3,1,2419
300,-0.5,0.5,-0.6216867914263453,-0.19255749580446477,0.4935902165257675,2018-10-28,1,0,10,1,0,1,3291
301,-0.5,0.5,-0.956957449849468,1.2208441571589705,1.7339971659064137,2018-10-29,1,0,10,1,0,0,570
302,-0.5,0.5,-0.6124031222193024,-0.011910674703989956,-0.04434822207692752,2018-10-30,1,0,10,1,1,2,2446
303,-0.5,0.5,-0.48429070019410153,0.36724421528306284,-0.7594047894655164,2018-10-31,1,0,10,1,2,2,3307
304,-0.5,0.6666666666666666,-0.3329746377312735,0.273945518191769,-0.4620437529097797,2018-11-01,1,0,11,1,3,2,3658
305,-0.5,0.6666666666666666,-0.35862736690687286,0.44069496404762837,-1.0062640082834906,2018-11-02,1,0,11,1,3,2,3816
306,-0.5,0.6666666666666666,-0.30039511842026395,0.36128887793106784,-0.4493641097918697,2018-11-03,1,0,11,1,3,2,3656
307,-0.5,0.6666666666666666,-0.3097230482671499,-0.017866012055984933,0.9240468007052159,2018-11-04,1,0,11,1,0,1,3576
308,-0.5,0.6666666666666666,-0.6030899459190309,-0.5101723117309427,0.08229556492338533,2018-11-05,1,0,11,1,0,2,2770
309,-0.5,0.6666666666666666,-0.4610723062098601,0.5161276490829373,-0.9048828328724327,2018-11-06,1,0,11,1,1,2,2697
310,-0.5,0.6666666666666666,-0.31902147102080713,0.6312657593114677,-1.2593144749930674,2018-11-07,1,0,11,1,2,2,3662
311,-0.5,0.6666666666666666,-0.2770660728364154,0.45459233929224413,-1.1391071841982745,2018-11-08,1,0,11,1,3,2,3829
312,-0.5,0.6666666666666666,-0.28874719336828086,0.6292790587708419,-1.20873022939876,2018-11-09,1,0,11,1,3,2,3804
313,-0.5,0.6666666666666666,-0.4191611686653111,0.8913139022586208,0.0823464463163143,2018-11-10,1,0,11,1,3,1,2743
314,-0.5,0.6666666666666666,-0.6659289893359522,-0.8575685786872768,1.3605684469218027,2018-11-11,1,0,11,0,0,2,2928
315,-0.5,0.6666666666666666,-0.47736022167203807,-0.34937820322707824,0.31634997239684437,2018-11-12,1,0,11,0,0,2,2792
316,-0.5,0.6666666666666666,-0.2095538435294172,-0.8000019057079525,1.025219362405265,2018-11-13,1,0,11,1,1,2,2713
317,-0.5,0.6666666666666666,0.13738318187895643,-0.18660215845246977,1.2783542922271038,2018-11-14,1,0,11,1,2,2,3891
318,-0.5,0.6666666666666666,0.07455889200864935,0.2977668675997489,0.18986900585390418,2018-11-15,1,0,11,1,3,1,3746
319,-0.5,0.6666666666666666,-0.1304822104501215,1.4471469765347795,-0.44924199444884,2018-11-16,1,0,11,1,3,0,1672
320,-0.5,0.6666666666666666,-0.6054246946707424,-0.24020019462042458,1.2657967644522239,2018-11-17,1,0,11,1,3,1,2914
321,-0.5,0.6666666666666666,-0.7916882206761737,-1.0302733618951312,-0.12661325816455563,2018-11-18,1,0,11,1,0,2,3147
322,-0.5,0.6666666666666666,-0.6007699507139334,-0.5915650983881283,0.4428818203327135,2018-11-19,1,0,11,1,0,2,2720
323,-0.5,0.6666666666666666,-0.11178209011650674,0.27791415500313815,0.05062698596436781,2018-11-20,1,0,11,1,1,1,2733
324,-0.5,0.6666666666666666,-0.15602797641276733,1.35186157890286,-0.4367760531812319,2018-11-21,1,0,11,1,2,0,2545
325,-0.5,0.6666666666666666,-0.24221081896015148,1.601985747686649,-0.6327915313009609,2018-11-22,1,0,11,0,3,0,1538
326,-0.5,0.6666666666666666,-0.20960179255591366,0.6272971225000985,1.5757967390115268,2018-11-23,1,0,11,1,3,1,2454
327,-0.5,0.6666666666666666,-0.42377165198227723,-0.36724421528306317,-0.13911990454650694,2018-11-24,1,0,11,1,3,2,935
328,-0.5,0.6666666666666666,-0.3935268814229795,0.08337472292792969,-0.8352608052998058,2018-11-25,1,0,11,1,0,2,1697
329,-0.5,0.6666666666666666,-0.3772389659608018,0.26402154402840483,-1.145382895202139,2018-11-26,1,0,11,1,0,2,1819
330,-0.5,0.6666666666666666,-0.11642208052670164,0.3434228658750829,0.2847220985521698,2018-11-27,1,0,11,1,1,2,2261
331,-0.5,0.6666666666666666,0.010170726197227338,0.5564333722812395,-0.3953789518941871,2018-11-28,1,0,11,1,2,2,3614
332,-0.5,0.6666666666666666,-0.1327431914687615,0.9746886251865505,0.7847640757013363,2018-11-29,1,0,11,1,3,1,2818
333,-0.5,0.6666666666666666,-0.6496853345136172,-0.061540074060575246,0.9177273317034327,2018-11-30,1,0,11,1,3,2,3425
334,-0.5,0.8333333333333334,-0.6705874216794149,-0.48436902605221865,0.39873712382750187,2018-12-01,1,0,12,1,3,2,3545
335,-0.5,0.8333333333333334,-0.5751356634716017,-0.0019867005406254646,-0.8163512444316676,2018-12-02,1,0,12,1,0,2,3672
336,-0.5,0.8333333333333334,-0.6519610690788716,-0.0635220103313193,-0.8669344723981164,2018-12-03,1,0,12,1,0,2,2908
337,-0.5,0.8333333333333334,-0.5099729364629296,0.7126537816987716,-0.9872689666752317,2018-12-04,1,0,12,1,1,2,2851
338,-0.5,0.8333333333333334,-0.34464100471652453,0.9568226131305656,-1.2086030259164375,2018-12-05,1,0,12,1,2,1,3578
339,-0.5,0.8333333333333334,-0.11420904853455781,1.5404456736260734,0.5251773852560988,2018-12-06,1,0,12,1,3,0,2468
340,-0.5,0.8333333333333334,-0.3213267126792902,1.6397044723392447,0.8670189355103787,2018-12-07,1,0,12,1,3,0,655
341,-0.5,0.8333333333333334,-0.8499020272295147,-0.22034748202381418,0.6012450676849729,2018-12-08,1,0,12,1,3,2,3172
342,-0.5,0.8333333333333334,-0.6263710424763829,0.331512191171093,-0.9999038341673641,2018-12-09,1,0,12,1,0,2,3359
343,-0.5,0.8333333333333334,-0.814958252073565,-0.5657570484395229,0.5316698509938408,2018-12-10,1,0,12,1,0,2,2688
344,-0.5,0.8333333333333334,-0.8638588823266344,-0.6491317713674526,-1.1645051402927207,2018-12-11,1,0,12,1,1,2,2366
345,-0.5,0.8333333333333334,-0.8010013969764452,0.2124054441311934,-1.1959671407964465,2018-12-12,1,0,12,1,2,2,3167
346,-0.5,0.8333333333333334,-0.6868753371415927,-0.17270478320785435,-0.4113760618310687,2018-12-13,1,0,12,1,3,2,3368
347,-0.5,0.8333333333333334,-0.5495788323489953,0.17866012055984934,-1.2213233741486909,2018-12-14,1,0,12,1,3,1,3562
348,-0.5,0.8333333333333334,-0.27709926831629755,0.037718724652595334,0.8860180476300719,2018-12-15,1,0,12,1,3,1,3528
349,-0.5,0.8333333333333334,-0.47041498960336015,-0.5995023720108673,0.8100317754298844,2018-12-16,1,0,12,1,0,1,3399
350,-0.5,0.8333333333333334,-0.8778120490371008,-0.31166424284436434,0.6328831178082331,2018-12-17,1,0,12,1,0,1,2464
351,-0.5,0.8333333333333334,-0.8917984112274492,-0.1905707952638393,-0.11393361504664562,2018-12-18,1,0,12,1,1,2,2211
352,-0.5,0.8333333333333334,-0.761399189477033,0.0535980361679548,-0.08221415469469885,2018-12-19,1,0,12,1,2,2,3143
353,-0.5,0.8333333333333334,-0.3353130748696385,-0.14689673325924898,-1.2150904035148864,2018-12-20,1,0,12,1,3,1,3534
354,-0.5,0.8333333333333334,-0.21889652692291744,1.10570604693044,0.4113760618310687,2018-12-21,0,0,12,1,3,1,2553
355,-0.5,0.8333333333333334,-0.2258897080180916,0.6253104219594727,-1.360568446921803,2018-12-22,0,0,12,1,3,1,2841
356,-0.5,0.8333333333333334,-0.4051748064749628,0.2858561928957589,0.949151679976391,2018-12-23,0,0,12,1,0,2,2046
357,-0.5,0.8333333333333334,-0.6938685182367669,-0.3990076025836635,0.09493450292695209,2018-12-24,0,0,12,1,0,2,856
358,-0.5,0.8333333333333334,-0.764984301304306,0.262292114061385,-0.2634027949149136,2018-12-25,0,0,12,0,1,2,451
359,-0.5,0.8333333333333334,-0.6337736344901037,-0.5683440469852294,0.595210534483592,2018-12-26,0,0,12,1,2,2,887
360,-0.5,0.8333333333333334,-0.5891515327551788,0.6491317713674526,0.07606768242887428,2018-12-27,0,0,12,1,3,1,1059
361,-0.5,0.8333333333333334,-0.7649363522778094,-0.5828464845048076,1.1497770122954887,2018-12-28,0,0,12,1,3,2,2047
362,-0.5,0.8333333333333334,-0.8242529864405688,-0.2481374682431636,-0.6264822385777634,2018-12-29,0,0,12,1,3,2,2169
363,-0.5,0.8333333333333334,-0.6216867914263453,0.04962939935658529,-0.47460128068466,2018-12-30,0,0,12,1,0,2,2508
364,-0.5,0.8333333333333334,-0.2701503478609662,-0.04962939935658529,0.39869641871315864,2018-12-31,0,0,12,1,0,2,1820
365,0.5,-1.0,-0.4121532340235227,0.31563287965573383,0.11389290993230239,2019-01-01,0,1,1,0,1,2,1608
366,0.5,-1.0,-0.8669940109821714,-1.1669888504174093,1.513110862922983,2019-01-02,0,1,1,1,2,2,1707
367,0.5,-1.0,-1.33183769254531,-0.8813899280952567,1.8795179496833903,2019-01-03,0,1,1,1,3,2,2147
368,0.5,-1.0,-1.3574277191477986,-1.0084387130277768,0.03790663773211457,2019-01-04,0,1,1,1,3,1,2273
369,0.5,-1.0,-0.7706976122306902,-0.4863509623229627,-0.5188680925329011,2019-01-05,0,1,1,1,3,2,3132
370,0.5,-1.0,-0.542552455773939,-0.40099430312428896,-0.13297343228068212,2019-01-06,0,1,1,1,0,2,3791
371,0.5,-1.0,-0.3562446691286648,-0.45061893821099286,-0.06326592396793458,2019-01-07,0,1,1,1,0,2,3451
372,0.5,-1.0,-0.5425856512538212,-0.7682385184073521,0.10753273581617563,2019-01-08,0,1,1,1,1,2,2826
373,0.5,-1.0,-0.8847904765856606,0.35930694166032445,-0.8352180649297456,2019-01-09,0,1,1,1,2,1,2270
374,0.5,-1.0,-0.6216351540131954,0.09658127903971345,0.06692938425882348,2019-01-10,0,1,1,1,3,2,3425
375,0.5,-1.0,-0.7544355154750874,1.0540947113031112,-0.5063105647580207,2019-01-11,0,1,1,1,3,1,2085
376,0.5,-1.0,-0.3888536955329026,0.8416892671719177,-8.141022868646821e-05,2019-01-12,0,1,1,1,3,1,3828
377,0.5,-1.0,-0.8778452445169829,-0.5657570484395229,2.0060803264550167,2019-01-13,0,1,1,1,0,2,3040
378,0.5,-1.0,-1.1222930699825264,-0.803970542519322,0.06317433746066237,2019-01-14,0,1,1,1,0,2,2160
379,0.5,-1.0,-1.201453224341508,-0.9865992998905408,0.7152193878459614,2019-01-15,0,1,1,1,1,2,2027
380,0.5,-1.0,-1.0943498526950584,-0.49429300021558314,0.5127114439884904,2019-01-16,0,1,1,1,2,2,2081
381,0.5,-1.0,-0.4539906038350002,0.4280077133529382,1.7111921255956302,2019-01-17,0,1,1,1,3,1,2808
382,0.5,-1.0,-0.7823455372826734,-0.8714659539318922,2.385869219555754,2019-01-18,0,1,1,1,3,2,3267
383,0.5,-1.0,-1.0966550943535414,-0.6133997472554827,0.39873712382750187,2019-01-19,0,1,1,1,3,2,3162
384,0.5,-1.0,-0.9826101790250674,-0.8397025666312918,0.22158846620585096,2019-01-20,0,1,1,1,0,1,3048
385,0.5,-1.0,-1.152582101181667,0.9766753257271764,0.4240149998346354,2019-01-21,0,1,1,0,0,1,1234
386,0.5,-1.0,-1.199147982683025,0.809925879871317,0.18991988724683317,2019-01-22,0,1,1,1,1,1,1781
387,0.5,-1.0,-0.9010968339811064,1.357816916254855,-0.7150565673885888,2019-01-23,0,1,1,1,2,1,2287
388,0.5,-1.0,-0.5099434293697008,0.9985099745945305,-0.5821645453365931,2019-01-24,0,1,1,1,3,2,3900
389,0.5,-1.0,-0.7101748756322127,0.08337472292792969,-0.20254864897181418,2019-01-25,0,1,1,1,3,2,3803
390,0.5,-1.0,-0.484338649220598,0.6828770949387967,-1.0947559092377712,2019-01-26,0,1,1,1,3,1,3831
391,0.5,-1.0,-0.2654956039041573,0.547891036383538,1.6454228370955881,2019-01-27,0,1,1,1,0,1,3187
392,0.5,-1.0,-0.5937767696187591,-0.395038965772294,0.3038026209005498,2019-01-28,0,1,1,1,0,2,3248
393,0.5,-1.0,-0.7916882206761737,-1.5007450127027344,0.6011636574562864,2019-01-29,0,1,1,1,1,2,2685
394,0.5,-1.0,-0.8289261723306456,-1.0739474238997215,0.3543074915218879,2019-01-30,0,1,1,1,2,2,3498
395,0.5,-1.0,-0.39114418364477144,-0.9985099745945308,0.8226707134334509,2019-01-31,0,1,1,1,3,2,4185
396,0.5,-0.8333333333333334,-0.07681618464063594,-0.5637703478988975,0.0823464463163143,2019-02-01,0,1,2,1,3,2,4275
397,0.5,-0.8333333333333334,-0.3260294056625956,0.22233418256443999,0.0632150425750056,2019-02-02,0,1,2,1,3,1,3571
398,0.5,-0.8333333333333334,-0.6566010594890663,-0.4744402876189728,-0.025226994614204565,2019-02-03,0,1,2,1,0,2,3841
399,0.5,-0.8333333333333334,-0.7916734671295593,0.7305197937547565,-0.6012043625706296,2019-02-04,0,1,2,1,0,1,2448
400,0.5,-0.8333333333333334,-0.8219329912354714,0.29379823078837974,-0.05066769107871104,2019-02-05,0,1,2,1,1,1,2629
401,0.5,-0.8333333333333334,-0.7042550150532281,-0.019419164037385327,-0.2765403705691846,2019-02-06,0,1,2,1,2,2,3578
402,0.5,-0.8333333333333334,-0.4656975430734405,-0.6193550846074777,-0.34188225536862304,2019-02-07,0,1,2,1,3,2,4176
403,0.5,-0.8333333333333334,-0.8149250565936829,0.4605476766442391,-0.4808698682935143,2019-02-08,0,1,2,1,3,1,2693
404,0.5,-0.8333333333333334,-0.8312756746289716,-0.30570890549236934,0.13292255088775312,2019-02-09,0,1,2,1,3,2,3667
405,0.5,-0.8333333333333334,-0.7148333079756752,-0.41091827728765346,-0.6517499383063111,2019-02-10,0,1,2,1,0,1,3604
406,0.5,-0.8333333333333334,-1.0198296887462714,0.5002483375675781,1.107392811985621,2019-02-11,0,1,2,1,0,0,1977
407,0.5,-0.8333333333333334,-1.4226347067963139,-0.7702252189479776,2.32260329558782,2019-02-12,0,1,2,1,1,2,1456
408,0.5,-0.8333333333333334,-0.956957449849468,-1.0243180245431363,-0.13933360639680886,2019-02-13,0,1,2,1,2,2,3328
409,0.5,-0.8333333333333334,-0.5658667478111733,-0.559801711087528,-0.40497518260059895,2019-02-14,0,1,2,1,3,1,3787
410,0.5,-0.8333333333333334,-0.5006450066160436,-0.4526056387516183,0.006360174116126484,2019-02-15,0,1,2,1,3,2,4028
411,0.5,-0.8333333333333334,-0.579823602908293,0.6034757730921185,-0.9112857473586197,2019-02-16,0,1,2,1,3,1,2931
412,0.5,-0.8333333333333334,-0.5006450066160436,0.03970066092333938,0.25309422470749554,2019-02-17,0,1,2,1,0,2,3805
413,0.5,-0.8333333333333334,-0.48664389087908105,-0.43672632723625887,0.10129467704307858,2019-02-18,0,1,2,0,0,2,2883
414,0.5,-0.8333333333333334,-0.8172598053453944,-0.5260563875161836,0.7340862083440398,2019-02-19,0,1,2,1,1,1,2071
415,0.5,-0.8333333333333334,-0.7892170016182799,-0.5642038964581225,0.4895604102057898,2019-02-20,0,1,2,1,2,2,2627
416,0.5,-0.8333333333333334,-0.7090978667293695,-0.1519897377626749,0.2517814847699271,2019-02-21,0,1,2,1,3,2,3614
417,0.5,-0.8333333333333334,-0.3492809951267192,-0.2779141550031385,0.544390199226094,2019-02-22,0,1,2,1,3,2,4379
418,0.5,-0.8333333333333334,-0.1583000225913682,-0.3414409296043392,0.1011318565857059,2019-02-23,0,1,2,1,3,2,4546
419,0.5,-0.8333333333333334,-0.281768765819721,0.530025024327553,0.5758959577277386,2019-02-24,0,1,2,1,0,1,3241
420,0.5,-0.8333333333333334,-0.8545604595729772,-1.0977687733077013,2.449094438409346,2019-02-25,0,1,2,1,0,2,2415
421,0.5,-0.8333333333333334,-0.8079650709783909,-1.0302733618951312,0.2468154608200555,2019-02-26,0,1,2,1,1,2,2874
422,0.5,-0.8333333333333334,-0.47731596103219504,-0.6451631345560831,0.8859264611227994,2019-02-27,0,1,2,1,2,2,4069
423,0.5,-0.8333333333333334,-0.49365182552086945,-1.0977687733077013,0.12661325816455563,2019-02-28,0,1,2,1,3,2,4134
424,0.5,-0.6666666666666666,-0.04423666532962635,-0.051611335627329336,0.4682309302899475,2019-03-01,0,1,3,1,3,2,4665
425,0.5,-0.6666666666666666,-0.4703522870302494,0.14689673325924865,-0.3670685448684844,2019-03-02,0,1,3,1,3,1,2948
426,0.5,-0.6666666666666666,-0.2724703430660635,-0.023821349407979912,-0.20246723874312772,2019-03-03,0,1,3,1,0,1,3110
427,0.5,-0.6666666666666666,-0.679930105072915,-1.0620367491957314,1.563035685664931,2019-03-04,0,1,3,1,0,2,2713
428,0.5,-0.6666666666666666,-0.9080568195963985,-0.5717123857915178,0.48727074752398425,2019-03-05,0,1,3,1,1,2,3130
429,0.5,-0.6666666666666666,-0.8568952083246888,-0.8079391793306915,0.20250794385747095,2019-03-06,0,1,3,1,2,2,3735
430,0.5,-0.6666666666666666,-0.37719101693430535,-0.5379670622201734,1.677091416054606,2019-03-07,0,1,3,1,3,2,4484
431,0.5,-0.6666666666666666,0.1373536747857279,-0.279900855543764,2.6518160841171183,2019-03-08,0,1,3,1,3,2,4896
432,0.5,-0.6666666666666666,-0.3329930796645412,-1.0441707371397466,2.3794683403252845,2019-03-09,0,1,3,1,3,1,4122
433,0.5,-0.6666666666666666,-0.7730766216222448,-1.3141428542502647,0.4556428736793097,2019-03-10,0,1,3,1,0,2,3150
434,0.5,-0.6666666666666666,-0.47098668953466405,-0.7112721434331088,0.4234553045124162,2019-03-11,0,1,3,1,0,2,3253
435,0.5,-0.6666666666666666,-0.10243571833635305,-0.6531004081788221,0.27209333682718906,2019-03-12,0,1,3,1,1,2,4460
436,0.5,-0.6666666666666666,0.20494336021245133,-0.041687361463964845,0.5696171938402985,2019-03-13,0,1,3,1,2,2,5085
437,0.5,-0.6666666666666666,0.2259229034979738,-0.5677437489801483,-0.6707490504260045,2019-03-14,0,1,3,1,3,2,5315
438,0.5,-0.6666666666666666,0.16767590146475064,-0.22233418256443965,-0.31640085378977334,2019-03-15,0,1,3,1,3,2,5187
439,0.5,-0.6666666666666666,-0.18860749572377666,1.0282866613545054,-0.6897786913814552,2019-03-16,0,1,3,1,3,1,3830
440,0.5,-0.6666666666666666,0.06521620861514936,0.6173683840668519,-0.715097272502932,2019-03-17,0,1,3,1,0,1,4681
441,0.5,-0.6666666666666666,-0.08617730996740389,0.8754345907432618,-0.5504552612632324,2019-03-18,0,1,3,1,0,1,3685
442,0.5,-0.6666666666666666,0.16766114791813638,0.4883376628635882,-0.18986900585390418,2019-03-19,0,1,3,1,1,2,5171
443,0.5,-0.6666666666666666,0.18872921248334468,0.8655106165798976,-0.6075645366867564,2019-03-20,0,1,3,1,2,2,5042
444,0.5,-0.6666666666666666,0.09550523981428988,0.9290326269112166,-0.9302818065947372,2019-03-21,1,1,3,1,3,1,5108
445,0.5,-0.6666666666666666,0.163035911054556,0.9766753257271764,-0.645308353961498,2019-03-22,1,1,3,1,3,2,5537
446,0.5,-0.6666666666666666,0.3050387972171125,0.3235749175483546,-0.658150817536781,2019-03-23,1,1,3,1,3,1,5893
447,0.5,-0.6666666666666666,-0.002329216171731293,1.2347415324035862,0.12016149754115665,2019-03-24,1,1,3,1,0,1,2339
448,0.5,-0.6666666666666666,-0.18396381692692831,1.2129021192663496,0.4050158877149422,2019-03-25,1,1,3,1,0,1,3464
449,0.5,-0.6666666666666666,-0.17930907297011944,-0.7066984443467769,2.094746241773115,2019-03-26,1,1,3,1,1,2,4763
450,0.5,-0.6666666666666666,-0.6333347164783285,-1.601985747686649,0.06326592396793458,2019-03-27,1,1,3,1,2,2,4571
451,0.5,-0.6666666666666666,-0.06054302272507225,-0.6908191328314174,1.1264733343340008,2019-03-28,1,1,3,1,3,2,5024
452,0.5,-0.6666666666666666,-0.018665080660405443,-0.8913139022586212,1.4111954328861707,2019-03-29,1,1,3,1,3,2,5299
453,0.5,-0.6666666666666666,-0.4121532340235227,-0.21637884521244466,-0.4366437615596165,2019-03-30,1,1,3,1,3,1,4663
454,0.5,-0.6666666666666666,-0.24216655832030873,0.5339936611389222,0.7086963932724623,2019-03-31,1,1,3,1,0,1,3934
455,0.5,-0.5,-0.25847291571575437,0.2382134940797991,-0.08861503392516884,2019-04-01,1,1,4,1,0,1,3694
456,0.5,-0.5,-0.22075547379631805,-0.5807740271063133,1.3347614044282075,2019-04-02,1,1,4,1,1,2,4728
457,0.5,-0.5,-0.09546097917444685,-1.0937953722264504,-0.822670713433451,2019-04-03,1,1,4,1,2,2,5424
458,0.5,-0.5,0.1699811431232337,-0.7464038695399977,0.0,2019-04-04,1,1,4,1,3,2,5378
459,0.5,-0.5,-0.2072928625107769,-1.20099144456236,0.3923362445970322,2019-04-05,1,1,4,1,3,2,5265
460,0.5,-0.5,-0.35628892976850757,-1.187098833587626,1.2151799547664417,2019-04-06,1,1,4,1,3,2,4653
461,0.5,-0.5,-0.2258602009248628,-1.772703830353878,0.9555118540925178,2019-04-07,1,1,4,1,0,2,3605
462,0.5,-0.5,0.018665080660405706,-1.6694811590992193,0.5253096768777142,2019-04-08,1,1,4,1,0,2,2939
463,0.5,-0.5,-0.039563479439549507,-1.4709683259427595,1.8034502672545163,2019-04-09,1,1,4,1,1,2,4680
464,0.5,-0.5,-0.1885927421771624,-0.9111666148552316,0.6960574552688953,2019-04-10,1,1,4,1,2,2,5099
465,0.5,-0.5,-0.5535917970280825,-0.7464896263978665,1.1631384660786472,2019-04-11,1,1,4,1,3,2,4380
466,0.5,-0.5,-0.3679552967537588,-0.7622831810553572,1.1138343963304336,2019-04-12,1,1,4,1,3,2,4746
467,0.5,-0.5,-0.20491385311922256,-1.0382153997877517,-0.2595358090523088,2019-04-13,1,1,4,1,3,2,5146
468,0.5,-0.5,0.002329216171731293,-0.5875916973068773,0.10117256170004915,2019-04-14,1,1,4,1,0,2,4665
469,0.5,-0.5,0.3190841735939181,-0.5637703478988975,0.44932340467752646,2019-04-15,1,1,4,1,0,2,4286
470,0.5,-0.5,0.47049244572308535,-0.3076908417631134,1.0568472362499393,2019-04-16,1,1,4,1,1,2,5172
471,0.5,-0.5,0.40986274591165417,-1.1235720589864253,0.9428729160889507,2019-04-17,1,1,4,1,2,2,5702
472,0.5,-0.5,-0.11185585784957829,-0.2719588176511435,-0.13293272716633886,2019-04-18,1,1,4,1,3,1,4020
473,0.5,-0.5,0.02095556877227451,-0.06550871087194475,-1.1707381109265247,2019-04-19,1,1,4,1,3,2,5719
474,0.5,-0.5,0.10478890902133284,0.325556853819098,-0.31652296913280303,2019-04-20,1,1,4,1,3,2,5950
475,0.5,-0.5,0.20491385311922256,0.2699768813803998,1.0442082982463727,2019-04-21,1,1,4,1,0,2,4083
476,0.5,-0.5,-0.36094736211197015,0.9965280383237871,1.6645440645583114,2019-04-22,1,1,4,1,0,0,907
477,0.5,-0.5,-0.6869232861680891,0.6689844839640633,1.246807828611116,2019-04-23,1,1,4,1,1,1,3019
478,0.5,-0.5,-0.3027483091052435,-0.8198498540346815,0.6961388654975817,2019-04-24,1,1,4,1,2,2,5115
479,0.5,-0.5,-0.06287777147678382,-0.9449119384265761,-0.6327915313009609,2019-04-25,1,1,4,1,3,2,5541
480,0.5,-0.5,-0.01394763413048583,0.6213417851481035,-0.04426681184824105,2019-04-26,1,1,4,1,3,1,4551
481,0.5,-0.5,-0.12808844751195264,-1.0739474238997215,1.6959582365526837,2019-04-27,1,1,4,1,3,2,5219
482,0.5,-0.5,-0.405208001954845,-0.651118471908078,-0.5189902078759308,2019-04-28,1,1,4,1,0,1,3100
483,0.5,-0.5,-0.13736842833234217,-0.18660215845246977,-0.6519636401566129,2019-04-29,1,1,4,1,0,2,4075
484,0.5,-0.5,-0.10942889943152748,-0.267990180839774,-0.09501591315563856,2019-04-30,1,1,4,1,1,1,4907
485,0.5,-0.3333333333333333,0.3306878380060584,0.1588074079632386,-0.253175634936182,2019-05-01,1,1,5,1,2,1,5087
486,0.5,-0.3333333333333333,0.18637971018501884,0.8138945166826862,-0.4367353480668887,2019-05-02,1,1,5,1,3,2,5502
487,0.5,-0.3333333333333333,0.18396750531358227,0.6769217575868016,-0.48112427525815943,2019-05-03,1,1,5,1,3,1,5657
488,0.5,-0.3333333333333333,0.3819416589441074,0.5201010501641888,-0.18354953685212094,2019-05-04,1,1,5,1,3,2,5227
489,0.5,-0.3333333333333333,0.3586716275467159,0.6213417851481035,-0.2847628036665133,2019-05-05,1,1,5,1,0,1,4387
490,0.5,-0.3333333333333333,0.21898873658925666,0.541935699031543,-0.31644155890411657,2019-05-06,1,1,5,1,0,1,4224
491,0.5,-0.3333333333333333,0.14671480011249585,0.18064682110047514,0.5062291545293343,2019-05-07,1,1,5,1,1,1,5265
492,0.5,-0.3333333333333333,0.2585798789287084,0.28386949235513315,1.1708215564109286,2019-05-08,1,1,5,1,2,1,4990
493,0.5,-0.3333333333333333,0.24218131186692324,0.5617884116281537,0.3606167842450854,2019-05-09,1,1,5,1,3,1,4097
494,0.5,-0.3333333333333333,0.01629713642881192,-0.3533516043083292,1.354340564427292,2019-05-10,1,1,5,1,3,2,5546
495,0.5,-0.3333333333333333,0.12344476871510457,-1.2665001554343047,0.5694849022186831,2019-05-11,1,1,5,1,3,2,5711
496,0.5,-0.3333333333333333,0.21190703421439672,-0.694787769642787,-0.5886163059599918,2019-05-12,1,1,5,1,0,2,4807
497,0.5,-0.3333333333333333,0.3609953111384669,-0.2382134940797991,0.44920128933449677,2019-05-13,1,1,5,1,0,2,3946
498,0.5,-0.3333333333333333,0.23065510357450794,0.7781624925707163,0.32276102790589983,2019-05-14,1,1,5,1,1,1,2501
499,0.5,-0.3333333333333333,0.32841210344080385,0.8019838419786962,-0.3417499637470076,2019-05-15,1,1,5,1,2,1,4490
500,0.5,-0.3333333333333333,0.4005975186378789,0.3414409296043395,-0.5949357749617753,2019-05-16,1,1,5,1,3,2,6433
501,0.5,-0.3333333333333333,0.31442942963710896,-0.5062036749195731,0.4935495114114243,2019-05-17,1,1,5,1,3,2,6142
502,0.5,-0.3333333333333333,0.2351586236785203,-0.49032436340421365,-0.4493641097918697,2019-05-18,1,1,5,1,3,2,6118
503,0.5,-0.3333333333333333,0.2933871837784758,-0.809925879871317,-0.9870990228228489,2019-05-19,1,1,5,1,0,2,4884
504,0.5,-0.3333333333333333,0.3563073717017758,-0.45657427556298785,0.7468574379692218,2019-05-20,1,1,5,1,0,2,4425
505,0.5,-0.3333333333333333,0.2888098959413916,0.8813899280952567,0.5314968542578821,2019-05-21,1,1,5,1,1,1,3729
506,0.5,-0.3333333333333333,0.34471846083624974,0.6650110828828117,-0.6391517054170875,2019-05-22,1,1,5,1,2,1,5254
507,0.5,-0.3333333333333333,0.3586863810933301,0.7066984443467765,-0.8036716013137576,2019-05-23,1,1,5,1,3,1,4494
508,0.5,-0.3333333333333333,0.4401554654974484,0.4307709898842642,-0.08221415469469885,2019-05-24,1,1,5,1,3,2,5711
509,0.5,-0.3333333333333333,0.516980871104718,0.575681022602887,-0.4113760618310687,2019-05-25,1,1,5,1,3,2,5317
510,0.5,-0.3333333333333333,0.5729226314794581,0.5062036749195731,0.18334601128040476,2019-05-26,1,1,5,1,0,2,3681
511,0.5,-0.3333333333333333,0.568234692042767,0.3374675285230879,0.3479880225201044,2019-05-27,1,1,5,0,0,2,3308
512,0.5,-0.3333333333333333,0.7079323365468407,0.2382134940797991,0.15820042689488667,2019-05-28,1,1,5,1,1,2,3486
513,0.5,-0.3333333333333333,0.6846659935361027,0.27791415500313815,1.1644206771804582,2019-05-29,1,1,5,1,2,2,4863
514,0.5,-0.3333333333333333,0.4564913299861228,0.20843680731982422,-0.4746826909133465,2019-05-30,1,1,5,1,3,1,6110
515,0.5,-0.3333333333333333,0.5309967403882951,-0.6352343961228372,0.1455614888913199,2019-05-31,1,1,5,1,3,2,6238
516,0.5,-0.16666666666666666,0.44481020945425725,0.6153864477961085,0.5758552526133957,2019-06-01,1,1,6,1,3,1,3594
517,0.5,-0.16666666666666666,0.2911003840532604,-0.36724421528306317,0.05685486845887885,2019-06-02,1,1,6,1,0,2,5325
518,0.5,-0.16666666666666666,0.32372416400411275,-0.6332524598520931,0.031668578959017514,2019-06-03,1,1,6,1,0,2,5147
519,0.5,-0.16666666666666666,0.3353425819628673,-0.663029146612068,1.0568879413642829,2019-06-04,1,1,6,1,1,2,5927
520,0.5,-0.16666666666666666,0.14210431679552973,-0.061540074060575246,0.29104156755395333,2019-06-05,1,1,6,1,2,1,6033
521,0.5,-0.16666666666666666,0.20259385791412524,-0.07146404822393973,-1.0568065311355963,2019-06-06,1,1,6,1,3,2,6028
522,0.5,-0.16666666666666666,0.30273355555862946,-0.2818875560843894,-0.24041458158958554,2019-06-07,1,1,6,1,3,2,6456
523,0.5,-0.16666666666666666,0.4075575042531711,-0.7543411431627367,-0.056905749851808095,2019-06-08,1,1,6,1,3,2,6248
524,0.5,-0.16666666666666666,0.5938394721918698,-0.9012426406918671,-0.3733473087559244,2019-06-09,1,1,6,1,0,2,4790
525,0.5,-0.16666666666666666,0.6497185299934992,-0.4188603151802739,-0.4808698682935143,2019-06-10,1,1,6,1,0,2,4374
526,0.5,-0.16666666666666666,0.6357174142565367,-0.18262875737121884,0.27209333682718906,2019-06-11,1,1,6,1,1,1,5647
527,0.5,-0.16666666666666666,0.4076054532796676,0.9865992998905405,0.3416278484039779,2019-06-12,1,1,6,1,2,1,4495
528,0.5,-0.16666666666666666,0.45644706934627977,-0.2104235078604497,1.6516507195900996,2019-06-13,1,1,6,1,3,2,6248
529,0.5,-0.16666666666666666,0.5053772066925778,-0.2699768813803995,0.7404056773458231,2019-06-14,1,1,6,1,3,2,6183
530,0.5,-0.16666666666666666,0.414535931801731,-0.17469148374847981,-0.04434822207692752,2019-06-15,1,1,6,1,3,2,6102
531,0.5,-0.16666666666666666,0.39592433274780203,-0.5816363599548824,-0.14560219400566313,2019-06-16,1,1,6,1,0,2,4739
532,0.5,-0.16666666666666666,0.31207623895212944,-0.1310174217438895,-0.3670685448684844,2019-06-17,1,1,6,1,0,2,4344
533,0.5,-0.16666666666666666,0.2119992438807362,0.7225825201320182,-0.06338803931096428,2019-06-18,1,1,6,1,1,1,4446
534,0.5,-0.16666666666666666,0.6171685177757187,0.30372220495174385,-0.33538978963088084,2019-06-19,1,1,6,1,2,2,5857
535,0.5,-0.16666666666666666,0.8616458503344908,-0.16278080904448985,-0.6834693986582577,2019-06-20,1,1,6,1,3,2,5339
536,0.5,-0.16666666666666666,0.9780771518278264,-0.2779141550031385,-0.63284241269389,2019-06-21,2,1,6,1,3,2,5127
537,0.5,-0.16666666666666666,0.873249514746631,-0.25012416878378907,0.018999112119693254,2019-06-22,2,1,6,1,3,2,4859
538,0.5,-0.16666666666666666,0.6101605831339303,-0.43672632723625887,-0.012761053346596472,2019-06-23,2,1,6,1,0,2,4801
539,0.5,-0.16666666666666666,0.6893207374929116,-0.7007431069947819,-0.36074907586670085,2019-06-24,2,1,6,1,0,2,4340
540,0.5,-0.16666666666666666,0.6147710664508964,-0.5816363599548824,1.2151290733735127,2019-06-25,2,1,6,1,1,2,5640
541,0.5,-0.16666666666666666,0.3959095792011878,-1.204964845643611,1.6960498230599563,2019-06-26,2,1,6,1,2,2,6365
542,0.5,-0.16666666666666666,0.5658999432910554,-1.2684868559749303,0.924006095590873,2019-06-27,2,1,6,1,3,2,6258
543,0.5,-0.16666666666666666,0.6939607279031061,-0.9707199883751814,-0.09489379781260886,2019-06-28,2,1,6,1,3,2,5958
544,0.5,-0.16666666666666666,1.1037441735017084,-0.6550871087194475,-0.15832254223791636,2019-06-29,2,1,6,1,3,2,4634
545,0.5,-0.16666666666666666,0.7382066141993667,-0.11910674703989955,-0.20254864897181418,2019-06-30,2,1,6,1,0,2,4232
546,0.5,0.0,0.9710212681595415,-0.5121590122715681,-0.12665396327889886,2019-07-01,2,1,7,1,0,2,4110
547,0.5,0.0,0.791798872275781,-0.8535999418759073,0.1454393735482902,2019-07-02,2,1,7,1,1,2,5323
548,0.5,0.0,0.7940561649077676,-0.639207797204088,-0.5570291372296607,2019-07-03,2,1,7,1,2,2,5608
549,0.5,0.0,0.903553299492386,-0.41687361463964845,-0.46836322191156293,2019-07-04,2,1,7,0,3,2,4841
550,0.5,0.0,1.0106271640456075,-0.8019838419786965,0.13284114065906666,2019-07-05,2,1,7,1,3,2,4836
551,0.5,0.0,0.9780439563479442,-0.8357339298199223,-0.3544703119792608,2019-07-06,2,1,7,1,3,2,4841
552,0.5,0.0,1.1712416492620925,-0.639207797204088,-0.1772809492432664,2019-07-07,2,1,7,1,0,2,3392
553,0.5,0.0,1.1176973402121746,-0.25012416878378907,-0.5632163146098289,2019-07-08,2,1,7,1,0,2,3469
554,0.5,0.0,0.6148153270907392,0.27195881765114316,0.0,2019-07-09,2,1,7,1,1,1,5571
555,0.5,0.0,0.6544359765234194,0.19652613261583426,-0.29753403329169553,2019-07-10,2,1,7,1,2,1,5336
556,0.5,0.0,0.6008621603802731,0.0337453235713444,-0.2975747384060385,2019-07-11,2,1,7,1,3,2,6289
557,0.5,0.0,0.6171353222958366,-0.46054767664423873,-0.34802872763444764,2019-07-12,2,1,7,1,3,2,6414
558,0.5,0.0,0.6660064454556774,-0.668984483964063,-1.0188998934034819,2019-07-13,2,1,7,1,3,1,5988
559,0.5,0.0,0.6590317062937713,0.3473962669563345,-0.3795344861360925,2019-07-14,2,1,7,1,0,1,4614
560,0.5,0.0,0.803446797327764,0.4367263272362592,-0.14560219400566313,2019-07-15,2,1,7,1,0,2,4111
561,0.5,0.0,0.8732642682932453,0.08933006027992467,-0.17083936489845344,2019-07-16,2,1,7,1,1,2,5742
562,0.5,0.0,0.9896623743066987,-0.5736990863321434,-0.6771906347708174,2019-07-17,2,1,7,1,2,2,5865
563,0.5,0.0,0.9524096691056128,-0.2342448572684296,-0.443003935675743,2019-07-18,2,1,7,1,3,2,4914
564,0.5,0.0,0.8382872976574139,-0.12307538385126907,-0.15820042689488667,2019-07-19,2,1,7,1,3,2,5703
565,0.5,0.0,0.46348451108129696,1.038215399787752,0.2848543901737853,2019-07-20,2,1,7,1,3,1,5123
566,0.5,0.0,0.23069936421435072,1.1394561347716665,0.3289482052860679,2019-07-21,2,1,7,1,0,0,3195
567,0.5,0.0,0.5007372162823831,0.6491317713674526,-0.8858877912641737,2019-07-22,2,1,7,1,0,1,4866
568,0.5,0.0,0.7474607763131812,0.3235749175483546,-0.4303751739507622,2019-07-23,2,1,7,1,1,2,5831
569,0.5,0.0,0.8080720341913444,0.1369727590958845,0.31016279501667626,2019-07-24,2,1,7,1,2,2,6452
570,0.5,0.0,0.6148153270907392,-0.8397025666312918,-0.1646013061253564,2019-07-25,2,1,7,1,3,2,6790
571,0.5,0.0,0.929099065455032,-0.140941395907254,1.056684415792567,2019-07-26,2,1,7,1,3,2,5825
572,0.5,0.0,0.9104874664011032,-0.15087013434049992,-0.2847628036665133,2019-07-27,2,1,7,1,3,2,5645
573,0.5,0.0,0.7754445658538389,-0.061540074060575246,-0.24041458158958554,2019-07-28,2,1,7,1,0,2,4451
574,0.5,0.0,0.6660064454556774,-0.011910674703989956,-0.10765485115920533,2019-07-29,2,1,7,1,0,2,4444
575,0.5,0.0,0.7289081914457095,0.20248146996782926,-0.2784026295503866,2019-07-30,2,1,7,1,1,2,6065
576,0.5,0.0,0.6474280418816305,0.37121761636431444,-0.1582411320092299,2019-07-31,2,1,7,1,2,2,6248
577,0.5,0.16666666666666666,0.6637012037971944,0.2441688314317941,-0.40497518260059895,2019-08-01,2,1,8,1,3,2,6506
578,0.5,0.16666666666666666,0.810425224876324,0.1588074079632386,-0.5253096768777142,2019-08-02,2,1,8,1,3,2,6278
579,0.5,0.16666666666666666,0.8686242778830506,0.07741938557593471,0.3543074915218879,2019-08-03,2,1,8,1,3,1,5847
580,0.5,0.16666666666666666,0.973374458844521,-0.061540074060575246,0.7783123150779376,2019-08-04,2,1,8,1,0,2,4479
581,0.5,0.16666666666666666,0.8989133090821915,0.12506208439189453,1.1137529861017477,2019-08-05,2,1,8,1,0,2,3757
582,0.5,0.16666666666666666,0.8220731499283076,0.1330041222845153,-0.5253096768777142,2019-08-06,2,1,8,1,1,1,5780
583,0.5,0.16666666666666666,0.7755072684269496,0.3692309158236886,-0.6519636401566129,2019-08-07,2,1,8,1,2,1,5995
584,0.5,0.16666666666666666,0.8127452200814212,0.22233418256443999,-0.7151379776172753,2019-08-08,2,1,8,1,3,1,6271
585,0.5,0.16666666666666666,0.7824672540422416,-0.027789986219349423,-0.25313492982183877,2019-08-09,2,1,8,1,3,2,6090
586,0.5,0.16666666666666666,0.6660396409355597,0.4267975888030126,0.5885756008456489,2019-08-10,2,1,8,1,3,1,4721
587,0.5,0.16666666666666666,0.556586766990784,0.508190375460199,0.2595358090523085,2019-08-11,2,1,8,1,0,1,4052
588,0.5,0.16666666666666666,0.5798678635481358,-0.45657427556298785,-0.5949357749617753,2019-08-12,2,1,8,1,0,2,4362
589,0.5,0.16666666666666666,0.6450600976500367,-0.3851102273390481,-0.4555207583362803,2019-08-13,2,1,8,1,1,2,5676
590,0.5,0.16666666666666666,0.698633913793183,0.28784289343638475,-0.12025308404842887,2019-08-14,2,1,8,1,2,2,5656
591,0.5,0.16666666666666666,0.6147526245176285,-0.031763387300600354,-0.11401502527533208,2019-08-15,2,1,8,1,3,2,6149
592,0.5,0.16666666666666666,0.6171537642291045,-0.5101723117309427,-0.39869641871315864,2019-08-16,2,1,8,1,3,2,6267
593,0.5,0.16666666666666666,-0.9035237923991575,-0.2640215440284045,0.5126707388741475,2019-08-17,2,1,8,1,3,2,5665
594,0.5,0.16666666666666666,0.48209611013522563,-0.10918277287653506,-0.03162787384467428,2019-08-18,2,1,8,1,0,2,5038
595,0.5,0.16666666666666666,0.4285518010853081,0.4069496404762843,-0.9619127333229874,2019-08-19,2,1,8,1,0,1,3341
596,0.5,0.16666666666666666,0.4005680115446504,0.5141457128121939,-0.5189495027615876,2019-08-20,2,1,8,1,1,1,5504
597,0.5,0.16666666666666666,0.4192238712384221,0.22630281937580915,-1.1011160833538978,2019-08-21,2,1,8,1,2,2,5925
598,0.5,0.16666666666666666,0.496049276845692,0.2421821308911683,-1.1264295763360819,2019-08-22,2,1,8,1,3,2,6281
599,0.5,0.16666666666666666,0.5519430881939357,0.045655998275334356,-0.9807815890767825,2019-08-23,2,1,8,1,3,2,6402
600,0.5,0.16666666666666666,0.589166286301793,-0.0535980361679548,-1.1074762574700245,2019-08-24,2,1,8,1,3,1,6257
601,0.5,0.16666666666666666,0.4844013517937087,0.4129049778282793,0.6455118795332142,2019-08-25,2,1,8,1,0,1,4224
602,0.5,0.16666666666666666,0.4006749747576041,1.0461526734104902,0.48727074752398425,2019-08-26,2,1,8,1,0,1,3772
603,0.5,0.16666666666666666,0.6171537642291045,0.496279700756209,-0.5316291458794975,2019-08-27,2,1,8,1,1,2,5928
604,0.5,0.16666666666666666,0.6590612133869997,-0.02977668675997489,0.10125397192873561,2019-08-28,2,1,8,1,2,2,6105
605,0.5,0.16666666666666666,0.5472403952106303,-0.3533516043083292,-0.6961897468905108,2019-08-29,2,1,8,1,3,2,6520
606,0.5,0.16666666666666666,0.6101126341074339,-0.1707180826672289,-1.0568909942478586,2019-08-30,2,1,8,1,3,2,6541
607,0.5,0.16666666666666666,0.7451850417479267,-0.1846154579118443,-0.12661325816455563,2019-08-31,2,1,8,1,3,2,5917
608,0.5,0.3333333333333333,0.7940709184543818,0.057566672979324315,-0.6898295727743842,2019-09-01,2,1,9,1,0,1,3788
609,0.5,0.3333333333333333,0.596174220943582,0.8992559401512417,-1.1896497070503802,2019-09-02,2,1,9,0,0,1,3197
610,0.5,0.3333333333333333,0.6427548559915536,0.7841178299227113,-0.3038026209005498,2019-09-03,2,1,9,1,1,2,4069
611,0.5,0.3333333333333333,0.7359198144741517,0.6133997472554827,0.5632163146098289,2019-09-04,2,1,9,1,2,2,5997
612,0.5,0.3333333333333333,0.817414717584845,0.547891036383538,0.06953451157678885,2019-09-05,2,1,9,1,3,2,6280
613,0.5,0.3333333333333333,0.6195180200740446,0.8774212912838876,-0.3923362445970322,2019-09-06,2,1,9,1,3,1,5592
614,0.5,0.3333333333333333,0.6264337450494938,0.524069686975558,-0.09493450292695209,2019-09-07,2,1,9,1,3,2,6459
615,0.5,0.3333333333333333,0.456461822892894,0.8238232551159328,1.0189405985178248,2019-09-08,2,1,9,1,0,1,4419
616,0.5,0.3333333333333333,0.33771052619446107,-0.3751862531756836,0.4428818203327135,2019-09-09,2,1,9,1,0,2,5657
617,0.5,0.3333333333333333,0.28876194691489515,-0.5836230604955078,0.7910835447031196,2019-09-10,2,1,9,1,1,2,6407
618,0.5,0.3333333333333333,0.24685449775700008,-0.5062036749195731,-0.9048828328724327,2019-09-11,2,1,9,1,2,2,6697
619,0.5,0.3333333333333333,0.30506830431034104,-0.2342448572684296,-0.4999503906418943,2019-09-12,2,1,9,1,3,2,6820
620,0.5,0.3333333333333333,0.3400452749461729,0.051611335627329336,-0.9998621114251623,2019-09-13,2,1,9,1,3,2,6750
621,0.5,0.3333333333333333,0.393619091089319,0.22034748202381418,-0.7847131943084074,2019-09-14,2,1,9,1,3,2,6630
622,0.5,0.3333333333333333,0.3633153063435642,-0.5935470346588724,0.6771906347708174,2019-09-15,2,1,9,1,0,2,5554
623,0.5,0.3333333333333333,0.2794340170680094,-0.267990180839774,-0.9239216324786107,2019-09-16,2,1,9,1,0,2,5167
624,0.5,0.3333333333333333,0.24227352153326248,0.5161276490829373,-0.2974831518987663,2019-09-17,2,1,9,1,1,1,5847
625,0.5,0.3333333333333333,0.28659686394924805,1.1732014583430106,1.7972529135957624,2019-09-18,2,1,9,1,2,1,3702
626,0.5,0.3333333333333333,0.1956301839121796,-0.42679758880301294,0.34802872763444764,2019-09-19,2,1,9,1,3,2,6803
627,0.5,0.3333333333333333,0.16534115271303906,-0.037718724652595334,-0.6391517054170875,2019-09-20,2,1,9,1,3,2,6781
628,0.5,0.3333333333333333,0.3120614854055152,0.20248146996782926,-0.2721747470558755,2019-09-21,2,1,9,1,3,2,6917
629,0.5,0.3333333333333333,0.4541270741411824,0.09727209817254545,1.0441675931320293,2019-09-22,2,1,9,1,0,2,5883
630,0.5,0.3333333333333333,0.11643683407331615,-0.7583145442439877,0.4302835874434897,2019-09-23,1,1,9,1,0,2,5453
631,0.5,0.3333333333333333,0.0558735252216491,-0.6352343961228372,-0.39250924133299087,2019-09-24,1,1,9,1,1,2,6435
632,0.5,0.3333333333333333,0.20955384352941744,-0.267990180839774,0.5632163146098289,2019-09-25,1,1,9,1,2,2,6693
633,0.5,0.3333333333333333,0.4029507093228584,0.021834648867354447,0.6454304693045277,2019-09-26,1,1,9,1,3,2,6946
634,0.5,0.3333333333333333,0.4448581584807537,0.30769084176311307,-0.47455039929173104,2019-09-27,1,1,9,1,3,1,6642
635,0.5,0.3333333333333333,0.36330055279694995,0.30372220495174385,-0.1709207751271399,2019-09-28,1,1,9,1,3,1,6370
636,0.5,0.3333333333333333,0.1583479716178649,-0.397020902043038,0.4745096941773878,2019-09-29,1,1,9,1,0,2,5966
637,0.5,0.3333333333333333,0.11175258302327848,-0.2044681705084547,-0.46828181168287675,2019-09-30,1,1,9,1,0,2,4874
638,0.5,0.5,0.09086524940409524,0.10918277287653541,-0.9176031811046859,2019-10-01,1,1,10,1,1,1,6015
639,0.5,0.5,0.20274508176692177,1.1692328215316414,-0.7784853118138961,2019-10-02,1,1,10,1,2,0,4324
640,0.5,0.5,0.4122454436898622,0.798015205167327,-1.1644634175505189,2019-10-03,1,1,10,1,3,1,6844
641,0.5,0.5,0.4448581584807537,0.4605476766442391,-0.6454711744188709,2019-10-04,1,1,10,1,3,1,6437
642,0.5,0.5,0.3423652701512702,0.005955337351994978,-0.7594047894655164,2019-10-05,1,1,10,1,3,2,6640
643,0.5,0.5,0.1886849518435019,0.18064682110047514,0.8858450508941129,2019-10-06,1,1,10,1,0,2,4934
644,0.5,0.5,-0.24915605102882946,0.39106556469104276,-0.4051481793365576,2019-10-07,1,1,10,1,0,1,2729
645,0.5,0.5,-0.3679405432071443,0.3970209020430377,0.08857432881082561,2019-10-08,1,1,10,1,1,1,4604
646,0.5,0.5,-0.18166226365509897,0.6451631345560834,0.09489379781260886,2019-10-09,1,1,10,1,2,1,5791
647,0.5,0.5,0.05819352042674642,0.021834648867354447,0.06966680319840429,2019-10-10,1,1,10,1,3,2,6911
648,0.5,0.5,-0.20727810896416263,-0.7761805562999726,0.00631946900178325,2019-10-11,1,1,10,1,3,2,6736
649,0.5,0.5,-0.20025542077575997,-0.414886914099023,0.5507096682278773,2019-10-12,1,1,10,1,3,2,6222
650,0.5,0.5,-0.3539689345634103,-0.6272971225000982,-0.3544703119792608,2019-10-13,1,1,10,1,0,2,4857
651,0.5,0.5,0.0768641336671324,0.06749541141257057,0.9935813122820047,2019-10-14,1,1,10,0,0,2,4559
652,0.5,0.5,0.19100494704859922,0.38709692787967354,1.170902966639615,2019-10-15,1,1,10,1,1,1,5115
653,0.5,0.5,-0.09781048147277267,-0.32357491754835427,0.012679643117910004,2019-10-16,1,1,10,1,2,2,6612
654,0.5,0.5,-0.13741637735883838,0.3176195801963596,-0.8100724805442273,2019-10-17,1,1,10,1,3,2,6482
655,0.5,0.5,0.0931704910625783,0.4863509623229624,0.5694849022186831,2019-10-18,1,1,10,1,3,1,6501
656,0.5,0.5,0.18637971018501884,0.8992559401512417,-0.4683225167972197,2019-10-19,1,1,10,1,3,1,4671
657,0.5,0.5,-0.053564595176512346,-0.25409280559515857,-0.6455627609261432,2019-10-20,1,1,10,1,0,2,5284
658,0.5,0.5,-0.11410208532160432,-0.5538463737355329,-0.15184025277876018,2019-10-21,1,1,10,1,0,2,4692
659,0.5,0.5,-0.01631188997542618,-0.27593221873239443,-1.012455256175093,2019-10-22,1,1,10,1,1,2,6228
660,0.5,0.5,0.15837747871109342,0.07345074876456553,-0.8795276171480471,2019-10-23,1,1,10,1,2,2,6625
661,0.5,0.5,0.2631903622456745,0.047642698815959825,-1.101030602613777,2019-10-24,1,1,10,1,3,2,6898
662,0.5,0.5,0.15610543253249257,0.8297785924679277,-0.5759773679564251,2019-10-25,1,1,10,1,3,1,6484
663,0.5,0.5,0.13051540593000371,0.861537215498646,-0.49363092164011074,2019-10-26,1,1,10,1,3,1,6262
664,0.5,0.5,0.10242096478973906,0.44665030139962336,0.5568154353793588,2019-10-27,1,1,10,1,0,1,5209
665,0.5,0.5,-0.07226840389678055,0.325556853819098,2.208588270312488,2019-10-28,1,1,10,1,0,1,3461
666,0.5,0.5,-0.17691162164529714,1.2089334824549804,1.8034909723688597,2019-10-29,1,1,10,1,1,0,20
667,0.5,0.5,-0.6545244978031048,0.9490663817633278,0.32598690821759946,2019-10-30,1,1,10,1,2,1,1009
668,0.5,0.5,-0.46571229662005476,0.1925574958044651,-0.14560219400566313,2019-10-31,1,1,10,1,3,1,5147
669,0.5,0.6666666666666666,-0.43309958182916325,-0.21240544413119375,-0.24045528670392877,2019-11-01,1,1,11,1,3,1,5520
670,0.5,0.6666666666666666,-0.4843681563138265,-0.49627970075620864,0.8670189355103787,2019-11-02,1,1,11,1,3,2,5229
671,0.5,0.6666666666666666,-0.6031194530122594,-0.6431764340154577,0.911326452472963,2019-11-03,1,1,11,1,0,1,4109
672,0.5,0.6666666666666666,-0.5821251561801224,-0.44466360085899787,-0.018999112119693524,2019-11-04,1,1,11,1,0,2,3906
673,0.5,0.6666666666666666,-0.6612889989257574,-0.6292790587708422,0.5632570197241719,2019-11-05,1,1,11,1,1,2,4881
674,0.5,0.6666666666666666,-0.7590607523386678,-0.2818875560843894,-0.07593539080725883,2019-11-06,1,1,11,1,2,2,5220
675,0.5,0.6666666666666666,-0.7846802860343851,-0.3751862531756836,1.2530357111056274,2019-11-07,1,1,11,1,3,1,4709
676,0.5,0.6666666666666666,-0.5365625158485363,-1.394844821774619,1.698013844827016,2019-11-08,1,1,11,1,3,2,4975
677,0.5,0.6666666666666666,-0.4866881515189238,-0.40694964047628396,0.3417499637470076,2019-11-09,1,1,11,1,3,2,5283
678,0.5,0.6666666666666666,-0.3445967440766815,0.09131676082055047,-1.252997041247001,2019-11-10,1,1,11,1,0,2,4446
679,0.5,0.6666666666666666,-0.24214811638704076,0.15682547169249522,-0.5441764973757921,2019-11-11,1,1,11,0,0,2,4562
680,0.5,0.6666666666666666,-0.04419240468978358,0.5498777369241638,-0.0758946856929156,2019-11-12,1,1,11,1,1,2,5172
681,0.5,0.6666666666666666,-0.6054099411241283,0.17469148374848015,1.639103368093805,2019-11-13,1,1,11,1,2,1,3767
682,0.5,0.6666666666666666,-0.759075505885282,-0.3533516043083292,0.18978759562521771,2019-11-14,1,1,11,1,3,2,5122
683,0.5,0.6666666666666666,-0.6007367552340513,-0.027789986219349423,-0.28481368505944227,2019-11-15,1,1,11,1,3,1,5125
684,0.5,0.6666666666666666,-0.5169661175581037,-0.48436902605221865,-0.10125397192873561,2019-11-16,1,1,11,1,3,2,5214
685,0.5,0.6666666666666666,-0.593762016072145,-0.3851102273390481,-0.012679643117910004,2019-11-17,1,1,11,1,0,2,4316
686,0.5,0.6666666666666666,-0.5518508785275962,0.3176195801963596,0.47459110440607427,2019-11-18,1,1,11,1,0,2,3747
687,0.5,0.6666666666666666,-0.4121532340235227,-0.01389737524461542,0.5504552612632324,2019-11-19,1,1,11,1,1,1,5050
688,0.5,0.6666666666666666,-0.393541634969594,0.279900855543764,-0.999819371055102,2019-11-20,1,1,11,1,2,1,5100
689,0.5,0.6666666666666666,-0.45172593442970643,-0.05955337351994978,-0.7909919581958476,2019-11-21,1,1,11,1,3,2,4531
690,0.5,0.6666666666666666,-0.5052849970262382,-0.21836078148318872,-1.3036240272113688,2019-11-22,1,1,11,1,3,2,1470
691,0.5,0.6666666666666666,-0.40050530897153963,-0.273945518191769,-0.3353490845165376,2019-11-23,1,1,11,1,3,2,2307
692,0.5,0.6666666666666666,-0.8801320442421982,-1.0560814118437365,1.9934922698443793,2019-11-24,1,1,11,1,0,2,1745
693,0.5,0.6666666666666666,-0.8475230178379601,-0.7523592068919926,-0.31012208990233303,2019-11-25,1,1,11,1,0,2,2115
694,0.5,0.6666666666666666,-0.5472108881174015,-0.43275292615500793,-1.3669286210379294,2019-11-26,1,1,11,1,1,2,4750
695,0.5,0.6666666666666666,-0.75909394781855,0.764269881595983,0.5758450763348096,2019-11-27,1,1,11,1,2,1,3836
696,0.5,0.6666666666666666,-0.728834423712638,-0.5717123857915178,0.30372121067186336,2019-11-28,1,1,11,0,3,2,5062
697,0.5,0.6666666666666666,-0.6968929952926968,-0.33634792510091327,-0.6660679622765353,2019-11-29,1,1,11,1,3,2,5080
698,0.5,0.6666666666666666,-0.6030419968925345,0.11116470914727877,-1.2466368671308745,2019-11-30,1,1,11,1,3,2,5306
699,0.5,0.8333333333333334,-0.6287242331613624,0.8595552792279026,-1.2340854451231458,2019-12-01,1,1,12,1,0,1,4240
700,0.5,0.8333333333333334,-0.4726907241686147,0.9389566010745807,-0.5759366628420821,2019-12-02,1,1,12,1,0,1,3757
701,0.5,0.8333333333333334,-0.11643683407331588,0.6729531207754325,-0.9998621114251623,2019-12-03,1,1,12,1,1,2,5679
702,0.5,0.8333333333333334,-0.06753620382024642,0.5121590122715681,-0.06966680319840429,2019-12-04,1,1,12,1,2,2,6055
703,0.5,0.8333333333333334,-0.21891496885618514,-0.6729531207754325,1.4556759465847136,2019-12-05,1,1,12,1,3,2,5398
704,0.5,0.8333333333333334,-0.8452325297260914,-0.559801711087528,-0.06330662908227781,2019-12-06,1,1,12,1,3,2,5035
705,0.5,0.8333333333333334,-0.6100831270142051,0.6570738092600734,-0.5126300337598043,2019-12-07,1,1,12,1,3,1,4659
706,0.5,0.8333333333333334,-0.3609326085653559,1.357816916254855,-0.809991070315541,2019-12-08,1,1,12,1,0,1,4429
707,0.5,0.8333333333333334,-0.3585794178803764,1.3300269300355059,-0.23405440747345904,2019-12-09,1,1,12,1,0,1,2787
708,0.5,0.8333333333333334,-0.19101970059521348,1.4233256271267998,0.09497520804129533,2019-12-10,1,1,12,1,1,1,4841
709,0.5,0.8333333333333334,-0.5495751439623416,-0.140941395907254,1.170902966639615,2019-12-11,1,1,12,1,2,1,5219
710,0.5,0.8333333333333334,-0.7008912064251698,-0.4188603151802739,-0.18355971313070668,2019-12-12,1,1,12,1,3,1,5009
711,0.5,0.8333333333333334,-0.7125096243839243,-0.668984483964063,-0.06966680319840429,2019-12-13,1,1,12,1,3,2,5107
712,0.5,0.8333333333333334,-0.71249487083731,0.07940608611656051,-0.5062291545293343,2019-12-14,1,1,12,1,3,2,5182
713,0.5,0.8333333333333334,-0.5495013762292703,0.11513811022853038,-0.7594047894655164,2019-12-15,1,1,12,1,0,2,4280
714,0.5,0.8333333333333334,-0.4331143353757775,1.0124073498391462,-0.8164733597746971,2019-12-16,1,1,12,1,0,1,3248
715,0.5,0.8333333333333334,-0.31670147581570984,1.3379642036582442,-0.841748182898255,2019-12-17,1,1,12,1,1,1,4373
716,0.5,0.8333333333333334,-0.28642719816318357,0.1905707952638393,0.4114167669454119,2019-12-18,1,1,12,1,2,2,5124
717,0.5,0.8333333333333334,-0.5355629630654182,-0.0039686368113695135,0.03171946035194649,2019-12-19,1,1,12,1,3,2,4934
718,0.5,0.8333333333333334,-0.5611788083744819,0.19851283315646007,-0.493671626754454,2019-12-20,1,1,12,1,3,1,3814
719,0.5,0.8333333333333334,-0.6845553419364954,-0.3315121911710933,1.9681736887229022,2019-12-21,0,1,12,1,3,1,3402
720,0.5,0.8333333333333334,-0.9267126792901702,-0.8813899280952567,2.3036143597467125,2019-12-22,0,1,12,1,0,2,1544
721,0.5,0.8333333333333334,-0.8405593438360145,-0.5280383237869276,-0.4873623340312565,2019-12-23,0,1,12,1,0,2,1379
722,0.5,0.8333333333333334,-0.8426654126152046,0.786361801036943,-1.055733951372653,2019-12-24,0,1,12,1,1,1,746
723,0.5,0.8333333333333334,-0.7114879412808846,0.5170805030592569,-0.12464923639749573,2019-12-25,0,1,12,0,2,1,573
724,0.5,0.8333333333333334,-0.9849154206835504,0.9389566010745807,1.3796082641558394,2019-12-26,0,1,12,1,3,0,432
725,0.5,0.8333333333333334,-0.9616453892861591,0.12704878493252034,1.7213989330171904,2019-12-27,0,1,12,1,3,1,1867
726,0.5,0.8333333333333334,-0.8568804547780746,-0.17270478320785435,-0.2595358090523088,2019-12-28,0,1,12,1,3,1,2451
727,0.5,0.8333333333333334,-0.9035237923991575,0.6034757730921185,-0.5758959577277388,2019-12-29,0,1,12,1,0,1,1182
728,0.5,0.8333333333333334,-0.9429895295923874,-0.680895158668053,1.7277184020189735,2019-12-30,0,1,12,1,0,2,1432
729,0.5,0.8333333333333334,-0.9732822491781815,-0.23225815672780414,-0.2658959831684352,2019-12-31,0,1,12,1,1,1,2290
